{
  "experiment.build_model": {
    "count": 3,
    "mean_seconds": 8.03920750816663e-05,
    "total_seconds": 0.00024117622524499893
  },
  "experiment.build_trainer": {
    "count": 3,
    "mean_seconds": 1.2257757286230724e-06,
    "total_seconds": 3.677327185869217e-06
  },
  "experiment.final_test_evaluate": {
    "count": 3,
    "mean_seconds": 0.39122087182477117,
    "total_seconds": 1.1736626154743135
  },
  "experiment.final_train_evaluate": {
    "count": 3,
    "mean_seconds": 0.03920218643421928,
    "total_seconds": 0.11760655930265784
  },
  "experiment.prepare_output_dir": {
    "count": 3,
    "mean_seconds": 0.0009805552350978057,
    "total_seconds": 0.002941665705293417
  },
  "experiment.test_predict": {
    "count": 3,
    "mean_seconds": 0.7792365375595788,
    "total_seconds": 2.3377096126787364
  },
  "experiment.train_fit": {
    "count": 3,
    "mean_seconds": 83.12492345428716,
    "total_seconds": 249.37477036286145
  },
  "experiment.train_predict": {
    "count": 3,
    "mean_seconds": 0.07830732362344861,
    "total_seconds": 0.23492197087034583
  },
  "experiment.write_artifacts": {
    "count": 3,
    "mean_seconds": 0.006596301992734273,
    "total_seconds": 0.01978890597820282
  },
  "io.load_dataset_bundle": {
    "count": 1,
    "mean_seconds": 0.014258904848247766,
    "total_seconds": 0.014258904848247766
  },
  "io.save_dataset_bundle": {
    "count": 1,
    "mean_seconds": 0.015113486908376217,
    "total_seconds": 0.015113486908376217
  },
  "paper.aggregate_train_size": {
    "count": 1,
    "mean_seconds": 0.011102926917374134,
    "total_seconds": 0.011102926917374134
  },
  "paper.cache.dataset_load": {
    "count": 1,
    "mean_seconds": 0.01426536776125431,
    "total_seconds": 0.01426536776125431
  },
  "paper.dataset.acquire": {
    "count": 1,
    "mean_seconds": 0.014752795919775963,
    "total_seconds": 0.014752795919775963
  },
  "paper.dataset.save_output_copy": {
    "count": 1,
    "mean_seconds": 0.015120469033718109,
    "total_seconds": 0.015120469033718109
  },
  "paper.output.prepare_root": {
    "count": 1,
    "mean_seconds": 0.0012292182072997093,
    "total_seconds": 0.0012292182072997093
  },
  "paper.run_single_experiment": {
    "count": 3,
    "mean_seconds": 84.43240044064198,
    "total_seconds": 253.29720132192597
  },
  "paper.write_config": {
    "count": 1,
    "mean_seconds": 0.0015632682479918003,
    "total_seconds": 0.0015632682479918003
  },
  "paper.write_runs_json": {
    "count": 1,
    "mean_seconds": 0.0013047689571976662,
    "total_seconds": 0.0013047689571976662
  },
  "paper.write_summary_csv": {
    "count": 1,
    "mean_seconds": 0.0013813232071697712,
    "total_seconds": 0.0013813232071697712
  },
  "paper.write_summary_json": {
    "count": 1,
    "mean_seconds": 0.0013773860409855843,
    "total_seconds": 0.0013773860409855843
  },
  "train.backward_gradient": {
    "count": 11250,
    "mean_seconds": 0.012754052703165345,
    "total_seconds": 143.48309291061014
  },
  "train.epoch_evaluate": {
    "count": 2250,
    "mean_seconds": 0.0389439615358909,
    "total_seconds": 87.62391345575452
  },
  "train.forward_loss": {
    "count": 2259,
    "mean_seconds": 1.3420835298977895e-05,
    "total_seconds": 0.030317666940391064
  },
  "train.forward_predict": {
    "count": 2259,
    "mean_seconds": 0.03938088447000665,
    "total_seconds": 88.96141801774502
  },
  "train.initial_evaluate": {
    "count": 3,
    "mean_seconds": 0.04842191034307083,
    "total_seconds": 0.14526573102921247
  },
  "train.optimizer_step": {
    "count": 11250,
    "mean_seconds": 2.040775136815177e-05,
    "total_seconds": 0.22958720289170742
  },
  "train.threshold_update": {
    "count": 2250,
    "mean_seconds": 0.007842966721496649,
    "total_seconds": 17.64667512336746
  }
}
