{
  "classification_threshold": 0.40099141963630147,
  "epochs": 50,
  "experiment_name": "calibration_su2_qcnn_n12_train12_epochs50_seed0",
  "job_index": 123,
  "model_family": "su2_qcnn",
  "num_qubits": 12,
  "output_dir": "/scratch/users/jdehoney/eqnn_thesis/data/comparisons/eqnn_vs_hea_50ep_20247287/su2_qcnn/n12/train_size_12/epochs_50/seed_0",
  "runtime_seconds": 76530.35614752583,
  "seed": 0,
  "test_accuracy": 0.88,
  "test_loss": 0.15660761573485277,
  "train_accuracy": 0.9166666666666666,
  "train_loss": 0.15308836083195207,
  "train_size": 12
}
