{
  "experiment.build_model": {
    "count": 3,
    "mean_seconds": 0.00015862627575794855,
    "total_seconds": 0.00047587882727384567
  },
  "experiment.build_trainer": {
    "count": 3,
    "mean_seconds": 2.065363029638926e-06,
    "total_seconds": 6.1960890889167786e-06
  },
  "experiment.final_test_evaluate": {
    "count": 3,
    "mean_seconds": 8.089969244785607,
    "total_seconds": 24.26990773435682
  },
  "experiment.final_train_evaluate": {
    "count": 3,
    "mean_seconds": 0.806518602805833,
    "total_seconds": 2.419555808417499
  },
  "experiment.prepare_output_dir": {
    "count": 3,
    "mean_seconds": 0.0027967641750971475,
    "total_seconds": 0.008390292525291443
  },
  "experiment.test_predict": {
    "count": 3,
    "mean_seconds": 5.404024311651786,
    "total_seconds": 16.21207293495536
  },
  "experiment.train_fit": {
    "count": 3,
    "mean_seconds": 1012.1868999637663,
    "total_seconds": 3036.560699891299
  },
  "experiment.train_predict": {
    "count": 3,
    "mean_seconds": 0.5391104112689694,
    "total_seconds": 1.6173312338069081
  },
  "experiment.write_artifacts": {
    "count": 3,
    "mean_seconds": 0.008192055858671665,
    "total_seconds": 0.024576167576014996
  },
  "io.save_dataset_bundle": {
    "count": 2,
    "mean_seconds": 0.030797163490206003,
    "total_seconds": 0.061594326980412006
  },
  "paper.aggregate_train_size": {
    "count": 1,
    "mean_seconds": 0.019388620741665363,
    "total_seconds": 0.019388620741665363
  },
  "paper.cache.dataset_generate": {
    "count": 1,
    "mean_seconds": 0.9150381656363606,
    "total_seconds": 0.9150381656363606
  },
  "paper.cache.dataset_save": {
    "count": 1,
    "mean_seconds": 0.032277895137667656,
    "total_seconds": 0.032277895137667656
  },
  "paper.dataset.acquire": {
    "count": 1,
    "mean_seconds": 0.9481369871646166,
    "total_seconds": 0.9481369871646166
  },
  "paper.dataset.diagnostics": {
    "count": 110,
    "mean_seconds": 0.0038214535960419613,
    "total_seconds": 0.4203598955646157
  },
  "paper.dataset.ground_state": {
    "count": 110,
    "mean_seconds": 0.004403477720916271,
    "total_seconds": 0.48438254930078983
  },
  "paper.dataset.ratio_grid": {
    "count": 1,
    "mean_seconds": 0.006724425591528416,
    "total_seconds": 0.006724425591528416
  },
  "paper.dataset.save_output_copy": {
    "count": 1,
    "mean_seconds": 0.029352477751672268,
    "total_seconds": 0.029352477751672268
  },
  "paper.dataset.test_split": {
    "count": 1,
    "mean_seconds": 0.7067219382151961,
    "total_seconds": 0.7067219382151961
  },
  "paper.dataset.total": {
    "count": 1,
    "mean_seconds": 0.9150233389809728,
    "total_seconds": 0.9150233389809728
  },
  "paper.dataset.train_split": {
    "count": 1,
    "mean_seconds": 0.20076152216643095,
    "total_seconds": 0.20076152216643095
  },
  "paper.output.prepare_root": {
    "count": 1,
    "mean_seconds": 0.0018936209380626678,
    "total_seconds": 0.0018936209380626678
  },
  "paper.run_single_experiment": {
    "count": 3,
    "mean_seconds": 1027.0573817892,
    "total_seconds": 3081.1721453676
  },
  "paper.write_config": {
    "count": 1,
    "mean_seconds": 0.002353477291762829,
    "total_seconds": 0.002353477291762829
  },
  "paper.write_runs_json": {
    "count": 1,
    "mean_seconds": 0.0021128440275788307,
    "total_seconds": 0.0021128440275788307
  },
  "paper.write_summary_csv": {
    "count": 1,
    "mean_seconds": 0.0022870060056447983,
    "total_seconds": 0.0022870060056447983
  },
  "paper.write_summary_json": {
    "count": 1,
    "mean_seconds": 0.002450656145811081,
    "total_seconds": 0.002450656145811081
  },
  "train.backward_gradient": {
    "count": 11250,
    "mean_seconds": 0.09576283677121003,
    "total_seconds": 1077.331913676113
  },
  "train.epoch_evaluate": {
    "count": 2250,
    "mean_seconds": 0.8135202930441333,
    "total_seconds": 1830.4206593493
  },
  "train.forward_loss": {
    "count": 2259,
    "mean_seconds": 0.27283845580669036,
    "total_seconds": 616.3420716673136
  },
  "train.forward_predict": {
    "count": 2259,
    "mean_seconds": 0.27613317928614606,
    "total_seconds": 623.784852007404
  },
  "train.forward_predict_labels": {
    "count": 2259,
    "mean_seconds": 0.2741377272978326,
    "total_seconds": 619.2771259658039
  },
  "train.initial_evaluate": {
    "count": 3,
    "mean_seconds": 0.8201999974747499,
    "total_seconds": 2.4605999924242496
  },
  "train.optimizer_step": {
    "count": 11250,
    "mean_seconds": 4.621606038676368e-05,
    "total_seconds": 0.5199306793510914
  },
  "train.threshold_update": {
    "count": 2250,
    "mean_seconds": 0.0556361909289327,
    "total_seconds": 125.18142959009856
  }
}
