job_root,sweep_root,backend_name,model_family,num_qubits,train_size,epochs,random_seed,noise_model_name,noise_strength,run_dir,metrics_path,status,train_loss,test_loss,train_accuracy,test_accuracy,best_epoch,epochs_completed,converged,classification_threshold,build_time_sec,forward_time_sec,gradient_time_sec,train_time_sec,total_time_sec
/scratch/users/jdehoney/eqnn_thesis/data/noisy_comparisons/qiskit_mixed_odd_21032705,/scratch/users/jdehoney/eqnn_thesis/data/noisy_comparisons/qiskit_mixed_odd_21032705/noise_coherent_overrotation_n5,qiskit_mixed,hea_qcnn,5,4,10,0,coherent_overrotation,0.0,/scratch/users/jdehoney/eqnn_thesis/data/noisy_comparisons/qiskit_mixed_odd_21032705/noise_coherent_overrotation_n5/qiskit_mixed/hea_qcnn/n5/train_size_4/epochs_10/noise_coherent_overrotation_0/seed_0,/scratch/users/jdehoney/eqnn_thesis/data/noisy_comparisons/qiskit_mixed_odd_21032705/noise_coherent_overrotation_n5/qiskit_mixed/hea_qcnn/n5/train_size_4/epochs_10/noise_coherent_overrotation_0/seed_0/metrics.json,completed,,,,,,,,0.530993212461454,,,,,
/scratch/users/jdehoney/eqnn_thesis/data/noisy_comparisons/qiskit_mixed_odd_21032705,/scratch/users/jdehoney/eqnn_thesis/data/noisy_comparisons/qiskit_mixed_odd_21032705/noise_coherent_overrotation_n5,qiskit_mixed,hea_qcnn,5,4,10,1,coherent_overrotation,0.0,/scratch/users/jdehoney/eqnn_thesis/data/noisy_comparisons/qiskit_mixed_odd_21032705/noise_coherent_overrotation_n5/qiskit_mixed/hea_qcnn/n5/train_size_4/epochs_10/noise_coherent_overrotation_0/seed_1,/scratch/users/jdehoney/eqnn_thesis/data/noisy_comparisons/qiskit_mixed_odd_21032705/noise_coherent_overrotation_n5/qiskit_mixed/hea_qcnn/n5/train_size_4/epochs_10/noise_coherent_overrotation_0/seed_1/metrics.json,completed,,,,,,,,0.5444400377728021,,,,,
/scratch/users/jdehoney/eqnn_thesis/data/noisy_comparisons/qiskit_mixed_odd_21032705,/scratch/users/jdehoney/eqnn_thesis/data/noisy_comparisons/qiskit_mixed_odd_21032705/noise_coherent_overrotation_n5,qiskit_mixed,hea_qcnn,5,4,10,2,coherent_overrotation,0.0,/scratch/users/jdehoney/eqnn_thesis/data/noisy_comparisons/qiskit_mixed_odd_21032705/noise_coherent_overrotation_n5/qiskit_mixed/hea_qcnn/n5/train_size_4/epochs_10/noise_coherent_overrotation_0/seed_2,/scratch/users/jdehoney/eqnn_thesis/data/noisy_comparisons/qiskit_mixed_odd_21032705/noise_coherent_overrotation_n5/qiskit_mixed/hea_qcnn/n5/train_size_4/epochs_10/noise_coherent_overrotation_0/seed_2/metrics.json,completed,,,,,,,,0.546942465782945,,,,,
/scratch/users/jdehoney/eqnn_thesis/data/noisy_comparisons/qiskit_mixed_odd_21032705,/scratch/users/jdehoney/eqnn_thesis/data/noisy_comparisons/qiskit_mixed_odd_21032705/noise_coherent_overrotation_n5,qiskit_mixed,hea_qcnn,5,4,10,0,coherent_overrotation,0.001,/scratch/users/jdehoney/eqnn_thesis/data/noisy_comparisons/qiskit_mixed_odd_21032705/noise_coherent_overrotation_n5/qiskit_mixed/hea_qcnn/n5/train_size_4/epochs_10/noise_coherent_overrotation_0p001/seed_0,/scratch/users/jdehoney/eqnn_thesis/data/noisy_comparisons/qiskit_mixed_odd_21032705/noise_coherent_overrotation_n5/qiskit_mixed/hea_qcnn/n5/train_size_4/epochs_10/noise_coherent_overrotation_0p001/seed_0/metrics.json,completed,,,,,,,,0.5310070590533058,,,,,
/scratch/users/jdehoney/eqnn_thesis/data/noisy_comparisons/qiskit_mixed_odd_21032705,/scratch/users/jdehoney/eqnn_thesis/data/noisy_comparisons/qiskit_mixed_odd_21032705/noise_coherent_overrotation_n5,qiskit_mixed,hea_qcnn,5,4,10,1,coherent_overrotation,0.001,/scratch/users/jdehoney/eqnn_thesis/data/noisy_comparisons/qiskit_mixed_odd_21032705/noise_coherent_overrotation_n5/qiskit_mixed/hea_qcnn/n5/train_size_4/epochs_10/noise_coherent_overrotation_0p001/seed_1,/scratch/users/jdehoney/eqnn_thesis/data/noisy_comparisons/qiskit_mixed_odd_21032705/noise_coherent_overrotation_n5/qiskit_mixed/hea_qcnn/n5/train_size_4/epochs_10/noise_coherent_overrotation_0p001/seed_1/metrics.json,completed,,,,,,,,0.5444697513587389,,,,,
/scratch/users/jdehoney/eqnn_thesis/data/noisy_comparisons/qiskit_mixed_odd_21032705,/scratch/users/jdehoney/eqnn_thesis/data/noisy_comparisons/qiskit_mixed_odd_21032705/noise_coherent_overrotation_n5,qiskit_mixed,hea_qcnn,5,4,10,2,coherent_overrotation,0.001,/scratch/users/jdehoney/eqnn_thesis/data/noisy_comparisons/qiskit_mixed_odd_21032705/noise_coherent_overrotation_n5/qiskit_mixed/hea_qcnn/n5/train_size_4/epochs_10/noise_coherent_overrotation_0p001/seed_2,/scratch/users/jdehoney/eqnn_thesis/data/noisy_comparisons/qiskit_mixed_odd_21032705/noise_coherent_overrotation_n5/qiskit_mixed/hea_qcnn/n5/train_size_4/epochs_10/noise_coherent_overrotation_0p001/seed_2/metrics.json,completed,,,,,,,,0.5470762977277583,,,,,
/scratch/users/jdehoney/eqnn_thesis/data/noisy_comparisons/qiskit_mixed_odd_21032705,/scratch/users/jdehoney/eqnn_thesis/data/noisy_comparisons/qiskit_mixed_odd_21032705/noise_coherent_overrotation_n5,qiskit_mixed,hea_qcnn,5,4,10,0,coherent_overrotation,0.005,/scratch/users/jdehoney/eqnn_thesis/data/noisy_comparisons/qiskit_mixed_odd_21032705/noise_coherent_overrotation_n5/qiskit_mixed/hea_qcnn/n5/train_size_4/epochs_10/noise_coherent_overrotation_0p005/seed_0,/scratch/users/jdehoney/eqnn_thesis/data/noisy_comparisons/qiskit_mixed_odd_21032705/noise_coherent_overrotation_n5/qiskit_mixed/hea_qcnn/n5/train_size_4/epochs_10/noise_coherent_overrotation_0p005/seed_0/metrics.json,completed,,,,,,,,0.5310095568181271,,,,,
/scratch/users/jdehoney/eqnn_thesis/data/noisy_comparisons/qiskit_mixed_odd_21032705,/scratch/users/jdehoney/eqnn_thesis/data/noisy_comparisons/qiskit_mixed_odd_21032705/noise_coherent_overrotation_n5,qiskit_mixed,hea_qcnn,5,4,10,1,coherent_overrotation,0.005,/scratch/users/jdehoney/eqnn_thesis/data/noisy_comparisons/qiskit_mixed_odd_21032705/noise_coherent_overrotation_n5/qiskit_mixed/hea_qcnn/n5/train_size_4/epochs_10/noise_coherent_overrotation_0p005/seed_1,/scratch/users/jdehoney/eqnn_thesis/data/noisy_comparisons/qiskit_mixed_odd_21032705/noise_coherent_overrotation_n5/qiskit_mixed/hea_qcnn/n5/train_size_4/epochs_10/noise_coherent_overrotation_0p005/seed_1/metrics.json,completed,,,,,,,,0.5445901885697932,,,,,
/scratch/users/jdehoney/eqnn_thesis/data/noisy_comparisons/qiskit_mixed_odd_21032705,/scratch/users/jdehoney/eqnn_thesis/data/noisy_comparisons/qiskit_mixed_odd_21032705/noise_coherent_overrotation_n5,qiskit_mixed,hea_qcnn,5,4,10,2,coherent_overrotation,0.005,/scratch/users/jdehoney/eqnn_thesis/data/noisy_comparisons/qiskit_mixed_odd_21032705/noise_coherent_overrotation_n5/qiskit_mixed/hea_qcnn/n5/train_size_4/epochs_10/noise_coherent_overrotation_0p005/seed_2,/scratch/users/jdehoney/eqnn_thesis/data/noisy_comparisons/qiskit_mixed_odd_21032705/noise_coherent_overrotation_n5/qiskit_mixed/hea_qcnn/n5/train_size_4/epochs_10/noise_coherent_overrotation_0p005/seed_2/metrics.json,completed,,,,,,,,0.5476109694842839,,,,,
/scratch/users/jdehoney/eqnn_thesis/data/noisy_comparisons/qiskit_mixed_odd_21032705,/scratch/users/jdehoney/eqnn_thesis/data/noisy_comparisons/qiskit_mixed_odd_21032705/noise_coherent_overrotation_n5,qiskit_mixed,hea_qcnn,5,4,10,0,coherent_overrotation,0.01,/scratch/users/jdehoney/eqnn_thesis/data/noisy_comparisons/qiskit_mixed_odd_21032705/noise_coherent_overrotation_n5/qiskit_mixed/hea_qcnn/n5/train_size_4/epochs_10/noise_coherent_overrotation_0p01/seed_0,/scratch/users/jdehoney/eqnn_thesis/data/noisy_comparisons/qiskit_mixed_odd_21032705/noise_coherent_overrotation_n5/qiskit_mixed/hea_qcnn/n5/train_size_4/epochs_10/noise_coherent_overrotation_0p01/seed_0/metrics.json,completed,,,,,,,,0.5309568832433705,,,,,
/scratch/users/jdehoney/eqnn_thesis/data/noisy_comparisons/qiskit_mixed_odd_21032705,/scratch/users/jdehoney/eqnn_thesis/data/noisy_comparisons/qiskit_mixed_odd_21032705/noise_coherent_overrotation_n5,qiskit_mixed,hea_qcnn,5,4,10,1,coherent_overrotation,0.01,/scratch/users/jdehoney/eqnn_thesis/data/noisy_comparisons/qiskit_mixed_odd_21032705/noise_coherent_overrotation_n5/qiskit_mixed/hea_qcnn/n5/train_size_4/epochs_10/noise_coherent_overrotation_0p01/seed_1,/scratch/users/jdehoney/eqnn_thesis/data/noisy_comparisons/qiskit_mixed_odd_21032705/noise_coherent_overrotation_n5/qiskit_mixed/hea_qcnn/n5/train_size_4/epochs_10/noise_coherent_overrotation_0p01/seed_1/metrics.json,completed,,,,,,,,0.5447429215083369,,,,,
/scratch/users/jdehoney/eqnn_thesis/data/noisy_comparisons/qiskit_mixed_odd_21032705,/scratch/users/jdehoney/eqnn_thesis/data/noisy_comparisons/qiskit_mixed_odd_21032705/noise_coherent_overrotation_n5,qiskit_mixed,hea_qcnn,5,4,10,2,coherent_overrotation,0.01,/scratch/users/jdehoney/eqnn_thesis/data/noisy_comparisons/qiskit_mixed_odd_21032705/noise_coherent_overrotation_n5/qiskit_mixed/hea_qcnn/n5/train_size_4/epochs_10/noise_coherent_overrotation_0p01/seed_2,/scratch/users/jdehoney/eqnn_thesis/data/noisy_comparisons/qiskit_mixed_odd_21032705/noise_coherent_overrotation_n5/qiskit_mixed/hea_qcnn/n5/train_size_4/epochs_10/noise_coherent_overrotation_0p01/seed_2/metrics.json,completed,,,,,,,,0.5482742642209799,,,,,
/scratch/users/jdehoney/eqnn_thesis/data/noisy_comparisons/qiskit_mixed_odd_21032705,/scratch/users/jdehoney/eqnn_thesis/data/noisy_comparisons/qiskit_mixed_odd_21032705/noise_coherent_overrotation_n5,qiskit_mixed,hea_qcnn,5,4,10,0,coherent_overrotation,0.05,/scratch/users/jdehoney/eqnn_thesis/data/noisy_comparisons/qiskit_mixed_odd_21032705/noise_coherent_overrotation_n5/qiskit_mixed/hea_qcnn/n5/train_size_4/epochs_10/noise_coherent_overrotation_0p05/seed_0,/scratch/users/jdehoney/eqnn_thesis/data/noisy_comparisons/qiskit_mixed_odd_21032705/noise_coherent_overrotation_n5/qiskit_mixed/hea_qcnn/n5/train_size_4/epochs_10/noise_coherent_overrotation_0p05/seed_0/metrics.json,completed,,,,,,,,0.5342417891697469,,,,,
/scratch/users/jdehoney/eqnn_thesis/data/noisy_comparisons/qiskit_mixed_odd_21032705,/scratch/users/jdehoney/eqnn_thesis/data/noisy_comparisons/qiskit_mixed_odd_21032705/noise_coherent_overrotation_n5,qiskit_mixed,hea_qcnn,5,4,10,1,coherent_overrotation,0.05,/scratch/users/jdehoney/eqnn_thesis/data/noisy_comparisons/qiskit_mixed_odd_21032705/noise_coherent_overrotation_n5/qiskit_mixed/hea_qcnn/n5/train_size_4/epochs_10/noise_coherent_overrotation_0p05/seed_1,/scratch/users/jdehoney/eqnn_thesis/data/noisy_comparisons/qiskit_mixed_odd_21032705/noise_coherent_overrotation_n5/qiskit_mixed/hea_qcnn/n5/train_size_4/epochs_10/noise_coherent_overrotation_0p05/seed_1/metrics.json,completed,,,,,,,,0.5202814071044517,,,,,
/scratch/users/jdehoney/eqnn_thesis/data/noisy_comparisons/qiskit_mixed_odd_21032705,/scratch/users/jdehoney/eqnn_thesis/data/noisy_comparisons/qiskit_mixed_odd_21032705/noise_coherent_overrotation_n5,qiskit_mixed,hea_qcnn,5,4,10,2,coherent_overrotation,0.05,/scratch/users/jdehoney/eqnn_thesis/data/noisy_comparisons/qiskit_mixed_odd_21032705/noise_coherent_overrotation_n5/qiskit_mixed/hea_qcnn/n5/train_size_4/epochs_10/noise_coherent_overrotation_0p05/seed_2,/scratch/users/jdehoney/eqnn_thesis/data/noisy_comparisons/qiskit_mixed_odd_21032705/noise_coherent_overrotation_n5/qiskit_mixed/hea_qcnn/n5/train_size_4/epochs_10/noise_coherent_overrotation_0p05/seed_2/metrics.json,completed,,,,,,,,0.5531299823405912,,,,,
/scratch/users/jdehoney/eqnn_thesis/data/noisy_comparisons/qiskit_mixed_odd_21032705,/scratch/users/jdehoney/eqnn_thesis/data/noisy_comparisons/qiskit_mixed_odd_21032705/noise_coherent_overrotation_n5,qiskit_mixed,hea_qcnn,5,4,10,0,coherent_overrotation,0.1,/scratch/users/jdehoney/eqnn_thesis/data/noisy_comparisons/qiskit_mixed_odd_21032705/noise_coherent_overrotation_n5/qiskit_mixed/hea_qcnn/n5/train_size_4/epochs_10/noise_coherent_overrotation_0p1/seed_0,/scratch/users/jdehoney/eqnn_thesis/data/noisy_comparisons/qiskit_mixed_odd_21032705/noise_coherent_overrotation_n5/qiskit_mixed/hea_qcnn/n5/train_size_4/epochs_10/noise_coherent_overrotation_0p1/seed_0/metrics.json,completed,,,,,,,,0.5373682462264769,,,,,
/scratch/users/jdehoney/eqnn_thesis/data/noisy_comparisons/qiskit_mixed_odd_21032705,/scratch/users/jdehoney/eqnn_thesis/data/noisy_comparisons/qiskit_mixed_odd_21032705/noise_coherent_overrotation_n5,qiskit_mixed,hea_qcnn,5,4,10,1,coherent_overrotation,0.1,/scratch/users/jdehoney/eqnn_thesis/data/noisy_comparisons/qiskit_mixed_odd_21032705/noise_coherent_overrotation_n5/qiskit_mixed/hea_qcnn/n5/train_size_4/epochs_10/noise_coherent_overrotation_0p1/seed_1,/scratch/users/jdehoney/eqnn_thesis/data/noisy_comparisons/qiskit_mixed_odd_21032705/noise_coherent_overrotation_n5/qiskit_mixed/hea_qcnn/n5/train_size_4/epochs_10/noise_coherent_overrotation_0p1/seed_1/metrics.json,completed,,,,,,,,0.5237467464595508,,,,,
/scratch/users/jdehoney/eqnn_thesis/data/noisy_comparisons/qiskit_mixed_odd_21032705,/scratch/users/jdehoney/eqnn_thesis/data/noisy_comparisons/qiskit_mixed_odd_21032705/noise_coherent_overrotation_n5,qiskit_mixed,hea_qcnn,5,4,10,2,coherent_overrotation,0.1,/scratch/users/jdehoney/eqnn_thesis/data/noisy_comparisons/qiskit_mixed_odd_21032705/noise_coherent_overrotation_n5/qiskit_mixed/hea_qcnn/n5/train_size_4/epochs_10/noise_coherent_overrotation_0p1/seed_2,/scratch/users/jdehoney/eqnn_thesis/data/noisy_comparisons/qiskit_mixed_odd_21032705/noise_coherent_overrotation_n5/qiskit_mixed/hea_qcnn/n5/train_size_4/epochs_10/noise_coherent_overrotation_0p1/seed_2/metrics.json,completed,,,,,,,,0.5580108034724961,,,,,
/scratch/users/jdehoney/eqnn_thesis/data/noisy_comparisons/qiskit_mixed_odd_21032705,/scratch/users/jdehoney/eqnn_thesis/data/noisy_comparisons/qiskit_mixed_odd_21032705/noise_coherent_overrotation_n5,qiskit_mixed,hea_qcnn,5,8,10,0,coherent_overrotation,0.0,/scratch/users/jdehoney/eqnn_thesis/data/noisy_comparisons/qiskit_mixed_odd_21032705/noise_coherent_overrotation_n5/qiskit_mixed/hea_qcnn/n5/train_size_8/epochs_10/noise_coherent_overrotation_0/seed_0,/scratch/users/jdehoney/eqnn_thesis/data/noisy_comparisons/qiskit_mixed_odd_21032705/noise_coherent_overrotation_n5/qiskit_mixed/hea_qcnn/n5/train_size_8/epochs_10/noise_coherent_overrotation_0/seed_0/metrics.json,completed,,,,,,,,0.49138310707440513,,,,,
/scratch/users/jdehoney/eqnn_thesis/data/noisy_comparisons/qiskit_mixed_odd_21032705,/scratch/users/jdehoney/eqnn_thesis/data/noisy_comparisons/qiskit_mixed_odd_21032705/noise_coherent_overrotation_n5,qiskit_mixed,hea_qcnn,5,8,10,1,coherent_overrotation,0.0,/scratch/users/jdehoney/eqnn_thesis/data/noisy_comparisons/qiskit_mixed_odd_21032705/noise_coherent_overrotation_n5/qiskit_mixed/hea_qcnn/n5/train_size_8/epochs_10/noise_coherent_overrotation_0/seed_1,/scratch/users/jdehoney/eqnn_thesis/data/noisy_comparisons/qiskit_mixed_odd_21032705/noise_coherent_overrotation_n5/qiskit_mixed/hea_qcnn/n5/train_size_8/epochs_10/noise_coherent_overrotation_0/seed_1/metrics.json,completed,,,,,,,,0.5333872779343003,,,,,
/scratch/users/jdehoney/eqnn_thesis/data/noisy_comparisons/qiskit_mixed_odd_21032705,/scratch/users/jdehoney/eqnn_thesis/data/noisy_comparisons/qiskit_mixed_odd_21032705/noise_coherent_overrotation_n5,qiskit_mixed,hea_qcnn,5,8,10,2,coherent_overrotation,0.0,/scratch/users/jdehoney/eqnn_thesis/data/noisy_comparisons/qiskit_mixed_odd_21032705/noise_coherent_overrotation_n5/qiskit_mixed/hea_qcnn/n5/train_size_8/epochs_10/noise_coherent_overrotation_0/seed_2,/scratch/users/jdehoney/eqnn_thesis/data/noisy_comparisons/qiskit_mixed_odd_21032705/noise_coherent_overrotation_n5/qiskit_mixed/hea_qcnn/n5/train_size_8/epochs_10/noise_coherent_overrotation_0/seed_2/metrics.json,completed,,,,,,,,0.5281651985724434,,,,,
/scratch/users/jdehoney/eqnn_thesis/data/noisy_comparisons/qiskit_mixed_odd_21032705,/scratch/users/jdehoney/eqnn_thesis/data/noisy_comparisons/qiskit_mixed_odd_21032705/noise_coherent_overrotation_n5,qiskit_mixed,hea_qcnn,5,8,10,0,coherent_overrotation,0.001,/scratch/users/jdehoney/eqnn_thesis/data/noisy_comparisons/qiskit_mixed_odd_21032705/noise_coherent_overrotation_n5/qiskit_mixed/hea_qcnn/n5/train_size_8/epochs_10/noise_coherent_overrotation_0p001/seed_0,/scratch/users/jdehoney/eqnn_thesis/data/noisy_comparisons/qiskit_mixed_odd_21032705/noise_coherent_overrotation_n5/qiskit_mixed/hea_qcnn/n5/train_size_8/epochs_10/noise_coherent_overrotation_0p001/seed_0/metrics.json,completed,,,,,,,,0.4913446410605702,,,,,
/scratch/users/jdehoney/eqnn_thesis/data/noisy_comparisons/qiskit_mixed_odd_21032705,/scratch/users/jdehoney/eqnn_thesis/data/noisy_comparisons/qiskit_mixed_odd_21032705/noise_coherent_overrotation_n5,qiskit_mixed,hea_qcnn,5,8,10,1,coherent_overrotation,0.001,/scratch/users/jdehoney/eqnn_thesis/data/noisy_comparisons/qiskit_mixed_odd_21032705/noise_coherent_overrotation_n5/qiskit_mixed/hea_qcnn/n5/train_size_8/epochs_10/noise_coherent_overrotation_0p001/seed_1,/scratch/users/jdehoney/eqnn_thesis/data/noisy_comparisons/qiskit_mixed_odd_21032705/noise_coherent_overrotation_n5/qiskit_mixed/hea_qcnn/n5/train_size_8/epochs_10/noise_coherent_overrotation_0p001/seed_1/metrics.json,completed,,,,,,,,0.5333005525720336,,,,,
/scratch/users/jdehoney/eqnn_thesis/data/noisy_comparisons/qiskit_mixed_odd_21032705,/scratch/users/jdehoney/eqnn_thesis/data/noisy_comparisons/qiskit_mixed_odd_21032705/noise_coherent_overrotation_n5,qiskit_mixed,hea_qcnn,5,8,10,2,coherent_overrotation,0.001,/scratch/users/jdehoney/eqnn_thesis/data/noisy_comparisons/qiskit_mixed_odd_21032705/noise_coherent_overrotation_n5/qiskit_mixed/hea_qcnn/n5/train_size_8/epochs_10/noise_coherent_overrotation_0p001/seed_2,/scratch/users/jdehoney/eqnn_thesis/data/noisy_comparisons/qiskit_mixed_odd_21032705/noise_coherent_overrotation_n5/qiskit_mixed/hea_qcnn/n5/train_size_8/epochs_10/noise_coherent_overrotation_0p001/seed_2/metrics.json,completed,,,,,,,,0.5300793193741546,,,,,
/scratch/users/jdehoney/eqnn_thesis/data/noisy_comparisons/qiskit_mixed_odd_21032705,/scratch/users/jdehoney/eqnn_thesis/data/noisy_comparisons/qiskit_mixed_odd_21032705/noise_coherent_overrotation_n5,qiskit_mixed,hea_qcnn,5,8,10,0,coherent_overrotation,0.005,/scratch/users/jdehoney/eqnn_thesis/data/noisy_comparisons/qiskit_mixed_odd_21032705/noise_coherent_overrotation_n5/qiskit_mixed/hea_qcnn/n5/train_size_8/epochs_10/noise_coherent_overrotation_0p005/seed_0,/scratch/users/jdehoney/eqnn_thesis/data/noisy_comparisons/qiskit_mixed_odd_21032705/noise_coherent_overrotation_n5/qiskit_mixed/hea_qcnn/n5/train_size_8/epochs_10/noise_coherent_overrotation_0p005/seed_0/metrics.json,completed,,,,,,,,0.494687323621529,,,,,
/scratch/users/jdehoney/eqnn_thesis/data/noisy_comparisons/qiskit_mixed_odd_21032705,/scratch/users/jdehoney/eqnn_thesis/data/noisy_comparisons/qiskit_mixed_odd_21032705/noise_coherent_overrotation_n5,qiskit_mixed,hea_qcnn,5,8,10,1,coherent_overrotation,0.005,/scratch/users/jdehoney/eqnn_thesis/data/noisy_comparisons/qiskit_mixed_odd_21032705/noise_coherent_overrotation_n5/qiskit_mixed/hea_qcnn/n5/train_size_8/epochs_10/noise_coherent_overrotation_0p005/seed_1,/scratch/users/jdehoney/eqnn_thesis/data/noisy_comparisons/qiskit_mixed_odd_21032705/noise_coherent_overrotation_n5/qiskit_mixed/hea_qcnn/n5/train_size_8/epochs_10/noise_coherent_overrotation_0p005/seed_1/metrics.json,completed,,,,,,,,0.5329537075196527,,,,,
/scratch/users/jdehoney/eqnn_thesis/data/noisy_comparisons/qiskit_mixed_odd_21032705,/scratch/users/jdehoney/eqnn_thesis/data/noisy_comparisons/qiskit_mixed_odd_21032705/noise_coherent_overrotation_n5,qiskit_mixed,hea_qcnn,5,8,10,2,coherent_overrotation,0.005,/scratch/users/jdehoney/eqnn_thesis/data/noisy_comparisons/qiskit_mixed_odd_21032705/noise_coherent_overrotation_n5/qiskit_mixed/hea_qcnn/n5/train_size_8/epochs_10/noise_coherent_overrotation_0p005/seed_2,/scratch/users/jdehoney/eqnn_thesis/data/noisy_comparisons/qiskit_mixed_odd_21032705/noise_coherent_overrotation_n5/qiskit_mixed/hea_qcnn/n5/train_size_8/epochs_10/noise_coherent_overrotation_0p005/seed_2/metrics.json,completed,,,,,,,,0.5360160001847003,,,,,
/scratch/users/jdehoney/eqnn_thesis/data/noisy_comparisons/qiskit_mixed_odd_21032705,/scratch/users/jdehoney/eqnn_thesis/data/noisy_comparisons/qiskit_mixed_odd_21032705/noise_coherent_overrotation_n5,qiskit_mixed,hea_qcnn,5,8,10,0,coherent_overrotation,0.01,/scratch/users/jdehoney/eqnn_thesis/data/noisy_comparisons/qiskit_mixed_odd_21032705/noise_coherent_overrotation_n5/qiskit_mixed/hea_qcnn/n5/train_size_8/epochs_10/noise_coherent_overrotation_0p01/seed_0,/scratch/users/jdehoney/eqnn_thesis/data/noisy_comparisons/qiskit_mixed_odd_21032705/noise_coherent_overrotation_n5/qiskit_mixed/hea_qcnn/n5/train_size_8/epochs_10/noise_coherent_overrotation_0p01/seed_0/metrics.json,completed,,,,,,,,0.49461711351948834,,,,,
/scratch/users/jdehoney/eqnn_thesis/data/noisy_comparisons/qiskit_mixed_odd_21032705,/scratch/users/jdehoney/eqnn_thesis/data/noisy_comparisons/qiskit_mixed_odd_21032705/noise_coherent_overrotation_n5,qiskit_mixed,hea_qcnn,5,8,10,1,coherent_overrotation,0.01,/scratch/users/jdehoney/eqnn_thesis/data/noisy_comparisons/qiskit_mixed_odd_21032705/noise_coherent_overrotation_n5/qiskit_mixed/hea_qcnn/n5/train_size_8/epochs_10/noise_coherent_overrotation_0p01/seed_1,/scratch/users/jdehoney/eqnn_thesis/data/noisy_comparisons/qiskit_mixed_odd_21032705/noise_coherent_overrotation_n5/qiskit_mixed/hea_qcnn/n5/train_size_8/epochs_10/noise_coherent_overrotation_0p01/seed_1/metrics.json,completed,,,,,,,,0.5325221911483378,,,,,
/scratch/users/jdehoney/eqnn_thesis/data/noisy_comparisons/qiskit_mixed_odd_21032705,/scratch/users/jdehoney/eqnn_thesis/data/noisy_comparisons/qiskit_mixed_odd_21032705/noise_coherent_overrotation_n5,qiskit_mixed,hea_qcnn,5,8,10,2,coherent_overrotation,0.01,/scratch/users/jdehoney/eqnn_thesis/data/noisy_comparisons/qiskit_mixed_odd_21032705/noise_coherent_overrotation_n5/qiskit_mixed/hea_qcnn/n5/train_size_8/epochs_10/noise_coherent_overrotation_0p01/seed_2,/scratch/users/jdehoney/eqnn_thesis/data/noisy_comparisons/qiskit_mixed_odd_21032705/noise_coherent_overrotation_n5/qiskit_mixed/hea_qcnn/n5/train_size_8/epochs_10/noise_coherent_overrotation_0p01/seed_2/metrics.json,completed,,,,,,,,0.5380185832320341,,,,,
/scratch/users/jdehoney/eqnn_thesis/data/noisy_comparisons/qiskit_mixed_odd_21032705,/scratch/users/jdehoney/eqnn_thesis/data/noisy_comparisons/qiskit_mixed_odd_21032705/noise_coherent_overrotation_n5,qiskit_mixed,hea_qcnn,5,8,10,0,coherent_overrotation,0.05,/scratch/users/jdehoney/eqnn_thesis/data/noisy_comparisons/qiskit_mixed_odd_21032705/noise_coherent_overrotation_n5/qiskit_mixed/hea_qcnn/n5/train_size_8/epochs_10/noise_coherent_overrotation_0p05/seed_0,/scratch/users/jdehoney/eqnn_thesis/data/noisy_comparisons/qiskit_mixed_odd_21032705/noise_coherent_overrotation_n5/qiskit_mixed/hea_qcnn/n5/train_size_8/epochs_10/noise_coherent_overrotation_0p05/seed_0/metrics.json,completed,,,,,,,,0.48426897053013673,,,,,
/scratch/users/jdehoney/eqnn_thesis/data/noisy_comparisons/qiskit_mixed_odd_21032705,/scratch/users/jdehoney/eqnn_thesis/data/noisy_comparisons/qiskit_mixed_odd_21032705/noise_coherent_overrotation_n5,qiskit_mixed,hea_qcnn,5,8,10,1,coherent_overrotation,0.05,/scratch/users/jdehoney/eqnn_thesis/data/noisy_comparisons/qiskit_mixed_odd_21032705/noise_coherent_overrotation_n5/qiskit_mixed/hea_qcnn/n5/train_size_8/epochs_10/noise_coherent_overrotation_0p05/seed_1,/scratch/users/jdehoney/eqnn_thesis/data/noisy_comparisons/qiskit_mixed_odd_21032705/noise_coherent_overrotation_n5/qiskit_mixed/hea_qcnn/n5/train_size_8/epochs_10/noise_coherent_overrotation_0p05/seed_1/metrics.json,completed,,,,,,,,0.5243871900349663,,,,,
/scratch/users/jdehoney/eqnn_thesis/data/noisy_comparisons/qiskit_mixed_odd_21032705,/scratch/users/jdehoney/eqnn_thesis/data/noisy_comparisons/qiskit_mixed_odd_21032705/noise_coherent_overrotation_n5,qiskit_mixed,hea_qcnn,5,8,10,2,coherent_overrotation,0.05,/scratch/users/jdehoney/eqnn_thesis/data/noisy_comparisons/qiskit_mixed_odd_21032705/noise_coherent_overrotation_n5/qiskit_mixed/hea_qcnn/n5/train_size_8/epochs_10/noise_coherent_overrotation_0p05/seed_2,/scratch/users/jdehoney/eqnn_thesis/data/noisy_comparisons/qiskit_mixed_odd_21032705/noise_coherent_overrotation_n5/qiskit_mixed/hea_qcnn/n5/train_size_8/epochs_10/noise_coherent_overrotation_0p05/seed_2/metrics.json,completed,,,,,,,,0.5470629209306379,,,,,
/scratch/users/jdehoney/eqnn_thesis/data/noisy_comparisons/qiskit_mixed_odd_21032705,/scratch/users/jdehoney/eqnn_thesis/data/noisy_comparisons/qiskit_mixed_odd_21032705/noise_coherent_overrotation_n5,qiskit_mixed,hea_qcnn,5,8,10,0,coherent_overrotation,0.1,/scratch/users/jdehoney/eqnn_thesis/data/noisy_comparisons/qiskit_mixed_odd_21032705/noise_coherent_overrotation_n5/qiskit_mixed/hea_qcnn/n5/train_size_8/epochs_10/noise_coherent_overrotation_0p1/seed_0,/scratch/users/jdehoney/eqnn_thesis/data/noisy_comparisons/qiskit_mixed_odd_21032705/noise_coherent_overrotation_n5/qiskit_mixed/hea_qcnn/n5/train_size_8/epochs_10/noise_coherent_overrotation_0p1/seed_0/metrics.json,completed,,,,,,,,0.4802848428216809,,,,,
/scratch/users/jdehoney/eqnn_thesis/data/noisy_comparisons/qiskit_mixed_odd_21032705,/scratch/users/jdehoney/eqnn_thesis/data/noisy_comparisons/qiskit_mixed_odd_21032705/noise_coherent_overrotation_n5,qiskit_mixed,hea_qcnn,5,8,10,1,coherent_overrotation,0.1,/scratch/users/jdehoney/eqnn_thesis/data/noisy_comparisons/qiskit_mixed_odd_21032705/noise_coherent_overrotation_n5/qiskit_mixed/hea_qcnn/n5/train_size_8/epochs_10/noise_coherent_overrotation_0p1/seed_1,/scratch/users/jdehoney/eqnn_thesis/data/noisy_comparisons/qiskit_mixed_odd_21032705/noise_coherent_overrotation_n5/qiskit_mixed/hea_qcnn/n5/train_size_8/epochs_10/noise_coherent_overrotation_0p1/seed_1/metrics.json,completed,,,,,,,,0.5184995395193865,,,,,
/scratch/users/jdehoney/eqnn_thesis/data/noisy_comparisons/qiskit_mixed_odd_21032705,/scratch/users/jdehoney/eqnn_thesis/data/noisy_comparisons/qiskit_mixed_odd_21032705/noise_coherent_overrotation_n5,qiskit_mixed,hea_qcnn,5,8,10,2,coherent_overrotation,0.1,/scratch/users/jdehoney/eqnn_thesis/data/noisy_comparisons/qiskit_mixed_odd_21032705/noise_coherent_overrotation_n5/qiskit_mixed/hea_qcnn/n5/train_size_8/epochs_10/noise_coherent_overrotation_0p1/seed_2,/scratch/users/jdehoney/eqnn_thesis/data/noisy_comparisons/qiskit_mixed_odd_21032705/noise_coherent_overrotation_n5/qiskit_mixed/hea_qcnn/n5/train_size_8/epochs_10/noise_coherent_overrotation_0p1/seed_2/metrics.json,completed,,,,,,,,0.5504838782555093,,,,,
/scratch/users/jdehoney/eqnn_thesis/data/noisy_comparisons/qiskit_mixed_odd_21032705,/scratch/users/jdehoney/eqnn_thesis/data/noisy_comparisons/qiskit_mixed_odd_21032705/noise_coherent_overrotation_n5,qiskit_mixed,hea_qcnn,5,12,10,0,coherent_overrotation,0.0,/scratch/users/jdehoney/eqnn_thesis/data/noisy_comparisons/qiskit_mixed_odd_21032705/noise_coherent_overrotation_n5/qiskit_mixed/hea_qcnn/n5/train_size_12/epochs_10/noise_coherent_overrotation_0/seed_0,/scratch/users/jdehoney/eqnn_thesis/data/noisy_comparisons/qiskit_mixed_odd_21032705/noise_coherent_overrotation_n5/qiskit_mixed/hea_qcnn/n5/train_size_12/epochs_10/noise_coherent_overrotation_0/seed_0/metrics.json,completed,,,,,,,,0.43194572659490826,,,,,
/scratch/users/jdehoney/eqnn_thesis/data/noisy_comparisons/qiskit_mixed_odd_21032705,/scratch/users/jdehoney/eqnn_thesis/data/noisy_comparisons/qiskit_mixed_odd_21032705/noise_coherent_overrotation_n5,qiskit_mixed,hea_qcnn,5,12,10,1,coherent_overrotation,0.0,/scratch/users/jdehoney/eqnn_thesis/data/noisy_comparisons/qiskit_mixed_odd_21032705/noise_coherent_overrotation_n5/qiskit_mixed/hea_qcnn/n5/train_size_12/epochs_10/noise_coherent_overrotation_0/seed_1,/scratch/users/jdehoney/eqnn_thesis/data/noisy_comparisons/qiskit_mixed_odd_21032705/noise_coherent_overrotation_n5/qiskit_mixed/hea_qcnn/n5/train_size_12/epochs_10/noise_coherent_overrotation_0/seed_1/metrics.json,completed,,,,,,,,0.39028273469659913,,,,,
/scratch/users/jdehoney/eqnn_thesis/data/noisy_comparisons/qiskit_mixed_odd_21032705,/scratch/users/jdehoney/eqnn_thesis/data/noisy_comparisons/qiskit_mixed_odd_21032705/noise_coherent_overrotation_n5,qiskit_mixed,hea_qcnn,5,12,10,2,coherent_overrotation,0.0,/scratch/users/jdehoney/eqnn_thesis/data/noisy_comparisons/qiskit_mixed_odd_21032705/noise_coherent_overrotation_n5/qiskit_mixed/hea_qcnn/n5/train_size_12/epochs_10/noise_coherent_overrotation_0/seed_2,/scratch/users/jdehoney/eqnn_thesis/data/noisy_comparisons/qiskit_mixed_odd_21032705/noise_coherent_overrotation_n5/qiskit_mixed/hea_qcnn/n5/train_size_12/epochs_10/noise_coherent_overrotation_0/seed_2/metrics.json,completed,,,,,,,,0.36692580853211076,,,,,
/scratch/users/jdehoney/eqnn_thesis/data/noisy_comparisons/qiskit_mixed_odd_21032705,/scratch/users/jdehoney/eqnn_thesis/data/noisy_comparisons/qiskit_mixed_odd_21032705/noise_coherent_overrotation_n5,qiskit_mixed,hea_qcnn,5,12,10,0,coherent_overrotation,0.001,/scratch/users/jdehoney/eqnn_thesis/data/noisy_comparisons/qiskit_mixed_odd_21032705/noise_coherent_overrotation_n5/qiskit_mixed/hea_qcnn/n5/train_size_12/epochs_10/noise_coherent_overrotation_0p001/seed_0,/scratch/users/jdehoney/eqnn_thesis/data/noisy_comparisons/qiskit_mixed_odd_21032705/noise_coherent_overrotation_n5/qiskit_mixed/hea_qcnn/n5/train_size_12/epochs_10/noise_coherent_overrotation_0p001/seed_0/metrics.json,completed,,,,,,,,0.4318139848501358,,,,,
/scratch/users/jdehoney/eqnn_thesis/data/noisy_comparisons/qiskit_mixed_odd_21032705,/scratch/users/jdehoney/eqnn_thesis/data/noisy_comparisons/qiskit_mixed_odd_21032705/noise_coherent_overrotation_n5,qiskit_mixed,hea_qcnn,5,12,10,1,coherent_overrotation,0.001,/scratch/users/jdehoney/eqnn_thesis/data/noisy_comparisons/qiskit_mixed_odd_21032705/noise_coherent_overrotation_n5/qiskit_mixed/hea_qcnn/n5/train_size_12/epochs_10/noise_coherent_overrotation_0p001/seed_1,/scratch/users/jdehoney/eqnn_thesis/data/noisy_comparisons/qiskit_mixed_odd_21032705/noise_coherent_overrotation_n5/qiskit_mixed/hea_qcnn/n5/train_size_12/epochs_10/noise_coherent_overrotation_0p001/seed_1/metrics.json,completed,,,,,,,,0.39021895535662443,,,,,
/scratch/users/jdehoney/eqnn_thesis/data/noisy_comparisons/qiskit_mixed_odd_21032705,/scratch/users/jdehoney/eqnn_thesis/data/noisy_comparisons/qiskit_mixed_odd_21032705/noise_coherent_overrotation_n5,qiskit_mixed,hea_qcnn,5,12,10,2,coherent_overrotation,0.001,/scratch/users/jdehoney/eqnn_thesis/data/noisy_comparisons/qiskit_mixed_odd_21032705/noise_coherent_overrotation_n5/qiskit_mixed/hea_qcnn/n5/train_size_12/epochs_10/noise_coherent_overrotation_0p001/seed_2,/scratch/users/jdehoney/eqnn_thesis/data/noisy_comparisons/qiskit_mixed_odd_21032705/noise_coherent_overrotation_n5/qiskit_mixed/hea_qcnn/n5/train_size_12/epochs_10/noise_coherent_overrotation_0p001/seed_2/metrics.json,completed,,,,,,,,0.36799210039671926,,,,,
/scratch/users/jdehoney/eqnn_thesis/data/noisy_comparisons/qiskit_mixed_odd_21032705,/scratch/users/jdehoney/eqnn_thesis/data/noisy_comparisons/qiskit_mixed_odd_21032705/noise_coherent_overrotation_n5,qiskit_mixed,hea_qcnn,5,12,10,0,coherent_overrotation,0.005,/scratch/users/jdehoney/eqnn_thesis/data/noisy_comparisons/qiskit_mixed_odd_21032705/noise_coherent_overrotation_n5/qiskit_mixed/hea_qcnn/n5/train_size_12/epochs_10/noise_coherent_overrotation_0p005/seed_0,/scratch/users/jdehoney/eqnn_thesis/data/noisy_comparisons/qiskit_mixed_odd_21032705/noise_coherent_overrotation_n5/qiskit_mixed/hea_qcnn/n5/train_size_12/epochs_10/noise_coherent_overrotation_0p005/seed_0/metrics.json,completed,,,,,,,,0.4312874072952325,,,,,
/scratch/users/jdehoney/eqnn_thesis/data/noisy_comparisons/qiskit_mixed_odd_21032705,/scratch/users/jdehoney/eqnn_thesis/data/noisy_comparisons/qiskit_mixed_odd_21032705/noise_coherent_overrotation_n5,qiskit_mixed,hea_qcnn,5,12,10,1,coherent_overrotation,0.005,/scratch/users/jdehoney/eqnn_thesis/data/noisy_comparisons/qiskit_mixed_odd_21032705/noise_coherent_overrotation_n5/qiskit_mixed/hea_qcnn/n5/train_size_12/epochs_10/noise_coherent_overrotation_0p005/seed_1,/scratch/users/jdehoney/eqnn_thesis/data/noisy_comparisons/qiskit_mixed_odd_21032705/noise_coherent_overrotation_n5/qiskit_mixed/hea_qcnn/n5/train_size_12/epochs_10/noise_coherent_overrotation_0p005/seed_1/metrics.json,completed,,,,,,,,0.38996022790965523,,,,,
/scratch/users/jdehoney/eqnn_thesis/data/noisy_comparisons/qiskit_mixed_odd_21032705,/scratch/users/jdehoney/eqnn_thesis/data/noisy_comparisons/qiskit_mixed_odd_21032705/noise_coherent_overrotation_n5,qiskit_mixed,hea_qcnn,5,12,10,2,coherent_overrotation,0.005,/scratch/users/jdehoney/eqnn_thesis/data/noisy_comparisons/qiskit_mixed_odd_21032705/noise_coherent_overrotation_n5/qiskit_mixed/hea_qcnn/n5/train_size_12/epochs_10/noise_coherent_overrotation_0p005/seed_2,/scratch/users/jdehoney/eqnn_thesis/data/noisy_comparisons/qiskit_mixed_odd_21032705/noise_coherent_overrotation_n5/qiskit_mixed/hea_qcnn/n5/train_size_12/epochs_10/noise_coherent_overrotation_0p005/seed_2/metrics.json,completed,,,,,,,,0.36857066245380776,,,,,
/scratch/users/jdehoney/eqnn_thesis/data/noisy_comparisons/qiskit_mixed_odd_21032705,/scratch/users/jdehoney/eqnn_thesis/data/noisy_comparisons/qiskit_mixed_odd_21032705/noise_coherent_overrotation_n5,qiskit_mixed,hea_qcnn,5,12,10,0,coherent_overrotation,0.01,/scratch/users/jdehoney/eqnn_thesis/data/noisy_comparisons/qiskit_mixed_odd_21032705/noise_coherent_overrotation_n5/qiskit_mixed/hea_qcnn/n5/train_size_12/epochs_10/noise_coherent_overrotation_0p01/seed_0,/scratch/users/jdehoney/eqnn_thesis/data/noisy_comparisons/qiskit_mixed_odd_21032705/noise_coherent_overrotation_n5/qiskit_mixed/hea_qcnn/n5/train_size_12/epochs_10/noise_coherent_overrotation_0p01/seed_0/metrics.json,completed,,,,,,,,0.43053919854984846,,,,,
/scratch/users/jdehoney/eqnn_thesis/data/noisy_comparisons/qiskit_mixed_odd_21032705,/scratch/users/jdehoney/eqnn_thesis/data/noisy_comparisons/qiskit_mixed_odd_21032705/noise_coherent_overrotation_n5,qiskit_mixed,hea_qcnn,5,12,10,1,coherent_overrotation,0.01,/scratch/users/jdehoney/eqnn_thesis/data/noisy_comparisons/qiskit_mixed_odd_21032705/noise_coherent_overrotation_n5/qiskit_mixed/hea_qcnn/n5/train_size_12/epochs_10/noise_coherent_overrotation_0p01/seed_1,/scratch/users/jdehoney/eqnn_thesis/data/noisy_comparisons/qiskit_mixed_odd_21032705/noise_coherent_overrotation_n5/qiskit_mixed/hea_qcnn/n5/train_size_12/epochs_10/noise_coherent_overrotation_0p01/seed_1/metrics.json,completed,,,,,,,,0.3896402786753783,,,,,
/scratch/users/jdehoney/eqnn_thesis/data/noisy_comparisons/qiskit_mixed_odd_21032705,/scratch/users/jdehoney/eqnn_thesis/data/noisy_comparisons/qiskit_mixed_odd_21032705/noise_coherent_overrotation_n5,qiskit_mixed,hea_qcnn,5,12,10,2,coherent_overrotation,0.01,/scratch/users/jdehoney/eqnn_thesis/data/noisy_comparisons/qiskit_mixed_odd_21032705/noise_coherent_overrotation_n5/qiskit_mixed/hea_qcnn/n5/train_size_12/epochs_10/noise_coherent_overrotation_0p01/seed_2,/scratch/users/jdehoney/eqnn_thesis/data/noisy_comparisons/qiskit_mixed_odd_21032705/noise_coherent_overrotation_n5/qiskit_mixed/hea_qcnn/n5/train_size_12/epochs_10/noise_coherent_overrotation_0p01/seed_2/metrics.json,completed,,,,,,,,0.36884177358204945,,,,,
/scratch/users/jdehoney/eqnn_thesis/data/noisy_comparisons/qiskit_mixed_odd_21032705,/scratch/users/jdehoney/eqnn_thesis/data/noisy_comparisons/qiskit_mixed_odd_21032705/noise_coherent_overrotation_n5,qiskit_mixed,hea_qcnn,5,12,10,0,coherent_overrotation,0.05,/scratch/users/jdehoney/eqnn_thesis/data/noisy_comparisons/qiskit_mixed_odd_21032705/noise_coherent_overrotation_n5/qiskit_mixed/hea_qcnn/n5/train_size_12/epochs_10/noise_coherent_overrotation_0p05/seed_0,/scratch/users/jdehoney/eqnn_thesis/data/noisy_comparisons/qiskit_mixed_odd_21032705/noise_coherent_overrotation_n5/qiskit_mixed/hea_qcnn/n5/train_size_12/epochs_10/noise_coherent_overrotation_0p05/seed_0/metrics.json,completed,,,,,,,,0.4240593377574886,,,,,
/scratch/users/jdehoney/eqnn_thesis/data/noisy_comparisons/qiskit_mixed_odd_21032705,/scratch/users/jdehoney/eqnn_thesis/data/noisy_comparisons/qiskit_mixed_odd_21032705/noise_coherent_overrotation_n5,qiskit_mixed,hea_qcnn,5,12,10,1,coherent_overrotation,0.05,/scratch/users/jdehoney/eqnn_thesis/data/noisy_comparisons/qiskit_mixed_odd_21032705/noise_coherent_overrotation_n5/qiskit_mixed/hea_qcnn/n5/train_size_12/epochs_10/noise_coherent_overrotation_0p05/seed_1,/scratch/users/jdehoney/eqnn_thesis/data/noisy_comparisons/qiskit_mixed_odd_21032705/noise_coherent_overrotation_n5/qiskit_mixed/hea_qcnn/n5/train_size_12/epochs_10/noise_coherent_overrotation_0p05/seed_1/metrics.json,completed,,,,,,,,0.3913386925235698,,,,,
/scratch/users/jdehoney/eqnn_thesis/data/noisy_comparisons/qiskit_mixed_odd_21032705,/scratch/users/jdehoney/eqnn_thesis/data/noisy_comparisons/qiskit_mixed_odd_21032705/noise_coherent_overrotation_n5,qiskit_mixed,hea_qcnn,5,12,10,2,coherent_overrotation,0.05,/scratch/users/jdehoney/eqnn_thesis/data/noisy_comparisons/qiskit_mixed_odd_21032705/noise_coherent_overrotation_n5/qiskit_mixed/hea_qcnn/n5/train_size_12/epochs_10/noise_coherent_overrotation_0p05/seed_2,/scratch/users/jdehoney/eqnn_thesis/data/noisy_comparisons/qiskit_mixed_odd_21032705/noise_coherent_overrotation_n5/qiskit_mixed/hea_qcnn/n5/train_size_12/epochs_10/noise_coherent_overrotation_0p05/seed_2/metrics.json,completed,,,,,,,,0.369235824716589,,,,,
/scratch/users/jdehoney/eqnn_thesis/data/noisy_comparisons/qiskit_mixed_odd_21032705,/scratch/users/jdehoney/eqnn_thesis/data/noisy_comparisons/qiskit_mixed_odd_21032705/noise_coherent_overrotation_n5,qiskit_mixed,hea_qcnn,5,12,10,0,coherent_overrotation,0.1,/scratch/users/jdehoney/eqnn_thesis/data/noisy_comparisons/qiskit_mixed_odd_21032705/noise_coherent_overrotation_n5/qiskit_mixed/hea_qcnn/n5/train_size_12/epochs_10/noise_coherent_overrotation_0p1/seed_0,/scratch/users/jdehoney/eqnn_thesis/data/noisy_comparisons/qiskit_mixed_odd_21032705/noise_coherent_overrotation_n5/qiskit_mixed/hea_qcnn/n5/train_size_12/epochs_10/noise_coherent_overrotation_0p1/seed_0/metrics.json,completed,,,,,,,,0.41876881303987346,,,,,
/scratch/users/jdehoney/eqnn_thesis/data/noisy_comparisons/qiskit_mixed_odd_21032705,/scratch/users/jdehoney/eqnn_thesis/data/noisy_comparisons/qiskit_mixed_odd_21032705/noise_coherent_overrotation_n5,qiskit_mixed,hea_qcnn,5,12,10,1,coherent_overrotation,0.1,/scratch/users/jdehoney/eqnn_thesis/data/noisy_comparisons/qiskit_mixed_odd_21032705/noise_coherent_overrotation_n5/qiskit_mixed/hea_qcnn/n5/train_size_12/epochs_10/noise_coherent_overrotation_0p1/seed_1,/scratch/users/jdehoney/eqnn_thesis/data/noisy_comparisons/qiskit_mixed_odd_21032705/noise_coherent_overrotation_n5/qiskit_mixed/hea_qcnn/n5/train_size_12/epochs_10/noise_coherent_overrotation_0p1/seed_1/metrics.json,completed,,,,,,,,0.3988058539646331,,,,,
/scratch/users/jdehoney/eqnn_thesis/data/noisy_comparisons/qiskit_mixed_odd_21032705,/scratch/users/jdehoney/eqnn_thesis/data/noisy_comparisons/qiskit_mixed_odd_21032705/noise_coherent_overrotation_n5,qiskit_mixed,hea_qcnn,5,12,10,2,coherent_overrotation,0.1,/scratch/users/jdehoney/eqnn_thesis/data/noisy_comparisons/qiskit_mixed_odd_21032705/noise_coherent_overrotation_n5/qiskit_mixed/hea_qcnn/n5/train_size_12/epochs_10/noise_coherent_overrotation_0p1/seed_2,/scratch/users/jdehoney/eqnn_thesis/data/noisy_comparisons/qiskit_mixed_odd_21032705/noise_coherent_overrotation_n5/qiskit_mixed/hea_qcnn/n5/train_size_12/epochs_10/noise_coherent_overrotation_0p1/seed_2/metrics.json,completed,,,,,,,,0.37209606773616155,,,,,
/scratch/users/jdehoney/eqnn_thesis/data/noisy_comparisons/qiskit_mixed_odd_21032705,/scratch/users/jdehoney/eqnn_thesis/data/noisy_comparisons/qiskit_mixed_odd_21032705/noise_coherent_overrotation_n5,qiskit_mixed,hea_qcnn,5,16,10,0,coherent_overrotation,0.0,/scratch/users/jdehoney/eqnn_thesis/data/noisy_comparisons/qiskit_mixed_odd_21032705/noise_coherent_overrotation_n5/qiskit_mixed/hea_qcnn/n5/train_size_16/epochs_10/noise_coherent_overrotation_0/seed_0,/scratch/users/jdehoney/eqnn_thesis/data/noisy_comparisons/qiskit_mixed_odd_21032705/noise_coherent_overrotation_n5/qiskit_mixed/hea_qcnn/n5/train_size_16/epochs_10/noise_coherent_overrotation_0/seed_0/metrics.json,completed,,,,,,,,0.37648765958271074,,,,,
/scratch/users/jdehoney/eqnn_thesis/data/noisy_comparisons/qiskit_mixed_odd_21032705,/scratch/users/jdehoney/eqnn_thesis/data/noisy_comparisons/qiskit_mixed_odd_21032705/noise_coherent_overrotation_n5,qiskit_mixed,hea_qcnn,5,16,10,1,coherent_overrotation,0.0,/scratch/users/jdehoney/eqnn_thesis/data/noisy_comparisons/qiskit_mixed_odd_21032705/noise_coherent_overrotation_n5/qiskit_mixed/hea_qcnn/n5/train_size_16/epochs_10/noise_coherent_overrotation_0/seed_1,/scratch/users/jdehoney/eqnn_thesis/data/noisy_comparisons/qiskit_mixed_odd_21032705/noise_coherent_overrotation_n5/qiskit_mixed/hea_qcnn/n5/train_size_16/epochs_10/noise_coherent_overrotation_0/seed_1/metrics.json,completed,,,,,,,,0.5148470467577547,,,,,
/scratch/users/jdehoney/eqnn_thesis/data/noisy_comparisons/qiskit_mixed_odd_21032705,/scratch/users/jdehoney/eqnn_thesis/data/noisy_comparisons/qiskit_mixed_odd_21032705/noise_coherent_overrotation_n5,qiskit_mixed,hea_qcnn,5,16,10,2,coherent_overrotation,0.0,/scratch/users/jdehoney/eqnn_thesis/data/noisy_comparisons/qiskit_mixed_odd_21032705/noise_coherent_overrotation_n5/qiskit_mixed/hea_qcnn/n5/train_size_16/epochs_10/noise_coherent_overrotation_0/seed_2,/scratch/users/jdehoney/eqnn_thesis/data/noisy_comparisons/qiskit_mixed_odd_21032705/noise_coherent_overrotation_n5/qiskit_mixed/hea_qcnn/n5/train_size_16/epochs_10/noise_coherent_overrotation_0/seed_2/metrics.json,completed,,,,,,,,0.5050267890143544,,,,,
/scratch/users/jdehoney/eqnn_thesis/data/noisy_comparisons/qiskit_mixed_odd_21032705,/scratch/users/jdehoney/eqnn_thesis/data/noisy_comparisons/qiskit_mixed_odd_21032705/noise_coherent_overrotation_n5,qiskit_mixed,hea_qcnn,5,16,10,0,coherent_overrotation,0.001,/scratch/users/jdehoney/eqnn_thesis/data/noisy_comparisons/qiskit_mixed_odd_21032705/noise_coherent_overrotation_n5/qiskit_mixed/hea_qcnn/n5/train_size_16/epochs_10/noise_coherent_overrotation_0p001/seed_0,/scratch/users/jdehoney/eqnn_thesis/data/noisy_comparisons/qiskit_mixed_odd_21032705/noise_coherent_overrotation_n5/qiskit_mixed/hea_qcnn/n5/train_size_16/epochs_10/noise_coherent_overrotation_0p001/seed_0/metrics.json,completed,,,,,,,,0.378406435388989,,,,,
/scratch/users/jdehoney/eqnn_thesis/data/noisy_comparisons/qiskit_mixed_odd_21032705,/scratch/users/jdehoney/eqnn_thesis/data/noisy_comparisons/qiskit_mixed_odd_21032705/noise_coherent_overrotation_n5,qiskit_mixed,hea_qcnn,5,16,10,1,coherent_overrotation,0.001,/scratch/users/jdehoney/eqnn_thesis/data/noisy_comparisons/qiskit_mixed_odd_21032705/noise_coherent_overrotation_n5/qiskit_mixed/hea_qcnn/n5/train_size_16/epochs_10/noise_coherent_overrotation_0p001/seed_1,/scratch/users/jdehoney/eqnn_thesis/data/noisy_comparisons/qiskit_mixed_odd_21032705/noise_coherent_overrotation_n5/qiskit_mixed/hea_qcnn/n5/train_size_16/epochs_10/noise_coherent_overrotation_0p001/seed_1/metrics.json,completed,,,,,,,,0.5141883755141842,,,,,
/scratch/users/jdehoney/eqnn_thesis/data/noisy_comparisons/qiskit_mixed_odd_21032705,/scratch/users/jdehoney/eqnn_thesis/data/noisy_comparisons/qiskit_mixed_odd_21032705/noise_coherent_overrotation_n5,qiskit_mixed,hea_qcnn,5,16,10,2,coherent_overrotation,0.001,/scratch/users/jdehoney/eqnn_thesis/data/noisy_comparisons/qiskit_mixed_odd_21032705/noise_coherent_overrotation_n5/qiskit_mixed/hea_qcnn/n5/train_size_16/epochs_10/noise_coherent_overrotation_0p001/seed_2,/scratch/users/jdehoney/eqnn_thesis/data/noisy_comparisons/qiskit_mixed_odd_21032705/noise_coherent_overrotation_n5/qiskit_mixed/hea_qcnn/n5/train_size_16/epochs_10/noise_coherent_overrotation_0p001/seed_2/metrics.json,completed,,,,,,,,0.5050236469231657,,,,,
/scratch/users/jdehoney/eqnn_thesis/data/noisy_comparisons/qiskit_mixed_odd_21032705,/scratch/users/jdehoney/eqnn_thesis/data/noisy_comparisons/qiskit_mixed_odd_21032705/noise_coherent_overrotation_n5,qiskit_mixed,hea_qcnn,5,16,10,0,coherent_overrotation,0.005,/scratch/users/jdehoney/eqnn_thesis/data/noisy_comparisons/qiskit_mixed_odd_21032705/noise_coherent_overrotation_n5/qiskit_mixed/hea_qcnn/n5/train_size_16/epochs_10/noise_coherent_overrotation_0p005/seed_0,/scratch/users/jdehoney/eqnn_thesis/data/noisy_comparisons/qiskit_mixed_odd_21032705/noise_coherent_overrotation_n5/qiskit_mixed/hea_qcnn/n5/train_size_16/epochs_10/noise_coherent_overrotation_0p005/seed_0/metrics.json,completed,,,,,,,,0.384056816063464,,,,,
/scratch/users/jdehoney/eqnn_thesis/data/noisy_comparisons/qiskit_mixed_odd_21032705,/scratch/users/jdehoney/eqnn_thesis/data/noisy_comparisons/qiskit_mixed_odd_21032705/noise_coherent_overrotation_n5,qiskit_mixed,hea_qcnn,5,16,10,1,coherent_overrotation,0.005,/scratch/users/jdehoney/eqnn_thesis/data/noisy_comparisons/qiskit_mixed_odd_21032705/noise_coherent_overrotation_n5/qiskit_mixed/hea_qcnn/n5/train_size_16/epochs_10/noise_coherent_overrotation_0p005/seed_1,/scratch/users/jdehoney/eqnn_thesis/data/noisy_comparisons/qiskit_mixed_odd_21032705/noise_coherent_overrotation_n5/qiskit_mixed/hea_qcnn/n5/train_size_16/epochs_10/noise_coherent_overrotation_0p005/seed_1/metrics.json,completed,,,,,,,,0.5115524206995719,,,,,
/scratch/users/jdehoney/eqnn_thesis/data/noisy_comparisons/qiskit_mixed_odd_21032705,/scratch/users/jdehoney/eqnn_thesis/data/noisy_comparisons/qiskit_mixed_odd_21032705/noise_coherent_overrotation_n5,qiskit_mixed,hea_qcnn,5,16,10,2,coherent_overrotation,0.005,/scratch/users/jdehoney/eqnn_thesis/data/noisy_comparisons/qiskit_mixed_odd_21032705/noise_coherent_overrotation_n5/qiskit_mixed/hea_qcnn/n5/train_size_16/epochs_10/noise_coherent_overrotation_0p005/seed_2,/scratch/users/jdehoney/eqnn_thesis/data/noisy_comparisons/qiskit_mixed_odd_21032705/noise_coherent_overrotation_n5/qiskit_mixed/hea_qcnn/n5/train_size_16/epochs_10/noise_coherent_overrotation_0p005/seed_2/metrics.json,completed,,,,,,,,0.5049576942360623,,,,,
/scratch/users/jdehoney/eqnn_thesis/data/noisy_comparisons/qiskit_mixed_odd_21032705,/scratch/users/jdehoney/eqnn_thesis/data/noisy_comparisons/qiskit_mixed_odd_21032705/noise_coherent_overrotation_n5,qiskit_mixed,hea_qcnn,5,16,10,0,coherent_overrotation,0.01,/scratch/users/jdehoney/eqnn_thesis/data/noisy_comparisons/qiskit_mixed_odd_21032705/noise_coherent_overrotation_n5/qiskit_mixed/hea_qcnn/n5/train_size_16/epochs_10/noise_coherent_overrotation_0p01/seed_0,/scratch/users/jdehoney/eqnn_thesis/data/noisy_comparisons/qiskit_mixed_odd_21032705/noise_coherent_overrotation_n5/qiskit_mixed/hea_qcnn/n5/train_size_16/epochs_10/noise_coherent_overrotation_0p01/seed_0/metrics.json,completed,,,,,,,,0.38854144146986314,,,,,
/scratch/users/jdehoney/eqnn_thesis/data/noisy_comparisons/qiskit_mixed_odd_21032705,/scratch/users/jdehoney/eqnn_thesis/data/noisy_comparisons/qiskit_mixed_odd_21032705/noise_coherent_overrotation_n5,qiskit_mixed,hea_qcnn,5,16,10,1,coherent_overrotation,0.01,/scratch/users/jdehoney/eqnn_thesis/data/noisy_comparisons/qiskit_mixed_odd_21032705/noise_coherent_overrotation_n5/qiskit_mixed/hea_qcnn/n5/train_size_16/epochs_10/noise_coherent_overrotation_0p01/seed_1,/scratch/users/jdehoney/eqnn_thesis/data/noisy_comparisons/qiskit_mixed_odd_21032705/noise_coherent_overrotation_n5/qiskit_mixed/hea_qcnn/n5/train_size_16/epochs_10/noise_coherent_overrotation_0p01/seed_1/metrics.json,completed,,,,,,,,0.5083267034443513,,,,,
/scratch/users/jdehoney/eqnn_thesis/data/noisy_comparisons/qiskit_mixed_odd_21032705,/scratch/users/jdehoney/eqnn_thesis/data/noisy_comparisons/qiskit_mixed_odd_21032705/noise_coherent_overrotation_n5,qiskit_mixed,hea_qcnn,5,16,10,2,coherent_overrotation,0.01,/scratch/users/jdehoney/eqnn_thesis/data/noisy_comparisons/qiskit_mixed_odd_21032705/noise_coherent_overrotation_n5/qiskit_mixed/hea_qcnn/n5/train_size_16/epochs_10/noise_coherent_overrotation_0p01/seed_2,/scratch/users/jdehoney/eqnn_thesis/data/noisy_comparisons/qiskit_mixed_odd_21032705/noise_coherent_overrotation_n5/qiskit_mixed/hea_qcnn/n5/train_size_16/epochs_10/noise_coherent_overrotation_0p01/seed_2/metrics.json,completed,,,,,,,,0.5047819130329287,,,,,
/scratch/users/jdehoney/eqnn_thesis/data/noisy_comparisons/qiskit_mixed_odd_21032705,/scratch/users/jdehoney/eqnn_thesis/data/noisy_comparisons/qiskit_mixed_odd_21032705/noise_coherent_overrotation_n5,qiskit_mixed,hea_qcnn,5,16,10,0,coherent_overrotation,0.05,/scratch/users/jdehoney/eqnn_thesis/data/noisy_comparisons/qiskit_mixed_odd_21032705/noise_coherent_overrotation_n5/qiskit_mixed/hea_qcnn/n5/train_size_16/epochs_10/noise_coherent_overrotation_0p05/seed_0,/scratch/users/jdehoney/eqnn_thesis/data/noisy_comparisons/qiskit_mixed_odd_21032705/noise_coherent_overrotation_n5/qiskit_mixed/hea_qcnn/n5/train_size_16/epochs_10/noise_coherent_overrotation_0p05/seed_0/metrics.json,completed,,,,,,,,0.7212849350158026,,,,,
/scratch/users/jdehoney/eqnn_thesis/data/noisy_comparisons/qiskit_mixed_odd_21032705,/scratch/users/jdehoney/eqnn_thesis/data/noisy_comparisons/qiskit_mixed_odd_21032705/noise_coherent_overrotation_n5,qiskit_mixed,hea_qcnn,5,16,10,1,coherent_overrotation,0.05,/scratch/users/jdehoney/eqnn_thesis/data/noisy_comparisons/qiskit_mixed_odd_21032705/noise_coherent_overrotation_n5/qiskit_mixed/hea_qcnn/n5/train_size_16/epochs_10/noise_coherent_overrotation_0p05/seed_1,/scratch/users/jdehoney/eqnn_thesis/data/noisy_comparisons/qiskit_mixed_odd_21032705/noise_coherent_overrotation_n5/qiskit_mixed/hea_qcnn/n5/train_size_16/epochs_10/noise_coherent_overrotation_0p05/seed_1/metrics.json,completed,,,,,,,,0.48589331522860896,,,,,
/scratch/users/jdehoney/eqnn_thesis/data/noisy_comparisons/qiskit_mixed_odd_21032705,/scratch/users/jdehoney/eqnn_thesis/data/noisy_comparisons/qiskit_mixed_odd_21032705/noise_coherent_overrotation_n5,qiskit_mixed,hea_qcnn,5,16,10,2,coherent_overrotation,0.05,/scratch/users/jdehoney/eqnn_thesis/data/noisy_comparisons/qiskit_mixed_odd_21032705/noise_coherent_overrotation_n5/qiskit_mixed/hea_qcnn/n5/train_size_16/epochs_10/noise_coherent_overrotation_0p05/seed_2,/scratch/users/jdehoney/eqnn_thesis/data/noisy_comparisons/qiskit_mixed_odd_21032705/noise_coherent_overrotation_n5/qiskit_mixed/hea_qcnn/n5/train_size_16/epochs_10/noise_coherent_overrotation_0p05/seed_2/metrics.json,completed,,,,,,,,0.4326488936023916,,,,,
/scratch/users/jdehoney/eqnn_thesis/data/noisy_comparisons/qiskit_mixed_odd_21032705,/scratch/users/jdehoney/eqnn_thesis/data/noisy_comparisons/qiskit_mixed_odd_21032705/noise_coherent_overrotation_n5,qiskit_mixed,hea_qcnn,5,16,10,0,coherent_overrotation,0.1,/scratch/users/jdehoney/eqnn_thesis/data/noisy_comparisons/qiskit_mixed_odd_21032705/noise_coherent_overrotation_n5/qiskit_mixed/hea_qcnn/n5/train_size_16/epochs_10/noise_coherent_overrotation_0p1/seed_0,/scratch/users/jdehoney/eqnn_thesis/data/noisy_comparisons/qiskit_mixed_odd_21032705/noise_coherent_overrotation_n5/qiskit_mixed/hea_qcnn/n5/train_size_16/epochs_10/noise_coherent_overrotation_0p1/seed_0/metrics.json,completed,,,,,,,,0.39003930374890816,,,,,
/scratch/users/jdehoney/eqnn_thesis/data/noisy_comparisons/qiskit_mixed_odd_21032705,/scratch/users/jdehoney/eqnn_thesis/data/noisy_comparisons/qiskit_mixed_odd_21032705/noise_coherent_overrotation_n5,qiskit_mixed,hea_qcnn,5,16,10,1,coherent_overrotation,0.1,/scratch/users/jdehoney/eqnn_thesis/data/noisy_comparisons/qiskit_mixed_odd_21032705/noise_coherent_overrotation_n5/qiskit_mixed/hea_qcnn/n5/train_size_16/epochs_10/noise_coherent_overrotation_0p1/seed_1,/scratch/users/jdehoney/eqnn_thesis/data/noisy_comparisons/qiskit_mixed_odd_21032705/noise_coherent_overrotation_n5/qiskit_mixed/hea_qcnn/n5/train_size_16/epochs_10/noise_coherent_overrotation_0p1/seed_1/metrics.json,completed,,,,,,,,0.46471306855346023,,,,,
/scratch/users/jdehoney/eqnn_thesis/data/noisy_comparisons/qiskit_mixed_odd_21032705,/scratch/users/jdehoney/eqnn_thesis/data/noisy_comparisons/qiskit_mixed_odd_21032705/noise_coherent_overrotation_n5,qiskit_mixed,hea_qcnn,5,16,10,2,coherent_overrotation,0.1,/scratch/users/jdehoney/eqnn_thesis/data/noisy_comparisons/qiskit_mixed_odd_21032705/noise_coherent_overrotation_n5/qiskit_mixed/hea_qcnn/n5/train_size_16/epochs_10/noise_coherent_overrotation_0p1/seed_2,/scratch/users/jdehoney/eqnn_thesis/data/noisy_comparisons/qiskit_mixed_odd_21032705/noise_coherent_overrotation_n5/qiskit_mixed/hea_qcnn/n5/train_size_16/epochs_10/noise_coherent_overrotation_0p1/seed_2/metrics.json,completed,,,,,,,,0.5013626924852161,,,,,
/scratch/users/jdehoney/eqnn_thesis/data/noisy_comparisons/qiskit_mixed_odd_21032705,/scratch/users/jdehoney/eqnn_thesis/data/noisy_comparisons/qiskit_mixed_odd_21032705/noise_coherent_overrotation_n5,qiskit_mixed,su2_qcnn,5,4,10,0,coherent_overrotation,0.0,/scratch/users/jdehoney/eqnn_thesis/data/noisy_comparisons/qiskit_mixed_odd_21032705/noise_coherent_overrotation_n5/qiskit_mixed/su2_qcnn/n5/train_size_4/epochs_10/noise_coherent_overrotation_0/seed_0,/scratch/users/jdehoney/eqnn_thesis/data/noisy_comparisons/qiskit_mixed_odd_21032705/noise_coherent_overrotation_n5/qiskit_mixed/su2_qcnn/n5/train_size_4/epochs_10/noise_coherent_overrotation_0/seed_0/metrics.json,completed,,,,,,,,0.4606570591893745,,,,,
/scratch/users/jdehoney/eqnn_thesis/data/noisy_comparisons/qiskit_mixed_odd_21032705,/scratch/users/jdehoney/eqnn_thesis/data/noisy_comparisons/qiskit_mixed_odd_21032705/noise_coherent_overrotation_n5,qiskit_mixed,su2_qcnn,5,4,10,1,coherent_overrotation,0.0,/scratch/users/jdehoney/eqnn_thesis/data/noisy_comparisons/qiskit_mixed_odd_21032705/noise_coherent_overrotation_n5/qiskit_mixed/su2_qcnn/n5/train_size_4/epochs_10/noise_coherent_overrotation_0/seed_1,/scratch/users/jdehoney/eqnn_thesis/data/noisy_comparisons/qiskit_mixed_odd_21032705/noise_coherent_overrotation_n5/qiskit_mixed/su2_qcnn/n5/train_size_4/epochs_10/noise_coherent_overrotation_0/seed_1/metrics.json,completed,,,,,,,,0.7048875708839173,,,,,
/scratch/users/jdehoney/eqnn_thesis/data/noisy_comparisons/qiskit_mixed_odd_21032705,/scratch/users/jdehoney/eqnn_thesis/data/noisy_comparisons/qiskit_mixed_odd_21032705/noise_coherent_overrotation_n5,qiskit_mixed,su2_qcnn,5,4,10,2,coherent_overrotation,0.0,/scratch/users/jdehoney/eqnn_thesis/data/noisy_comparisons/qiskit_mixed_odd_21032705/noise_coherent_overrotation_n5/qiskit_mixed/su2_qcnn/n5/train_size_4/epochs_10/noise_coherent_overrotation_0/seed_2,/scratch/users/jdehoney/eqnn_thesis/data/noisy_comparisons/qiskit_mixed_odd_21032705/noise_coherent_overrotation_n5/qiskit_mixed/su2_qcnn/n5/train_size_4/epochs_10/noise_coherent_overrotation_0/seed_2/metrics.json,completed,,,,,,,,0.5697883066392959,,,,,
/scratch/users/jdehoney/eqnn_thesis/data/noisy_comparisons/qiskit_mixed_odd_21032705,/scratch/users/jdehoney/eqnn_thesis/data/noisy_comparisons/qiskit_mixed_odd_21032705/noise_coherent_overrotation_n5,qiskit_mixed,su2_qcnn,5,4,10,0,coherent_overrotation,0.001,/scratch/users/jdehoney/eqnn_thesis/data/noisy_comparisons/qiskit_mixed_odd_21032705/noise_coherent_overrotation_n5/qiskit_mixed/su2_qcnn/n5/train_size_4/epochs_10/noise_coherent_overrotation_0p001/seed_0,/scratch/users/jdehoney/eqnn_thesis/data/noisy_comparisons/qiskit_mixed_odd_21032705/noise_coherent_overrotation_n5/qiskit_mixed/su2_qcnn/n5/train_size_4/epochs_10/noise_coherent_overrotation_0p001/seed_0/metrics.json,completed,,,,,,,,0.46080895263303706,,,,,
/scratch/users/jdehoney/eqnn_thesis/data/noisy_comparisons/qiskit_mixed_odd_21032705,/scratch/users/jdehoney/eqnn_thesis/data/noisy_comparisons/qiskit_mixed_odd_21032705/noise_coherent_overrotation_n5,qiskit_mixed,su2_qcnn,5,4,10,1,coherent_overrotation,0.001,/scratch/users/jdehoney/eqnn_thesis/data/noisy_comparisons/qiskit_mixed_odd_21032705/noise_coherent_overrotation_n5/qiskit_mixed/su2_qcnn/n5/train_size_4/epochs_10/noise_coherent_overrotation_0p001/seed_1,/scratch/users/jdehoney/eqnn_thesis/data/noisy_comparisons/qiskit_mixed_odd_21032705/noise_coherent_overrotation_n5/qiskit_mixed/su2_qcnn/n5/train_size_4/epochs_10/noise_coherent_overrotation_0p001/seed_1/metrics.json,completed,,,,,,,,0.7053159387858028,,,,,
/scratch/users/jdehoney/eqnn_thesis/data/noisy_comparisons/qiskit_mixed_odd_21032705,/scratch/users/jdehoney/eqnn_thesis/data/noisy_comparisons/qiskit_mixed_odd_21032705/noise_coherent_overrotation_n5,qiskit_mixed,su2_qcnn,5,4,10,2,coherent_overrotation,0.001,/scratch/users/jdehoney/eqnn_thesis/data/noisy_comparisons/qiskit_mixed_odd_21032705/noise_coherent_overrotation_n5/qiskit_mixed/su2_qcnn/n5/train_size_4/epochs_10/noise_coherent_overrotation_0p001/seed_2,/scratch/users/jdehoney/eqnn_thesis/data/noisy_comparisons/qiskit_mixed_odd_21032705/noise_coherent_overrotation_n5/qiskit_mixed/su2_qcnn/n5/train_size_4/epochs_10/noise_coherent_overrotation_0p001/seed_2/metrics.json,completed,,,,,,,,0.5700145526913263,,,,,
/scratch/users/jdehoney/eqnn_thesis/data/noisy_comparisons/qiskit_mixed_odd_21032705,/scratch/users/jdehoney/eqnn_thesis/data/noisy_comparisons/qiskit_mixed_odd_21032705/noise_coherent_overrotation_n5,qiskit_mixed,su2_qcnn,5,4,10,0,coherent_overrotation,0.005,/scratch/users/jdehoney/eqnn_thesis/data/noisy_comparisons/qiskit_mixed_odd_21032705/noise_coherent_overrotation_n5/qiskit_mixed/su2_qcnn/n5/train_size_4/epochs_10/noise_coherent_overrotation_0p005/seed_0,/scratch/users/jdehoney/eqnn_thesis/data/noisy_comparisons/qiskit_mixed_odd_21032705/noise_coherent_overrotation_n5/qiskit_mixed/su2_qcnn/n5/train_size_4/epochs_10/noise_coherent_overrotation_0p005/seed_0/metrics.json,completed,,,,,,,,0.46141869968976146,,,,,
/scratch/users/jdehoney/eqnn_thesis/data/noisy_comparisons/qiskit_mixed_odd_21032705,/scratch/users/jdehoney/eqnn_thesis/data/noisy_comparisons/qiskit_mixed_odd_21032705/noise_coherent_overrotation_n5,qiskit_mixed,su2_qcnn,5,4,10,1,coherent_overrotation,0.005,/scratch/users/jdehoney/eqnn_thesis/data/noisy_comparisons/qiskit_mixed_odd_21032705/noise_coherent_overrotation_n5/qiskit_mixed/su2_qcnn/n5/train_size_4/epochs_10/noise_coherent_overrotation_0p005/seed_1,/scratch/users/jdehoney/eqnn_thesis/data/noisy_comparisons/qiskit_mixed_odd_21032705/noise_coherent_overrotation_n5/qiskit_mixed/su2_qcnn/n5/train_size_4/epochs_10/noise_coherent_overrotation_0p005/seed_1/metrics.json,completed,,,,,,,,0.707004333238521,,,,,
/scratch/users/jdehoney/eqnn_thesis/data/noisy_comparisons/qiskit_mixed_odd_21032705,/scratch/users/jdehoney/eqnn_thesis/data/noisy_comparisons/qiskit_mixed_odd_21032705/noise_coherent_overrotation_n5,qiskit_mixed,su2_qcnn,5,4,10,2,coherent_overrotation,0.005,/scratch/users/jdehoney/eqnn_thesis/data/noisy_comparisons/qiskit_mixed_odd_21032705/noise_coherent_overrotation_n5/qiskit_mixed/su2_qcnn/n5/train_size_4/epochs_10/noise_coherent_overrotation_0p005/seed_2,/scratch/users/jdehoney/eqnn_thesis/data/noisy_comparisons/qiskit_mixed_odd_21032705/noise_coherent_overrotation_n5/qiskit_mixed/su2_qcnn/n5/train_size_4/epochs_10/noise_coherent_overrotation_0p005/seed_2/metrics.json,completed,,,,,,,,0.570923299049862,,,,,
/scratch/users/jdehoney/eqnn_thesis/data/noisy_comparisons/qiskit_mixed_odd_21032705,/scratch/users/jdehoney/eqnn_thesis/data/noisy_comparisons/qiskit_mixed_odd_21032705/noise_coherent_overrotation_n5,qiskit_mixed,su2_qcnn,5,4,10,0,coherent_overrotation,0.01,/scratch/users/jdehoney/eqnn_thesis/data/noisy_comparisons/qiskit_mixed_odd_21032705/noise_coherent_overrotation_n5/qiskit_mixed/su2_qcnn/n5/train_size_4/epochs_10/noise_coherent_overrotation_0p01/seed_0,/scratch/users/jdehoney/eqnn_thesis/data/noisy_comparisons/qiskit_mixed_odd_21032705/noise_coherent_overrotation_n5/qiskit_mixed/su2_qcnn/n5/train_size_4/epochs_10/noise_coherent_overrotation_0p01/seed_0/metrics.json,completed,,,,,,,,0.46218634021313887,,,,,
/scratch/users/jdehoney/eqnn_thesis/data/noisy_comparisons/qiskit_mixed_odd_21032705,/scratch/users/jdehoney/eqnn_thesis/data/noisy_comparisons/qiskit_mixed_odd_21032705/noise_coherent_overrotation_n5,qiskit_mixed,su2_qcnn,5,4,10,1,coherent_overrotation,0.01,/scratch/users/jdehoney/eqnn_thesis/data/noisy_comparisons/qiskit_mixed_odd_21032705/noise_coherent_overrotation_n5/qiskit_mixed/su2_qcnn/n5/train_size_4/epochs_10/noise_coherent_overrotation_0p01/seed_1,/scratch/users/jdehoney/eqnn_thesis/data/noisy_comparisons/qiskit_mixed_odd_21032705/noise_coherent_overrotation_n5/qiskit_mixed/su2_qcnn/n5/train_size_4/epochs_10/noise_coherent_overrotation_0p01/seed_1/metrics.json,completed,,,,,,,,0.70905646824867,,,,,
/scratch/users/jdehoney/eqnn_thesis/data/noisy_comparisons/qiskit_mixed_odd_21032705,/scratch/users/jdehoney/eqnn_thesis/data/noisy_comparisons/qiskit_mixed_odd_21032705/noise_coherent_overrotation_n5,qiskit_mixed,su2_qcnn,5,4,10,2,coherent_overrotation,0.01,/scratch/users/jdehoney/eqnn_thesis/data/noisy_comparisons/qiskit_mixed_odd_21032705/noise_coherent_overrotation_n5/qiskit_mixed/su2_qcnn/n5/train_size_4/epochs_10/noise_coherent_overrotation_0p01/seed_2,/scratch/users/jdehoney/eqnn_thesis/data/noisy_comparisons/qiskit_mixed_odd_21032705/noise_coherent_overrotation_n5/qiskit_mixed/su2_qcnn/n5/train_size_4/epochs_10/noise_coherent_overrotation_0p01/seed_2/metrics.json,completed,,,,,,,,0.5720677866549975,,,,,
/scratch/users/jdehoney/eqnn_thesis/data/noisy_comparisons/qiskit_mixed_odd_21032705,/scratch/users/jdehoney/eqnn_thesis/data/noisy_comparisons/qiskit_mixed_odd_21032705/noise_coherent_overrotation_n5,qiskit_mixed,su2_qcnn,5,4,10,0,coherent_overrotation,0.05,/scratch/users/jdehoney/eqnn_thesis/data/noisy_comparisons/qiskit_mixed_odd_21032705/noise_coherent_overrotation_n5/qiskit_mixed/su2_qcnn/n5/train_size_4/epochs_10/noise_coherent_overrotation_0p05/seed_0,/scratch/users/jdehoney/eqnn_thesis/data/noisy_comparisons/qiskit_mixed_odd_21032705/noise_coherent_overrotation_n5/qiskit_mixed/su2_qcnn/n5/train_size_4/epochs_10/noise_coherent_overrotation_0p05/seed_0/metrics.json,completed,,,,,,,,0.46864117644201797,,,,,
/scratch/users/jdehoney/eqnn_thesis/data/noisy_comparisons/qiskit_mixed_odd_21032705,/scratch/users/jdehoney/eqnn_thesis/data/noisy_comparisons/qiskit_mixed_odd_21032705/noise_coherent_overrotation_n5,qiskit_mixed,su2_qcnn,5,4,10,1,coherent_overrotation,0.05,/scratch/users/jdehoney/eqnn_thesis/data/noisy_comparisons/qiskit_mixed_odd_21032705/noise_coherent_overrotation_n5/qiskit_mixed/su2_qcnn/n5/train_size_4/epochs_10/noise_coherent_overrotation_0p05/seed_1,/scratch/users/jdehoney/eqnn_thesis/data/noisy_comparisons/qiskit_mixed_odd_21032705/noise_coherent_overrotation_n5/qiskit_mixed/su2_qcnn/n5/train_size_4/epochs_10/noise_coherent_overrotation_0p05/seed_1/metrics.json,completed,,,,,,,,0.722975633870823,,,,,
/scratch/users/jdehoney/eqnn_thesis/data/noisy_comparisons/qiskit_mixed_odd_21032705,/scratch/users/jdehoney/eqnn_thesis/data/noisy_comparisons/qiskit_mixed_odd_21032705/noise_coherent_overrotation_n5,qiskit_mixed,su2_qcnn,5,4,10,2,coherent_overrotation,0.05,/scratch/users/jdehoney/eqnn_thesis/data/noisy_comparisons/qiskit_mixed_odd_21032705/noise_coherent_overrotation_n5/qiskit_mixed/su2_qcnn/n5/train_size_4/epochs_10/noise_coherent_overrotation_0p05/seed_2,/scratch/users/jdehoney/eqnn_thesis/data/noisy_comparisons/qiskit_mixed_odd_21032705/noise_coherent_overrotation_n5/qiskit_mixed/su2_qcnn/n5/train_size_4/epochs_10/noise_coherent_overrotation_0p05/seed_2/metrics.json,completed,,,,,,,,0.5815840027438055,,,,,
/scratch/users/jdehoney/eqnn_thesis/data/noisy_comparisons/qiskit_mixed_odd_21032705,/scratch/users/jdehoney/eqnn_thesis/data/noisy_comparisons/qiskit_mixed_odd_21032705/noise_coherent_overrotation_n5,qiskit_mixed,su2_qcnn,5,4,10,0,coherent_overrotation,0.1,/scratch/users/jdehoney/eqnn_thesis/data/noisy_comparisons/qiskit_mixed_odd_21032705/noise_coherent_overrotation_n5/qiskit_mixed/su2_qcnn/n5/train_size_4/epochs_10/noise_coherent_overrotation_0p1/seed_0,/scratch/users/jdehoney/eqnn_thesis/data/noisy_comparisons/qiskit_mixed_odd_21032705/noise_coherent_overrotation_n5/qiskit_mixed/su2_qcnn/n5/train_size_4/epochs_10/noise_coherent_overrotation_0p1/seed_0/metrics.json,completed,,,,,,,,0.4778314910432502,,,,,
/scratch/users/jdehoney/eqnn_thesis/data/noisy_comparisons/qiskit_mixed_odd_21032705,/scratch/users/jdehoney/eqnn_thesis/data/noisy_comparisons/qiskit_mixed_odd_21032705/noise_coherent_overrotation_n5,qiskit_mixed,su2_qcnn,5,4,10,1,coherent_overrotation,0.1,/scratch/users/jdehoney/eqnn_thesis/data/noisy_comparisons/qiskit_mixed_odd_21032705/noise_coherent_overrotation_n5/qiskit_mixed/su2_qcnn/n5/train_size_4/epochs_10/noise_coherent_overrotation_0p1/seed_1,/scratch/users/jdehoney/eqnn_thesis/data/noisy_comparisons/qiskit_mixed_odd_21032705/noise_coherent_overrotation_n5/qiskit_mixed/su2_qcnn/n5/train_size_4/epochs_10/noise_coherent_overrotation_0p1/seed_1/metrics.json,completed,,,,,,,,0.7347149984031023,,,,,
/scratch/users/jdehoney/eqnn_thesis/data/noisy_comparisons/qiskit_mixed_odd_21032705,/scratch/users/jdehoney/eqnn_thesis/data/noisy_comparisons/qiskit_mixed_odd_21032705/noise_coherent_overrotation_n5,qiskit_mixed,su2_qcnn,5,4,10,2,coherent_overrotation,0.1,/scratch/users/jdehoney/eqnn_thesis/data/noisy_comparisons/qiskit_mixed_odd_21032705/noise_coherent_overrotation_n5/qiskit_mixed/su2_qcnn/n5/train_size_4/epochs_10/noise_coherent_overrotation_0p1/seed_2,/scratch/users/jdehoney/eqnn_thesis/data/noisy_comparisons/qiskit_mixed_odd_21032705/noise_coherent_overrotation_n5/qiskit_mixed/su2_qcnn/n5/train_size_4/epochs_10/noise_coherent_overrotation_0p1/seed_2/metrics.json,completed,,,,,,,,0.5944410597674703,,,,,
/scratch/users/jdehoney/eqnn_thesis/data/noisy_comparisons/qiskit_mixed_odd_21032705,/scratch/users/jdehoney/eqnn_thesis/data/noisy_comparisons/qiskit_mixed_odd_21032705/noise_coherent_overrotation_n5,qiskit_mixed,su2_qcnn,5,8,10,0,coherent_overrotation,0.0,/scratch/users/jdehoney/eqnn_thesis/data/noisy_comparisons/qiskit_mixed_odd_21032705/noise_coherent_overrotation_n5/qiskit_mixed/su2_qcnn/n5/train_size_8/epochs_10/noise_coherent_overrotation_0/seed_0,/scratch/users/jdehoney/eqnn_thesis/data/noisy_comparisons/qiskit_mixed_odd_21032705/noise_coherent_overrotation_n5/qiskit_mixed/su2_qcnn/n5/train_size_8/epochs_10/noise_coherent_overrotation_0/seed_0/metrics.json,completed,,,,,,,,0.4428635746041897,,,,,
/scratch/users/jdehoney/eqnn_thesis/data/noisy_comparisons/qiskit_mixed_odd_21032705,/scratch/users/jdehoney/eqnn_thesis/data/noisy_comparisons/qiskit_mixed_odd_21032705/noise_coherent_overrotation_n5,qiskit_mixed,su2_qcnn,5,8,10,1,coherent_overrotation,0.0,/scratch/users/jdehoney/eqnn_thesis/data/noisy_comparisons/qiskit_mixed_odd_21032705/noise_coherent_overrotation_n5/qiskit_mixed/su2_qcnn/n5/train_size_8/epochs_10/noise_coherent_overrotation_0/seed_1,/scratch/users/jdehoney/eqnn_thesis/data/noisy_comparisons/qiskit_mixed_odd_21032705/noise_coherent_overrotation_n5/qiskit_mixed/su2_qcnn/n5/train_size_8/epochs_10/noise_coherent_overrotation_0/seed_1/metrics.json,completed,,,,,,,,0.41650204309947425,,,,,
/scratch/users/jdehoney/eqnn_thesis/data/noisy_comparisons/qiskit_mixed_odd_21032705,/scratch/users/jdehoney/eqnn_thesis/data/noisy_comparisons/qiskit_mixed_odd_21032705/noise_coherent_overrotation_n5,qiskit_mixed,su2_qcnn,5,8,10,2,coherent_overrotation,0.0,/scratch/users/jdehoney/eqnn_thesis/data/noisy_comparisons/qiskit_mixed_odd_21032705/noise_coherent_overrotation_n5/qiskit_mixed/su2_qcnn/n5/train_size_8/epochs_10/noise_coherent_overrotation_0/seed_2,/scratch/users/jdehoney/eqnn_thesis/data/noisy_comparisons/qiskit_mixed_odd_21032705/noise_coherent_overrotation_n5/qiskit_mixed/su2_qcnn/n5/train_size_8/epochs_10/noise_coherent_overrotation_0/seed_2/metrics.json,completed,,,,,,,,0.45170819421480735,,,,,
/scratch/users/jdehoney/eqnn_thesis/data/noisy_comparisons/qiskit_mixed_odd_21032705,/scratch/users/jdehoney/eqnn_thesis/data/noisy_comparisons/qiskit_mixed_odd_21032705/noise_coherent_overrotation_n5,qiskit_mixed,su2_qcnn,5,8,10,0,coherent_overrotation,0.001,/scratch/users/jdehoney/eqnn_thesis/data/noisy_comparisons/qiskit_mixed_odd_21032705/noise_coherent_overrotation_n5/qiskit_mixed/su2_qcnn/n5/train_size_8/epochs_10/noise_coherent_overrotation_0p001/seed_0,/scratch/users/jdehoney/eqnn_thesis/data/noisy_comparisons/qiskit_mixed_odd_21032705/noise_coherent_overrotation_n5/qiskit_mixed/su2_qcnn/n5/train_size_8/epochs_10/noise_coherent_overrotation_0p001/seed_0/metrics.json,completed,,,,,,,,0.4428240937925718,,,,,
/scratch/users/jdehoney/eqnn_thesis/data/noisy_comparisons/qiskit_mixed_odd_21032705,/scratch/users/jdehoney/eqnn_thesis/data/noisy_comparisons/qiskit_mixed_odd_21032705/noise_coherent_overrotation_n5,qiskit_mixed,su2_qcnn,5,8,10,1,coherent_overrotation,0.001,/scratch/users/jdehoney/eqnn_thesis/data/noisy_comparisons/qiskit_mixed_odd_21032705/noise_coherent_overrotation_n5/qiskit_mixed/su2_qcnn/n5/train_size_8/epochs_10/noise_coherent_overrotation_0p001/seed_1,/scratch/users/jdehoney/eqnn_thesis/data/noisy_comparisons/qiskit_mixed_odd_21032705/noise_coherent_overrotation_n5/qiskit_mixed/su2_qcnn/n5/train_size_8/epochs_10/noise_coherent_overrotation_0p001/seed_1/metrics.json,completed,,,,,,,,0.416553888668736,,,,,
/scratch/users/jdehoney/eqnn_thesis/data/noisy_comparisons/qiskit_mixed_odd_21032705,/scratch/users/jdehoney/eqnn_thesis/data/noisy_comparisons/qiskit_mixed_odd_21032705/noise_coherent_overrotation_n5,qiskit_mixed,su2_qcnn,5,8,10,2,coherent_overrotation,0.001,/scratch/users/jdehoney/eqnn_thesis/data/noisy_comparisons/qiskit_mixed_odd_21032705/noise_coherent_overrotation_n5/qiskit_mixed/su2_qcnn/n5/train_size_8/epochs_10/noise_coherent_overrotation_0p001/seed_2,/scratch/users/jdehoney/eqnn_thesis/data/noisy_comparisons/qiskit_mixed_odd_21032705/noise_coherent_overrotation_n5/qiskit_mixed/su2_qcnn/n5/train_size_8/epochs_10/noise_coherent_overrotation_0p001/seed_2/metrics.json,completed,,,,,,,,0.451669550482071,,,,,
/scratch/users/jdehoney/eqnn_thesis/data/noisy_comparisons/qiskit_mixed_odd_21032705,/scratch/users/jdehoney/eqnn_thesis/data/noisy_comparisons/qiskit_mixed_odd_21032705/noise_coherent_overrotation_n5,qiskit_mixed,su2_qcnn,5,8,10,0,coherent_overrotation,0.005,/scratch/users/jdehoney/eqnn_thesis/data/noisy_comparisons/qiskit_mixed_odd_21032705/noise_coherent_overrotation_n5/qiskit_mixed/su2_qcnn/n5/train_size_8/epochs_10/noise_coherent_overrotation_0p005/seed_0,/scratch/users/jdehoney/eqnn_thesis/data/noisy_comparisons/qiskit_mixed_odd_21032705/noise_coherent_overrotation_n5/qiskit_mixed/su2_qcnn/n5/train_size_8/epochs_10/noise_coherent_overrotation_0p005/seed_0/metrics.json,completed,,,,,,,,0.44266047223952965,,,,,
/scratch/users/jdehoney/eqnn_thesis/data/noisy_comparisons/qiskit_mixed_odd_21032705,/scratch/users/jdehoney/eqnn_thesis/data/noisy_comparisons/qiskit_mixed_odd_21032705/noise_coherent_overrotation_n5,qiskit_mixed,su2_qcnn,5,8,10,1,coherent_overrotation,0.005,/scratch/users/jdehoney/eqnn_thesis/data/noisy_comparisons/qiskit_mixed_odd_21032705/noise_coherent_overrotation_n5/qiskit_mixed/su2_qcnn/n5/train_size_8/epochs_10/noise_coherent_overrotation_0p005/seed_1,/scratch/users/jdehoney/eqnn_thesis/data/noisy_comparisons/qiskit_mixed_odd_21032705/noise_coherent_overrotation_n5/qiskit_mixed/su2_qcnn/n5/train_size_8/epochs_10/noise_coherent_overrotation_0p005/seed_1/metrics.json,completed,,,,,,,,0.4167664712282103,,,,,
/scratch/users/jdehoney/eqnn_thesis/data/noisy_comparisons/qiskit_mixed_odd_21032705,/scratch/users/jdehoney/eqnn_thesis/data/noisy_comparisons/qiskit_mixed_odd_21032705/noise_coherent_overrotation_n5,qiskit_mixed,su2_qcnn,5,8,10,2,coherent_overrotation,0.005,/scratch/users/jdehoney/eqnn_thesis/data/noisy_comparisons/qiskit_mixed_odd_21032705/noise_coherent_overrotation_n5/qiskit_mixed/su2_qcnn/n5/train_size_8/epochs_10/noise_coherent_overrotation_0p005/seed_2,/scratch/users/jdehoney/eqnn_thesis/data/noisy_comparisons/qiskit_mixed_odd_21032705/noise_coherent_overrotation_n5/qiskit_mixed/su2_qcnn/n5/train_size_8/epochs_10/noise_coherent_overrotation_0p005/seed_2/metrics.json,completed,,,,,,,,0.45152055315052597,,,,,
/scratch/users/jdehoney/eqnn_thesis/data/noisy_comparisons/qiskit_mixed_odd_21032705,/scratch/users/jdehoney/eqnn_thesis/data/noisy_comparisons/qiskit_mixed_odd_21032705/noise_coherent_overrotation_n5,qiskit_mixed,su2_qcnn,5,8,10,0,coherent_overrotation,0.01,/scratch/users/jdehoney/eqnn_thesis/data/noisy_comparisons/qiskit_mixed_odd_21032705/noise_coherent_overrotation_n5/qiskit_mixed/su2_qcnn/n5/train_size_8/epochs_10/noise_coherent_overrotation_0p01/seed_0,/scratch/users/jdehoney/eqnn_thesis/data/noisy_comparisons/qiskit_mixed_odd_21032705/noise_coherent_overrotation_n5/qiskit_mixed/su2_qcnn/n5/train_size_8/epochs_10/noise_coherent_overrotation_0p01/seed_0/metrics.json,completed,,,,,,,,0.4424429251744252,,,,,
/scratch/users/jdehoney/eqnn_thesis/data/noisy_comparisons/qiskit_mixed_odd_21032705,/scratch/users/jdehoney/eqnn_thesis/data/noisy_comparisons/qiskit_mixed_odd_21032705/noise_coherent_overrotation_n5,qiskit_mixed,su2_qcnn,5,8,10,1,coherent_overrotation,0.01,/scratch/users/jdehoney/eqnn_thesis/data/noisy_comparisons/qiskit_mixed_odd_21032705/noise_coherent_overrotation_n5/qiskit_mixed/su2_qcnn/n5/train_size_8/epochs_10/noise_coherent_overrotation_0p01/seed_1,/scratch/users/jdehoney/eqnn_thesis/data/noisy_comparisons/qiskit_mixed_odd_21032705/noise_coherent_overrotation_n5/qiskit_mixed/su2_qcnn/n5/train_size_8/epochs_10/noise_coherent_overrotation_0p01/seed_1/metrics.json,completed,,,,,,,,0.4170441449812768,,,,,
/scratch/users/jdehoney/eqnn_thesis/data/noisy_comparisons/qiskit_mixed_odd_21032705,/scratch/users/jdehoney/eqnn_thesis/data/noisy_comparisons/qiskit_mixed_odd_21032705/noise_coherent_overrotation_n5,qiskit_mixed,su2_qcnn,5,8,10,2,coherent_overrotation,0.01,/scratch/users/jdehoney/eqnn_thesis/data/noisy_comparisons/qiskit_mixed_odd_21032705/noise_coherent_overrotation_n5/qiskit_mixed/su2_qcnn/n5/train_size_8/epochs_10/noise_coherent_overrotation_0p01/seed_2,/scratch/users/jdehoney/eqnn_thesis/data/noisy_comparisons/qiskit_mixed_odd_21032705/noise_coherent_overrotation_n5/qiskit_mixed/su2_qcnn/n5/train_size_8/epochs_10/noise_coherent_overrotation_0p01/seed_2/metrics.json,completed,,,,,,,,0.4513468945346293,,,,,
/scratch/users/jdehoney/eqnn_thesis/data/noisy_comparisons/qiskit_mixed_odd_21032705,/scratch/users/jdehoney/eqnn_thesis/data/noisy_comparisons/qiskit_mixed_odd_21032705/noise_coherent_overrotation_n5,qiskit_mixed,su2_qcnn,5,8,10,0,coherent_overrotation,0.05,/scratch/users/jdehoney/eqnn_thesis/data/noisy_comparisons/qiskit_mixed_odd_21032705/noise_coherent_overrotation_n5/qiskit_mixed/su2_qcnn/n5/train_size_8/epochs_10/noise_coherent_overrotation_0p05/seed_0,/scratch/users/jdehoney/eqnn_thesis/data/noisy_comparisons/qiskit_mixed_odd_21032705/noise_coherent_overrotation_n5/qiskit_mixed/su2_qcnn/n5/train_size_8/epochs_10/noise_coherent_overrotation_0p05/seed_0/metrics.json,completed,,,,,,,,0.44016715782664056,,,,,
/scratch/users/jdehoney/eqnn_thesis/data/noisy_comparisons/qiskit_mixed_odd_21032705,/scratch/users/jdehoney/eqnn_thesis/data/noisy_comparisons/qiskit_mixed_odd_21032705/noise_coherent_overrotation_n5,qiskit_mixed,su2_qcnn,5,8,10,1,coherent_overrotation,0.05,/scratch/users/jdehoney/eqnn_thesis/data/noisy_comparisons/qiskit_mixed_odd_21032705/noise_coherent_overrotation_n5/qiskit_mixed/su2_qcnn/n5/train_size_8/epochs_10/noise_coherent_overrotation_0p05/seed_1,/scratch/users/jdehoney/eqnn_thesis/data/noisy_comparisons/qiskit_mixed_odd_21032705/noise_coherent_overrotation_n5/qiskit_mixed/su2_qcnn/n5/train_size_8/epochs_10/noise_coherent_overrotation_0p05/seed_1/metrics.json,completed,,,,,,,,0.41979672588986827,,,,,
/scratch/users/jdehoney/eqnn_thesis/data/noisy_comparisons/qiskit_mixed_odd_21032705,/scratch/users/jdehoney/eqnn_thesis/data/noisy_comparisons/qiskit_mixed_odd_21032705/noise_coherent_overrotation_n5,qiskit_mixed,su2_qcnn,5,8,10,2,coherent_overrotation,0.05,/scratch/users/jdehoney/eqnn_thesis/data/noisy_comparisons/qiskit_mixed_odd_21032705/noise_coherent_overrotation_n5/qiskit_mixed/su2_qcnn/n5/train_size_8/epochs_10/noise_coherent_overrotation_0p05/seed_2,/scratch/users/jdehoney/eqnn_thesis/data/noisy_comparisons/qiskit_mixed_odd_21032705/noise_coherent_overrotation_n5/qiskit_mixed/su2_qcnn/n5/train_size_8/epochs_10/noise_coherent_overrotation_0p05/seed_2/metrics.json,completed,,,,,,,,0.4504318297296329,,,,,
/scratch/users/jdehoney/eqnn_thesis/data/noisy_comparisons/qiskit_mixed_odd_21032705,/scratch/users/jdehoney/eqnn_thesis/data/noisy_comparisons/qiskit_mixed_odd_21032705/noise_coherent_overrotation_n5,qiskit_mixed,su2_qcnn,5,8,10,0,coherent_overrotation,0.1,/scratch/users/jdehoney/eqnn_thesis/data/noisy_comparisons/qiskit_mixed_odd_21032705/noise_coherent_overrotation_n5/qiskit_mixed/su2_qcnn/n5/train_size_8/epochs_10/noise_coherent_overrotation_0p1/seed_0,/scratch/users/jdehoney/eqnn_thesis/data/noisy_comparisons/qiskit_mixed_odd_21032705/noise_coherent_overrotation_n5/qiskit_mixed/su2_qcnn/n5/train_size_8/epochs_10/noise_coherent_overrotation_0p1/seed_0/metrics.json,completed,,,,,,,,0.4361882647515042,,,,,
/scratch/users/jdehoney/eqnn_thesis/data/noisy_comparisons/qiskit_mixed_odd_21032705,/scratch/users/jdehoney/eqnn_thesis/data/noisy_comparisons/qiskit_mixed_odd_21032705/noise_coherent_overrotation_n5,qiskit_mixed,su2_qcnn,5,8,10,1,coherent_overrotation,0.1,/scratch/users/jdehoney/eqnn_thesis/data/noisy_comparisons/qiskit_mixed_odd_21032705/noise_coherent_overrotation_n5/qiskit_mixed/su2_qcnn/n5/train_size_8/epochs_10/noise_coherent_overrotation_0p1/seed_1,/scratch/users/jdehoney/eqnn_thesis/data/noisy_comparisons/qiskit_mixed_odd_21032705/noise_coherent_overrotation_n5/qiskit_mixed/su2_qcnn/n5/train_size_8/epochs_10/noise_coherent_overrotation_0p1/seed_1/metrics.json,completed,,,,,,,,0.42483777116859134,,,,,
/scratch/users/jdehoney/eqnn_thesis/data/noisy_comparisons/qiskit_mixed_odd_21032705,/scratch/users/jdehoney/eqnn_thesis/data/noisy_comparisons/qiskit_mixed_odd_21032705/noise_coherent_overrotation_n5,qiskit_mixed,su2_qcnn,5,8,10,2,coherent_overrotation,0.1,/scratch/users/jdehoney/eqnn_thesis/data/noisy_comparisons/qiskit_mixed_odd_21032705/noise_coherent_overrotation_n5/qiskit_mixed/su2_qcnn/n5/train_size_8/epochs_10/noise_coherent_overrotation_0p1/seed_2,/scratch/users/jdehoney/eqnn_thesis/data/noisy_comparisons/qiskit_mixed_odd_21032705/noise_coherent_overrotation_n5/qiskit_mixed/su2_qcnn/n5/train_size_8/epochs_10/noise_coherent_overrotation_0p1/seed_2/metrics.json,completed,,,,,,,,0.45005124199334934,,,,,
/scratch/users/jdehoney/eqnn_thesis/data/noisy_comparisons/qiskit_mixed_odd_21032705,/scratch/users/jdehoney/eqnn_thesis/data/noisy_comparisons/qiskit_mixed_odd_21032705/noise_coherent_overrotation_n5,qiskit_mixed,su2_qcnn,5,12,10,0,coherent_overrotation,0.0,/scratch/users/jdehoney/eqnn_thesis/data/noisy_comparisons/qiskit_mixed_odd_21032705/noise_coherent_overrotation_n5/qiskit_mixed/su2_qcnn/n5/train_size_12/epochs_10/noise_coherent_overrotation_0/seed_0,/scratch/users/jdehoney/eqnn_thesis/data/noisy_comparisons/qiskit_mixed_odd_21032705/noise_coherent_overrotation_n5/qiskit_mixed/su2_qcnn/n5/train_size_12/epochs_10/noise_coherent_overrotation_0/seed_0/metrics.json,completed,,,,,,,,0.34258659585469564,,,,,
/scratch/users/jdehoney/eqnn_thesis/data/noisy_comparisons/qiskit_mixed_odd_21032705,/scratch/users/jdehoney/eqnn_thesis/data/noisy_comparisons/qiskit_mixed_odd_21032705/noise_coherent_overrotation_n5,qiskit_mixed,su2_qcnn,5,12,10,1,coherent_overrotation,0.0,/scratch/users/jdehoney/eqnn_thesis/data/noisy_comparisons/qiskit_mixed_odd_21032705/noise_coherent_overrotation_n5/qiskit_mixed/su2_qcnn/n5/train_size_12/epochs_10/noise_coherent_overrotation_0/seed_1,/scratch/users/jdehoney/eqnn_thesis/data/noisy_comparisons/qiskit_mixed_odd_21032705/noise_coherent_overrotation_n5/qiskit_mixed/su2_qcnn/n5/train_size_12/epochs_10/noise_coherent_overrotation_0/seed_1/metrics.json,completed,,,,,,,,0.3504791827655846,,,,,
/scratch/users/jdehoney/eqnn_thesis/data/noisy_comparisons/qiskit_mixed_odd_21032705,/scratch/users/jdehoney/eqnn_thesis/data/noisy_comparisons/qiskit_mixed_odd_21032705/noise_coherent_overrotation_n5,qiskit_mixed,su2_qcnn,5,12,10,2,coherent_overrotation,0.0,/scratch/users/jdehoney/eqnn_thesis/data/noisy_comparisons/qiskit_mixed_odd_21032705/noise_coherent_overrotation_n5/qiskit_mixed/su2_qcnn/n5/train_size_12/epochs_10/noise_coherent_overrotation_0/seed_2,/scratch/users/jdehoney/eqnn_thesis/data/noisy_comparisons/qiskit_mixed_odd_21032705/noise_coherent_overrotation_n5/qiskit_mixed/su2_qcnn/n5/train_size_12/epochs_10/noise_coherent_overrotation_0/seed_2/metrics.json,completed,,,,,,,,0.3374528355549783,,,,,
/scratch/users/jdehoney/eqnn_thesis/data/noisy_comparisons/qiskit_mixed_odd_21032705,/scratch/users/jdehoney/eqnn_thesis/data/noisy_comparisons/qiskit_mixed_odd_21032705/noise_coherent_overrotation_n5,qiskit_mixed,su2_qcnn,5,12,10,0,coherent_overrotation,0.001,/scratch/users/jdehoney/eqnn_thesis/data/noisy_comparisons/qiskit_mixed_odd_21032705/noise_coherent_overrotation_n5/qiskit_mixed/su2_qcnn/n5/train_size_12/epochs_10/noise_coherent_overrotation_0p001/seed_0,/scratch/users/jdehoney/eqnn_thesis/data/noisy_comparisons/qiskit_mixed_odd_21032705/noise_coherent_overrotation_n5/qiskit_mixed/su2_qcnn/n5/train_size_12/epochs_10/noise_coherent_overrotation_0p001/seed_0/metrics.json,completed,,,,,,,,0.34255650915213504,,,,,
/scratch/users/jdehoney/eqnn_thesis/data/noisy_comparisons/qiskit_mixed_odd_21032705,/scratch/users/jdehoney/eqnn_thesis/data/noisy_comparisons/qiskit_mixed_odd_21032705/noise_coherent_overrotation_n5,qiskit_mixed,su2_qcnn,5,12,10,1,coherent_overrotation,0.001,/scratch/users/jdehoney/eqnn_thesis/data/noisy_comparisons/qiskit_mixed_odd_21032705/noise_coherent_overrotation_n5/qiskit_mixed/su2_qcnn/n5/train_size_12/epochs_10/noise_coherent_overrotation_0p001/seed_1,/scratch/users/jdehoney/eqnn_thesis/data/noisy_comparisons/qiskit_mixed_odd_21032705/noise_coherent_overrotation_n5/qiskit_mixed/su2_qcnn/n5/train_size_12/epochs_10/noise_coherent_overrotation_0p001/seed_1/metrics.json,completed,,,,,,,,0.35055755164809155,,,,,
/scratch/users/jdehoney/eqnn_thesis/data/noisy_comparisons/qiskit_mixed_odd_21032705,/scratch/users/jdehoney/eqnn_thesis/data/noisy_comparisons/qiskit_mixed_odd_21032705/noise_coherent_overrotation_n5,qiskit_mixed,su2_qcnn,5,12,10,2,coherent_overrotation,0.001,/scratch/users/jdehoney/eqnn_thesis/data/noisy_comparisons/qiskit_mixed_odd_21032705/noise_coherent_overrotation_n5/qiskit_mixed/su2_qcnn/n5/train_size_12/epochs_10/noise_coherent_overrotation_0p001/seed_2,/scratch/users/jdehoney/eqnn_thesis/data/noisy_comparisons/qiskit_mixed_odd_21032705/noise_coherent_overrotation_n5/qiskit_mixed/su2_qcnn/n5/train_size_12/epochs_10/noise_coherent_overrotation_0p001/seed_2/metrics.json,completed,,,,,,,,0.33746806783333977,,,,,
/scratch/users/jdehoney/eqnn_thesis/data/noisy_comparisons/qiskit_mixed_odd_21032705,/scratch/users/jdehoney/eqnn_thesis/data/noisy_comparisons/qiskit_mixed_odd_21032705/noise_coherent_overrotation_n5,qiskit_mixed,su2_qcnn,5,12,10,0,coherent_overrotation,0.005,/scratch/users/jdehoney/eqnn_thesis/data/noisy_comparisons/qiskit_mixed_odd_21032705/noise_coherent_overrotation_n5/qiskit_mixed/su2_qcnn/n5/train_size_12/epochs_10/noise_coherent_overrotation_0p005/seed_0,/scratch/users/jdehoney/eqnn_thesis/data/noisy_comparisons/qiskit_mixed_odd_21032705/noise_coherent_overrotation_n5/qiskit_mixed/su2_qcnn/n5/train_size_12/epochs_10/noise_coherent_overrotation_0p005/seed_0/metrics.json,completed,,,,,,,,0.3424370136204281,,,,,
/scratch/users/jdehoney/eqnn_thesis/data/noisy_comparisons/qiskit_mixed_odd_21032705,/scratch/users/jdehoney/eqnn_thesis/data/noisy_comparisons/qiskit_mixed_odd_21032705/noise_coherent_overrotation_n5,qiskit_mixed,su2_qcnn,5,12,10,1,coherent_overrotation,0.005,/scratch/users/jdehoney/eqnn_thesis/data/noisy_comparisons/qiskit_mixed_odd_21032705/noise_coherent_overrotation_n5/qiskit_mixed/su2_qcnn/n5/train_size_12/epochs_10/noise_coherent_overrotation_0p005/seed_1,/scratch/users/jdehoney/eqnn_thesis/data/noisy_comparisons/qiskit_mixed_odd_21032705/noise_coherent_overrotation_n5/qiskit_mixed/su2_qcnn/n5/train_size_12/epochs_10/noise_coherent_overrotation_0p005/seed_1/metrics.json,completed,,,,,,,,0.35086509488556183,,,,,
/scratch/users/jdehoney/eqnn_thesis/data/noisy_comparisons/qiskit_mixed_odd_21032705,/scratch/users/jdehoney/eqnn_thesis/data/noisy_comparisons/qiskit_mixed_odd_21032705/noise_coherent_overrotation_n5,qiskit_mixed,su2_qcnn,5,12,10,2,coherent_overrotation,0.005,/scratch/users/jdehoney/eqnn_thesis/data/noisy_comparisons/qiskit_mixed_odd_21032705/noise_coherent_overrotation_n5/qiskit_mixed/su2_qcnn/n5/train_size_12/epochs_10/noise_coherent_overrotation_0p005/seed_2,/scratch/users/jdehoney/eqnn_thesis/data/noisy_comparisons/qiskit_mixed_odd_21032705/noise_coherent_overrotation_n5/qiskit_mixed/su2_qcnn/n5/train_size_12/epochs_10/noise_coherent_overrotation_0p005/seed_2/metrics.json,completed,,,,,,,,0.3375264339103522,,,,,
/scratch/users/jdehoney/eqnn_thesis/data/noisy_comparisons/qiskit_mixed_odd_21032705,/scratch/users/jdehoney/eqnn_thesis/data/noisy_comparisons/qiskit_mixed_odd_21032705/noise_coherent_overrotation_n5,qiskit_mixed,su2_qcnn,5,12,10,0,coherent_overrotation,0.01,/scratch/users/jdehoney/eqnn_thesis/data/noisy_comparisons/qiskit_mixed_odd_21032705/noise_coherent_overrotation_n5/qiskit_mixed/su2_qcnn/n5/train_size_12/epochs_10/noise_coherent_overrotation_0p01/seed_0,/scratch/users/jdehoney/eqnn_thesis/data/noisy_comparisons/qiskit_mixed_odd_21032705/noise_coherent_overrotation_n5/qiskit_mixed/su2_qcnn/n5/train_size_12/epochs_10/noise_coherent_overrotation_0p01/seed_0/metrics.json,completed,,,,,,,,0.3422895741266676,,,,,
/scratch/users/jdehoney/eqnn_thesis/data/noisy_comparisons/qiskit_mixed_odd_21032705,/scratch/users/jdehoney/eqnn_thesis/data/noisy_comparisons/qiskit_mixed_odd_21032705/noise_coherent_overrotation_n5,qiskit_mixed,su2_qcnn,5,12,10,1,coherent_overrotation,0.01,/scratch/users/jdehoney/eqnn_thesis/data/noisy_comparisons/qiskit_mixed_odd_21032705/noise_coherent_overrotation_n5/qiskit_mixed/su2_qcnn/n5/train_size_12/epochs_10/noise_coherent_overrotation_0p01/seed_1,/scratch/users/jdehoney/eqnn_thesis/data/noisy_comparisons/qiskit_mixed_odd_21032705/noise_coherent_overrotation_n5/qiskit_mixed/su2_qcnn/n5/train_size_12/epochs_10/noise_coherent_overrotation_0p01/seed_1/metrics.json,completed,,,,,,,,0.3512352341356849,,,,,
/scratch/users/jdehoney/eqnn_thesis/data/noisy_comparisons/qiskit_mixed_odd_21032705,/scratch/users/jdehoney/eqnn_thesis/data/noisy_comparisons/qiskit_mixed_odd_21032705/noise_coherent_overrotation_n5,qiskit_mixed,su2_qcnn,5,12,10,2,coherent_overrotation,0.01,/scratch/users/jdehoney/eqnn_thesis/data/noisy_comparisons/qiskit_mixed_odd_21032705/noise_coherent_overrotation_n5/qiskit_mixed/su2_qcnn/n5/train_size_12/epochs_10/noise_coherent_overrotation_0p01/seed_2,/scratch/users/jdehoney/eqnn_thesis/data/noisy_comparisons/qiskit_mixed_odd_21032705/noise_coherent_overrotation_n5/qiskit_mixed/su2_qcnn/n5/train_size_12/epochs_10/noise_coherent_overrotation_0p01/seed_2/metrics.json,completed,,,,,,,,0.3375899903664368,,,,,
/scratch/users/jdehoney/eqnn_thesis/data/noisy_comparisons/qiskit_mixed_odd_21032705,/scratch/users/jdehoney/eqnn_thesis/data/noisy_comparisons/qiskit_mixed_odd_21032705/noise_coherent_overrotation_n5,qiskit_mixed,su2_qcnn,5,12,10,0,coherent_overrotation,0.05,/scratch/users/jdehoney/eqnn_thesis/data/noisy_comparisons/qiskit_mixed_odd_21032705/noise_coherent_overrotation_n5/qiskit_mixed/su2_qcnn/n5/train_size_12/epochs_10/noise_coherent_overrotation_0p05/seed_0,/scratch/users/jdehoney/eqnn_thesis/data/noisy_comparisons/qiskit_mixed_odd_21032705/noise_coherent_overrotation_n5/qiskit_mixed/su2_qcnn/n5/train_size_12/epochs_10/noise_coherent_overrotation_0p05/seed_0/metrics.json,completed,,,,,,,,0.341191927656094,,,,,
/scratch/users/jdehoney/eqnn_thesis/data/noisy_comparisons/qiskit_mixed_odd_21032705,/scratch/users/jdehoney/eqnn_thesis/data/noisy_comparisons/qiskit_mixed_odd_21032705/noise_coherent_overrotation_n5,qiskit_mixed,su2_qcnn,5,12,10,1,coherent_overrotation,0.05,/scratch/users/jdehoney/eqnn_thesis/data/noisy_comparisons/qiskit_mixed_odd_21032705/noise_coherent_overrotation_n5/qiskit_mixed/su2_qcnn/n5/train_size_12/epochs_10/noise_coherent_overrotation_0p05/seed_1,/scratch/users/jdehoney/eqnn_thesis/data/noisy_comparisons/qiskit_mixed_odd_21032705/noise_coherent_overrotation_n5/qiskit_mixed/su2_qcnn/n5/train_size_12/epochs_10/noise_coherent_overrotation_0p05/seed_1/metrics.json,completed,,,,,,,,0.3534678669145336,,,,,
/scratch/users/jdehoney/eqnn_thesis/data/noisy_comparisons/qiskit_mixed_odd_21032705,/scratch/users/jdehoney/eqnn_thesis/data/noisy_comparisons/qiskit_mixed_odd_21032705/noise_coherent_overrotation_n5,qiskit_mixed,su2_qcnn,5,12,10,2,coherent_overrotation,0.05,/scratch/users/jdehoney/eqnn_thesis/data/noisy_comparisons/qiskit_mixed_odd_21032705/noise_coherent_overrotation_n5/qiskit_mixed/su2_qcnn/n5/train_size_12/epochs_10/noise_coherent_overrotation_0p05/seed_2,/scratch/users/jdehoney/eqnn_thesis/data/noisy_comparisons/qiskit_mixed_odd_21032705/noise_coherent_overrotation_n5/qiskit_mixed/su2_qcnn/n5/train_size_12/epochs_10/noise_coherent_overrotation_0p05/seed_2/metrics.json,completed,,,,,,,,0.33695681506703246,,,,,
/scratch/users/jdehoney/eqnn_thesis/data/noisy_comparisons/qiskit_mixed_odd_21032705,/scratch/users/jdehoney/eqnn_thesis/data/noisy_comparisons/qiskit_mixed_odd_21032705/noise_coherent_overrotation_n5,qiskit_mixed,su2_qcnn,5,12,10,0,coherent_overrotation,0.1,/scratch/users/jdehoney/eqnn_thesis/data/noisy_comparisons/qiskit_mixed_odd_21032705/noise_coherent_overrotation_n5/qiskit_mixed/su2_qcnn/n5/train_size_12/epochs_10/noise_coherent_overrotation_0p1/seed_0,/scratch/users/jdehoney/eqnn_thesis/data/noisy_comparisons/qiskit_mixed_odd_21032705/noise_coherent_overrotation_n5/qiskit_mixed/su2_qcnn/n5/train_size_12/epochs_10/noise_coherent_overrotation_0p1/seed_0/metrics.json,completed,,,,,,,,0.34005404502088044,,,,,
/scratch/users/jdehoney/eqnn_thesis/data/noisy_comparisons/qiskit_mixed_odd_21032705,/scratch/users/jdehoney/eqnn_thesis/data/noisy_comparisons/qiskit_mixed_odd_21032705/noise_coherent_overrotation_n5,qiskit_mixed,su2_qcnn,5,12,10,1,coherent_overrotation,0.1,/scratch/users/jdehoney/eqnn_thesis/data/noisy_comparisons/qiskit_mixed_odd_21032705/noise_coherent_overrotation_n5/qiskit_mixed/su2_qcnn/n5/train_size_12/epochs_10/noise_coherent_overrotation_0p1/seed_1,/scratch/users/jdehoney/eqnn_thesis/data/noisy_comparisons/qiskit_mixed_odd_21032705/noise_coherent_overrotation_n5/qiskit_mixed/su2_qcnn/n5/train_size_12/epochs_10/noise_coherent_overrotation_0p1/seed_1/metrics.json,completed,,,,,,,,0.35644534221134144,,,,,
/scratch/users/jdehoney/eqnn_thesis/data/noisy_comparisons/qiskit_mixed_odd_21032705,/scratch/users/jdehoney/eqnn_thesis/data/noisy_comparisons/qiskit_mixed_odd_21032705/noise_coherent_overrotation_n5,qiskit_mixed,su2_qcnn,5,12,10,2,coherent_overrotation,0.1,/scratch/users/jdehoney/eqnn_thesis/data/noisy_comparisons/qiskit_mixed_odd_21032705/noise_coherent_overrotation_n5/qiskit_mixed/su2_qcnn/n5/train_size_12/epochs_10/noise_coherent_overrotation_0p1/seed_2,/scratch/users/jdehoney/eqnn_thesis/data/noisy_comparisons/qiskit_mixed_odd_21032705/noise_coherent_overrotation_n5/qiskit_mixed/su2_qcnn/n5/train_size_12/epochs_10/noise_coherent_overrotation_0p1/seed_2/metrics.json,completed,,,,,,,,0.33197673006182604,,,,,
/scratch/users/jdehoney/eqnn_thesis/data/noisy_comparisons/qiskit_mixed_odd_21032705,/scratch/users/jdehoney/eqnn_thesis/data/noisy_comparisons/qiskit_mixed_odd_21032705/noise_coherent_overrotation_n5,qiskit_mixed,su2_qcnn,5,16,10,0,coherent_overrotation,0.0,/scratch/users/jdehoney/eqnn_thesis/data/noisy_comparisons/qiskit_mixed_odd_21032705/noise_coherent_overrotation_n5/qiskit_mixed/su2_qcnn/n5/train_size_16/epochs_10/noise_coherent_overrotation_0/seed_0,/scratch/users/jdehoney/eqnn_thesis/data/noisy_comparisons/qiskit_mixed_odd_21032705/noise_coherent_overrotation_n5/qiskit_mixed/su2_qcnn/n5/train_size_16/epochs_10/noise_coherent_overrotation_0/seed_0/metrics.json,completed,,,,,,,,0.36524663203308777,,,,,
/scratch/users/jdehoney/eqnn_thesis/data/noisy_comparisons/qiskit_mixed_odd_21032705,/scratch/users/jdehoney/eqnn_thesis/data/noisy_comparisons/qiskit_mixed_odd_21032705/noise_coherent_overrotation_n5,qiskit_mixed,su2_qcnn,5,16,10,1,coherent_overrotation,0.0,/scratch/users/jdehoney/eqnn_thesis/data/noisy_comparisons/qiskit_mixed_odd_21032705/noise_coherent_overrotation_n5/qiskit_mixed/su2_qcnn/n5/train_size_16/epochs_10/noise_coherent_overrotation_0/seed_1,/scratch/users/jdehoney/eqnn_thesis/data/noisy_comparisons/qiskit_mixed_odd_21032705/noise_coherent_overrotation_n5/qiskit_mixed/su2_qcnn/n5/train_size_16/epochs_10/noise_coherent_overrotation_0/seed_1/metrics.json,completed,,,,,,,,0.34225863102803655,,,,,
/scratch/users/jdehoney/eqnn_thesis/data/noisy_comparisons/qiskit_mixed_odd_21032705,/scratch/users/jdehoney/eqnn_thesis/data/noisy_comparisons/qiskit_mixed_odd_21032705/noise_coherent_overrotation_n5,qiskit_mixed,su2_qcnn,5,16,10,2,coherent_overrotation,0.0,/scratch/users/jdehoney/eqnn_thesis/data/noisy_comparisons/qiskit_mixed_odd_21032705/noise_coherent_overrotation_n5/qiskit_mixed/su2_qcnn/n5/train_size_16/epochs_10/noise_coherent_overrotation_0/seed_2,/scratch/users/jdehoney/eqnn_thesis/data/noisy_comparisons/qiskit_mixed_odd_21032705/noise_coherent_overrotation_n5/qiskit_mixed/su2_qcnn/n5/train_size_16/epochs_10/noise_coherent_overrotation_0/seed_2/metrics.json,completed,,,,,,,,0.31849678417158533,,,,,
/scratch/users/jdehoney/eqnn_thesis/data/noisy_comparisons/qiskit_mixed_odd_21032705,/scratch/users/jdehoney/eqnn_thesis/data/noisy_comparisons/qiskit_mixed_odd_21032705/noise_coherent_overrotation_n5,qiskit_mixed,su2_qcnn,5,16,10,0,coherent_overrotation,0.001,/scratch/users/jdehoney/eqnn_thesis/data/noisy_comparisons/qiskit_mixed_odd_21032705/noise_coherent_overrotation_n5/qiskit_mixed/su2_qcnn/n5/train_size_16/epochs_10/noise_coherent_overrotation_0p001/seed_0,/scratch/users/jdehoney/eqnn_thesis/data/noisy_comparisons/qiskit_mixed_odd_21032705/noise_coherent_overrotation_n5/qiskit_mixed/su2_qcnn/n5/train_size_16/epochs_10/noise_coherent_overrotation_0p001/seed_0/metrics.json,completed,,,,,,,,0.3651773584799922,,,,,
/scratch/users/jdehoney/eqnn_thesis/data/noisy_comparisons/qiskit_mixed_odd_21032705,/scratch/users/jdehoney/eqnn_thesis/data/noisy_comparisons/qiskit_mixed_odd_21032705/noise_coherent_overrotation_n5,qiskit_mixed,su2_qcnn,5,16,10,1,coherent_overrotation,0.001,/scratch/users/jdehoney/eqnn_thesis/data/noisy_comparisons/qiskit_mixed_odd_21032705/noise_coherent_overrotation_n5/qiskit_mixed/su2_qcnn/n5/train_size_16/epochs_10/noise_coherent_overrotation_0p001/seed_1,/scratch/users/jdehoney/eqnn_thesis/data/noisy_comparisons/qiskit_mixed_odd_21032705/noise_coherent_overrotation_n5/qiskit_mixed/su2_qcnn/n5/train_size_16/epochs_10/noise_coherent_overrotation_0p001/seed_1/metrics.json,completed,,,,,,,,0.3421875130742783,,,,,
/scratch/users/jdehoney/eqnn_thesis/data/noisy_comparisons/qiskit_mixed_odd_21032705,/scratch/users/jdehoney/eqnn_thesis/data/noisy_comparisons/qiskit_mixed_odd_21032705/noise_coherent_overrotation_n5,qiskit_mixed,su2_qcnn,5,16,10,2,coherent_overrotation,0.001,/scratch/users/jdehoney/eqnn_thesis/data/noisy_comparisons/qiskit_mixed_odd_21032705/noise_coherent_overrotation_n5/qiskit_mixed/su2_qcnn/n5/train_size_16/epochs_10/noise_coherent_overrotation_0p001/seed_2,/scratch/users/jdehoney/eqnn_thesis/data/noisy_comparisons/qiskit_mixed_odd_21032705/noise_coherent_overrotation_n5/qiskit_mixed/su2_qcnn/n5/train_size_16/epochs_10/noise_coherent_overrotation_0p001/seed_2/metrics.json,completed,,,,,,,,0.31846032220498793,,,,,
/scratch/users/jdehoney/eqnn_thesis/data/noisy_comparisons/qiskit_mixed_odd_21032705,/scratch/users/jdehoney/eqnn_thesis/data/noisy_comparisons/qiskit_mixed_odd_21032705/noise_coherent_overrotation_n5,qiskit_mixed,su2_qcnn,5,16,10,0,coherent_overrotation,0.005,/scratch/users/jdehoney/eqnn_thesis/data/noisy_comparisons/qiskit_mixed_odd_21032705/noise_coherent_overrotation_n5/qiskit_mixed/su2_qcnn/n5/train_size_16/epochs_10/noise_coherent_overrotation_0p005/seed_0,/scratch/users/jdehoney/eqnn_thesis/data/noisy_comparisons/qiskit_mixed_odd_21032705/noise_coherent_overrotation_n5/qiskit_mixed/su2_qcnn/n5/train_size_16/epochs_10/noise_coherent_overrotation_0p005/seed_0/metrics.json,completed,,,,,,,,0.36490004490323436,,,,,
/scratch/users/jdehoney/eqnn_thesis/data/noisy_comparisons/qiskit_mixed_odd_21032705,/scratch/users/jdehoney/eqnn_thesis/data/noisy_comparisons/qiskit_mixed_odd_21032705/noise_coherent_overrotation_n5,qiskit_mixed,su2_qcnn,5,16,10,1,coherent_overrotation,0.005,/scratch/users/jdehoney/eqnn_thesis/data/noisy_comparisons/qiskit_mixed_odd_21032705/noise_coherent_overrotation_n5/qiskit_mixed/su2_qcnn/n5/train_size_16/epochs_10/noise_coherent_overrotation_0p005/seed_1,/scratch/users/jdehoney/eqnn_thesis/data/noisy_comparisons/qiskit_mixed_odd_21032705/noise_coherent_overrotation_n5/qiskit_mixed/su2_qcnn/n5/train_size_16/epochs_10/noise_coherent_overrotation_0p005/seed_1/metrics.json,completed,,,,,,,,0.34190148212999094,,,,,
/scratch/users/jdehoney/eqnn_thesis/data/noisy_comparisons/qiskit_mixed_odd_21032705,/scratch/users/jdehoney/eqnn_thesis/data/noisy_comparisons/qiskit_mixed_odd_21032705/noise_coherent_overrotation_n5,qiskit_mixed,su2_qcnn,5,16,10,2,coherent_overrotation,0.005,/scratch/users/jdehoney/eqnn_thesis/data/noisy_comparisons/qiskit_mixed_odd_21032705/noise_coherent_overrotation_n5/qiskit_mixed/su2_qcnn/n5/train_size_16/epochs_10/noise_coherent_overrotation_0p005/seed_2,/scratch/users/jdehoney/eqnn_thesis/data/noisy_comparisons/qiskit_mixed_odd_21032705/noise_coherent_overrotation_n5/qiskit_mixed/su2_qcnn/n5/train_size_16/epochs_10/noise_coherent_overrotation_0p005/seed_2/metrics.json,completed,,,,,,,,0.3183152611922515,,,,,
/scratch/users/jdehoney/eqnn_thesis/data/noisy_comparisons/qiskit_mixed_odd_21032705,/scratch/users/jdehoney/eqnn_thesis/data/noisy_comparisons/qiskit_mixed_odd_21032705/noise_coherent_overrotation_n5,qiskit_mixed,su2_qcnn,5,16,10,0,coherent_overrotation,0.01,/scratch/users/jdehoney/eqnn_thesis/data/noisy_comparisons/qiskit_mixed_odd_21032705/noise_coherent_overrotation_n5/qiskit_mixed/su2_qcnn/n5/train_size_16/epochs_10/noise_coherent_overrotation_0p01/seed_0,/scratch/users/jdehoney/eqnn_thesis/data/noisy_comparisons/qiskit_mixed_odd_21032705/noise_coherent_overrotation_n5/qiskit_mixed/su2_qcnn/n5/train_size_16/epochs_10/noise_coherent_overrotation_0p01/seed_0/metrics.json,completed,,,,,,,,0.3645527856173821,,,,,
/scratch/users/jdehoney/eqnn_thesis/data/noisy_comparisons/qiskit_mixed_odd_21032705,/scratch/users/jdehoney/eqnn_thesis/data/noisy_comparisons/qiskit_mixed_odd_21032705/noise_coherent_overrotation_n5,qiskit_mixed,su2_qcnn,5,16,10,1,coherent_overrotation,0.01,/scratch/users/jdehoney/eqnn_thesis/data/noisy_comparisons/qiskit_mixed_odd_21032705/noise_coherent_overrotation_n5/qiskit_mixed/su2_qcnn/n5/train_size_16/epochs_10/noise_coherent_overrotation_0p01/seed_1,/scratch/users/jdehoney/eqnn_thesis/data/noisy_comparisons/qiskit_mixed_odd_21032705/noise_coherent_overrotation_n5/qiskit_mixed/su2_qcnn/n5/train_size_16/epochs_10/noise_coherent_overrotation_0p01/seed_1/metrics.json,completed,,,,,,,,0.3415406438756663,,,,,
/scratch/users/jdehoney/eqnn_thesis/data/noisy_comparisons/qiskit_mixed_odd_21032705,/scratch/users/jdehoney/eqnn_thesis/data/noisy_comparisons/qiskit_mixed_odd_21032705/noise_coherent_overrotation_n5,qiskit_mixed,su2_qcnn,5,16,10,2,coherent_overrotation,0.01,/scratch/users/jdehoney/eqnn_thesis/data/noisy_comparisons/qiskit_mixed_odd_21032705/noise_coherent_overrotation_n5/qiskit_mixed/su2_qcnn/n5/train_size_16/epochs_10/noise_coherent_overrotation_0p01/seed_2,/scratch/users/jdehoney/eqnn_thesis/data/noisy_comparisons/qiskit_mixed_odd_21032705/noise_coherent_overrotation_n5/qiskit_mixed/su2_qcnn/n5/train_size_16/epochs_10/noise_coherent_overrotation_0p01/seed_2/metrics.json,completed,,,,,,,,0.31813586030135144,,,,,
/scratch/users/jdehoney/eqnn_thesis/data/noisy_comparisons/qiskit_mixed_odd_21032705,/scratch/users/jdehoney/eqnn_thesis/data/noisy_comparisons/qiskit_mixed_odd_21032705/noise_coherent_overrotation_n5,qiskit_mixed,su2_qcnn,5,16,10,0,coherent_overrotation,0.05,/scratch/users/jdehoney/eqnn_thesis/data/noisy_comparisons/qiskit_mixed_odd_21032705/noise_coherent_overrotation_n5/qiskit_mixed/su2_qcnn/n5/train_size_16/epochs_10/noise_coherent_overrotation_0p05/seed_0,/scratch/users/jdehoney/eqnn_thesis/data/noisy_comparisons/qiskit_mixed_odd_21032705/noise_coherent_overrotation_n5/qiskit_mixed/su2_qcnn/n5/train_size_16/epochs_10/noise_coherent_overrotation_0p05/seed_0/metrics.json,completed,,,,,,,,0.36172748347848677,,,,,
/scratch/users/jdehoney/eqnn_thesis/data/noisy_comparisons/qiskit_mixed_odd_21032705,/scratch/users/jdehoney/eqnn_thesis/data/noisy_comparisons/qiskit_mixed_odd_21032705/noise_coherent_overrotation_n5,qiskit_mixed,su2_qcnn,5,16,10,1,coherent_overrotation,0.05,/scratch/users/jdehoney/eqnn_thesis/data/noisy_comparisons/qiskit_mixed_odd_21032705/noise_coherent_overrotation_n5/qiskit_mixed/su2_qcnn/n5/train_size_16/epochs_10/noise_coherent_overrotation_0p05/seed_1,/scratch/users/jdehoney/eqnn_thesis/data/noisy_comparisons/qiskit_mixed_odd_21032705/noise_coherent_overrotation_n5/qiskit_mixed/su2_qcnn/n5/train_size_16/epochs_10/noise_coherent_overrotation_0p05/seed_1/metrics.json,completed,,,,,,,,0.33856553539202283,,,,,
/scratch/users/jdehoney/eqnn_thesis/data/noisy_comparisons/qiskit_mixed_odd_21032705,/scratch/users/jdehoney/eqnn_thesis/data/noisy_comparisons/qiskit_mixed_odd_21032705/noise_coherent_overrotation_n5,qiskit_mixed,su2_qcnn,5,16,10,2,coherent_overrotation,0.05,/scratch/users/jdehoney/eqnn_thesis/data/noisy_comparisons/qiskit_mixed_odd_21032705/noise_coherent_overrotation_n5/qiskit_mixed/su2_qcnn/n5/train_size_16/epochs_10/noise_coherent_overrotation_0p05/seed_2,/scratch/users/jdehoney/eqnn_thesis/data/noisy_comparisons/qiskit_mixed_odd_21032705/noise_coherent_overrotation_n5/qiskit_mixed/su2_qcnn/n5/train_size_16/epochs_10/noise_coherent_overrotation_0p05/seed_2/metrics.json,completed,,,,,,,,0.31680191190061185,,,,,
/scratch/users/jdehoney/eqnn_thesis/data/noisy_comparisons/qiskit_mixed_odd_21032705,/scratch/users/jdehoney/eqnn_thesis/data/noisy_comparisons/qiskit_mixed_odd_21032705/noise_coherent_overrotation_n5,qiskit_mixed,su2_qcnn,5,16,10,0,coherent_overrotation,0.1,/scratch/users/jdehoney/eqnn_thesis/data/noisy_comparisons/qiskit_mixed_odd_21032705/noise_coherent_overrotation_n5/qiskit_mixed/su2_qcnn/n5/train_size_16/epochs_10/noise_coherent_overrotation_0p1/seed_0,/scratch/users/jdehoney/eqnn_thesis/data/noisy_comparisons/qiskit_mixed_odd_21032705/noise_coherent_overrotation_n5/qiskit_mixed/su2_qcnn/n5/train_size_16/epochs_10/noise_coherent_overrotation_0p1/seed_0/metrics.json,completed,,,,,,,,0.35796842924028405,,,,,
/scratch/users/jdehoney/eqnn_thesis/data/noisy_comparisons/qiskit_mixed_odd_21032705,/scratch/users/jdehoney/eqnn_thesis/data/noisy_comparisons/qiskit_mixed_odd_21032705/noise_coherent_overrotation_n5,qiskit_mixed,su2_qcnn,5,16,10,1,coherent_overrotation,0.1,/scratch/users/jdehoney/eqnn_thesis/data/noisy_comparisons/qiskit_mixed_odd_21032705/noise_coherent_overrotation_n5/qiskit_mixed/su2_qcnn/n5/train_size_16/epochs_10/noise_coherent_overrotation_0p1/seed_1,/scratch/users/jdehoney/eqnn_thesis/data/noisy_comparisons/qiskit_mixed_odd_21032705/noise_coherent_overrotation_n5/qiskit_mixed/su2_qcnn/n5/train_size_16/epochs_10/noise_coherent_overrotation_0p1/seed_1/metrics.json,completed,,,,,,,,0.3348572907870796,,,,,
/scratch/users/jdehoney/eqnn_thesis/data/noisy_comparisons/qiskit_mixed_odd_21032705,/scratch/users/jdehoney/eqnn_thesis/data/noisy_comparisons/qiskit_mixed_odd_21032705/noise_coherent_overrotation_n5,qiskit_mixed,su2_qcnn,5,16,10,2,coherent_overrotation,0.1,/scratch/users/jdehoney/eqnn_thesis/data/noisy_comparisons/qiskit_mixed_odd_21032705/noise_coherent_overrotation_n5/qiskit_mixed/su2_qcnn/n5/train_size_16/epochs_10/noise_coherent_overrotation_0p1/seed_2,/scratch/users/jdehoney/eqnn_thesis/data/noisy_comparisons/qiskit_mixed_odd_21032705/noise_coherent_overrotation_n5/qiskit_mixed/su2_qcnn/n5/train_size_16/epochs_10/noise_coherent_overrotation_0p1/seed_2/metrics.json,completed,,,,,,,,0.3154489779008018,,,,,
/scratch/users/jdehoney/eqnn_thesis/data/noisy_comparisons/qiskit_mixed_odd_21032705,/scratch/users/jdehoney/eqnn_thesis/data/noisy_comparisons/qiskit_mixed_odd_21032705/noise_depolarizing_n5,qiskit_mixed,hea_qcnn,5,4,10,0,depolarizing,0.0,/scratch/users/jdehoney/eqnn_thesis/data/noisy_comparisons/qiskit_mixed_odd_21032705/noise_depolarizing_n5/qiskit_mixed/hea_qcnn/n5/train_size_4/epochs_10/noise_depolarizing_0/seed_0,/scratch/users/jdehoney/eqnn_thesis/data/noisy_comparisons/qiskit_mixed_odd_21032705/noise_depolarizing_n5/qiskit_mixed/hea_qcnn/n5/train_size_4/epochs_10/noise_depolarizing_0/seed_0/metrics.json,completed,,,,,,,,0.5167643292691636,,,,,
/scratch/users/jdehoney/eqnn_thesis/data/noisy_comparisons/qiskit_mixed_odd_21032705,/scratch/users/jdehoney/eqnn_thesis/data/noisy_comparisons/qiskit_mixed_odd_21032705/noise_depolarizing_n5,qiskit_mixed,hea_qcnn,5,4,10,1,depolarizing,0.0,/scratch/users/jdehoney/eqnn_thesis/data/noisy_comparisons/qiskit_mixed_odd_21032705/noise_depolarizing_n5/qiskit_mixed/hea_qcnn/n5/train_size_4/epochs_10/noise_depolarizing_0/seed_1,/scratch/users/jdehoney/eqnn_thesis/data/noisy_comparisons/qiskit_mixed_odd_21032705/noise_depolarizing_n5/qiskit_mixed/hea_qcnn/n5/train_size_4/epochs_10/noise_depolarizing_0/seed_1/metrics.json,completed,,,,,,,,0.5130599568870301,,,,,
/scratch/users/jdehoney/eqnn_thesis/data/noisy_comparisons/qiskit_mixed_odd_21032705,/scratch/users/jdehoney/eqnn_thesis/data/noisy_comparisons/qiskit_mixed_odd_21032705/noise_depolarizing_n5,qiskit_mixed,hea_qcnn,5,4,10,2,depolarizing,0.0,/scratch/users/jdehoney/eqnn_thesis/data/noisy_comparisons/qiskit_mixed_odd_21032705/noise_depolarizing_n5/qiskit_mixed/hea_qcnn/n5/train_size_4/epochs_10/noise_depolarizing_0/seed_2,/scratch/users/jdehoney/eqnn_thesis/data/noisy_comparisons/qiskit_mixed_odd_21032705/noise_depolarizing_n5/qiskit_mixed/hea_qcnn/n5/train_size_4/epochs_10/noise_depolarizing_0/seed_2/metrics.json,completed,,,,,,,,0.5259176847947418,,,,,
/scratch/users/jdehoney/eqnn_thesis/data/noisy_comparisons/qiskit_mixed_odd_21032705,/scratch/users/jdehoney/eqnn_thesis/data/noisy_comparisons/qiskit_mixed_odd_21032705/noise_depolarizing_n5,qiskit_mixed,hea_qcnn,5,4,10,0,depolarizing,0.001,/scratch/users/jdehoney/eqnn_thesis/data/noisy_comparisons/qiskit_mixed_odd_21032705/noise_depolarizing_n5/qiskit_mixed/hea_qcnn/n5/train_size_4/epochs_10/noise_depolarizing_0p001/seed_0,/scratch/users/jdehoney/eqnn_thesis/data/noisy_comparisons/qiskit_mixed_odd_21032705/noise_depolarizing_n5/qiskit_mixed/hea_qcnn/n5/train_size_4/epochs_10/noise_depolarizing_0p001/seed_0/metrics.json,completed,,,,,,,,0.5183964766141036,,,,,
/scratch/users/jdehoney/eqnn_thesis/data/noisy_comparisons/qiskit_mixed_odd_21032705,/scratch/users/jdehoney/eqnn_thesis/data/noisy_comparisons/qiskit_mixed_odd_21032705/noise_depolarizing_n5,qiskit_mixed,hea_qcnn,5,4,10,1,depolarizing,0.001,/scratch/users/jdehoney/eqnn_thesis/data/noisy_comparisons/qiskit_mixed_odd_21032705/noise_depolarizing_n5/qiskit_mixed/hea_qcnn/n5/train_size_4/epochs_10/noise_depolarizing_0p001/seed_1,/scratch/users/jdehoney/eqnn_thesis/data/noisy_comparisons/qiskit_mixed_odd_21032705/noise_depolarizing_n5/qiskit_mixed/hea_qcnn/n5/train_size_4/epochs_10/noise_depolarizing_0p001/seed_1/metrics.json,completed,,,,,,,,0.5145638956133363,,,,,
/scratch/users/jdehoney/eqnn_thesis/data/noisy_comparisons/qiskit_mixed_odd_21032705,/scratch/users/jdehoney/eqnn_thesis/data/noisy_comparisons/qiskit_mixed_odd_21032705/noise_depolarizing_n5,qiskit_mixed,hea_qcnn,5,4,10,2,depolarizing,0.001,/scratch/users/jdehoney/eqnn_thesis/data/noisy_comparisons/qiskit_mixed_odd_21032705/noise_depolarizing_n5/qiskit_mixed/hea_qcnn/n5/train_size_4/epochs_10/noise_depolarizing_0p001/seed_2,/scratch/users/jdehoney/eqnn_thesis/data/noisy_comparisons/qiskit_mixed_odd_21032705/noise_depolarizing_n5/qiskit_mixed/hea_qcnn/n5/train_size_4/epochs_10/noise_depolarizing_0p001/seed_2/metrics.json,completed,,,,,,,,0.5274629035396241,,,,,
/scratch/users/jdehoney/eqnn_thesis/data/noisy_comparisons/qiskit_mixed_odd_21032705,/scratch/users/jdehoney/eqnn_thesis/data/noisy_comparisons/qiskit_mixed_odd_21032705/noise_depolarizing_n5,qiskit_mixed,hea_qcnn,5,4,10,0,depolarizing,0.005,/scratch/users/jdehoney/eqnn_thesis/data/noisy_comparisons/qiskit_mixed_odd_21032705/noise_depolarizing_n5/qiskit_mixed/hea_qcnn/n5/train_size_4/epochs_10/noise_depolarizing_0p005/seed_0,/scratch/users/jdehoney/eqnn_thesis/data/noisy_comparisons/qiskit_mixed_odd_21032705/noise_depolarizing_n5/qiskit_mixed/hea_qcnn/n5/train_size_4/epochs_10/noise_depolarizing_0p005/seed_0/metrics.json,completed,,,,,,,,0.5253762745443308,,,,,
/scratch/users/jdehoney/eqnn_thesis/data/noisy_comparisons/qiskit_mixed_odd_21032705,/scratch/users/jdehoney/eqnn_thesis/data/noisy_comparisons/qiskit_mixed_odd_21032705/noise_depolarizing_n5,qiskit_mixed,hea_qcnn,5,4,10,1,depolarizing,0.005,/scratch/users/jdehoney/eqnn_thesis/data/noisy_comparisons/qiskit_mixed_odd_21032705/noise_depolarizing_n5/qiskit_mixed/hea_qcnn/n5/train_size_4/epochs_10/noise_depolarizing_0p005/seed_1,/scratch/users/jdehoney/eqnn_thesis/data/noisy_comparisons/qiskit_mixed_odd_21032705/noise_depolarizing_n5/qiskit_mixed/hea_qcnn/n5/train_size_4/epochs_10/noise_depolarizing_0p005/seed_1/metrics.json,completed,,,,,,,,0.5210590965795527,,,,,
/scratch/users/jdehoney/eqnn_thesis/data/noisy_comparisons/qiskit_mixed_odd_21032705,/scratch/users/jdehoney/eqnn_thesis/data/noisy_comparisons/qiskit_mixed_odd_21032705/noise_depolarizing_n5,qiskit_mixed,hea_qcnn,5,4,10,2,depolarizing,0.005,/scratch/users/jdehoney/eqnn_thesis/data/noisy_comparisons/qiskit_mixed_odd_21032705/noise_depolarizing_n5/qiskit_mixed/hea_qcnn/n5/train_size_4/epochs_10/noise_depolarizing_0p005/seed_2,/scratch/users/jdehoney/eqnn_thesis/data/noisy_comparisons/qiskit_mixed_odd_21032705/noise_depolarizing_n5/qiskit_mixed/hea_qcnn/n5/train_size_4/epochs_10/noise_depolarizing_0p005/seed_2/metrics.json,completed,,,,,,,,0.5339489929701532,,,,,
/scratch/users/jdehoney/eqnn_thesis/data/noisy_comparisons/qiskit_mixed_odd_21032705,/scratch/users/jdehoney/eqnn_thesis/data/noisy_comparisons/qiskit_mixed_odd_21032705/noise_depolarizing_n5,qiskit_mixed,hea_qcnn,5,4,10,0,depolarizing,0.01,/scratch/users/jdehoney/eqnn_thesis/data/noisy_comparisons/qiskit_mixed_odd_21032705/noise_depolarizing_n5/qiskit_mixed/hea_qcnn/n5/train_size_4/epochs_10/noise_depolarizing_0p01/seed_0,/scratch/users/jdehoney/eqnn_thesis/data/noisy_comparisons/qiskit_mixed_odd_21032705/noise_depolarizing_n5/qiskit_mixed/hea_qcnn/n5/train_size_4/epochs_10/noise_depolarizing_0p01/seed_0/metrics.json,completed,,,,,,,,0.5346070660192042,,,,,
/scratch/users/jdehoney/eqnn_thesis/data/noisy_comparisons/qiskit_mixed_odd_21032705,/scratch/users/jdehoney/eqnn_thesis/data/noisy_comparisons/qiskit_mixed_odd_21032705/noise_depolarizing_n5,qiskit_mixed,hea_qcnn,5,4,10,1,depolarizing,0.01,/scratch/users/jdehoney/eqnn_thesis/data/noisy_comparisons/qiskit_mixed_odd_21032705/noise_depolarizing_n5/qiskit_mixed/hea_qcnn/n5/train_size_4/epochs_10/noise_depolarizing_0p01/seed_1,/scratch/users/jdehoney/eqnn_thesis/data/noisy_comparisons/qiskit_mixed_odd_21032705/noise_depolarizing_n5/qiskit_mixed/hea_qcnn/n5/train_size_4/epochs_10/noise_depolarizing_0p01/seed_1/metrics.json,completed,,,,,,,,0.5300092724483336,,,,,
/scratch/users/jdehoney/eqnn_thesis/data/noisy_comparisons/qiskit_mixed_odd_21032705,/scratch/users/jdehoney/eqnn_thesis/data/noisy_comparisons/qiskit_mixed_odd_21032705/noise_depolarizing_n5,qiskit_mixed,hea_qcnn,5,4,10,2,depolarizing,0.01,/scratch/users/jdehoney/eqnn_thesis/data/noisy_comparisons/qiskit_mixed_odd_21032705/noise_depolarizing_n5/qiskit_mixed/hea_qcnn/n5/train_size_4/epochs_10/noise_depolarizing_0p01/seed_2,/scratch/users/jdehoney/eqnn_thesis/data/noisy_comparisons/qiskit_mixed_odd_21032705/noise_depolarizing_n5/qiskit_mixed/hea_qcnn/n5/train_size_4/epochs_10/noise_depolarizing_0p01/seed_2/metrics.json,completed,,,,,,,,0.5425841959671561,,,,,
/scratch/users/jdehoney/eqnn_thesis/data/noisy_comparisons/qiskit_mixed_odd_21032705,/scratch/users/jdehoney/eqnn_thesis/data/noisy_comparisons/qiskit_mixed_odd_21032705/noise_depolarizing_n5,qiskit_mixed,hea_qcnn,5,4,10,0,depolarizing,0.05,/scratch/users/jdehoney/eqnn_thesis/data/noisy_comparisons/qiskit_mixed_odd_21032705/noise_depolarizing_n5/qiskit_mixed/hea_qcnn/n5/train_size_4/epochs_10/noise_depolarizing_0p05/seed_0,/scratch/users/jdehoney/eqnn_thesis/data/noisy_comparisons/qiskit_mixed_odd_21032705/noise_depolarizing_n5/qiskit_mixed/hea_qcnn/n5/train_size_4/epochs_10/noise_depolarizing_0p05/seed_0/metrics.json,completed,,,,,,,,0.6049153284181781,,,,,
/scratch/users/jdehoney/eqnn_thesis/data/noisy_comparisons/qiskit_mixed_odd_21032705,/scratch/users/jdehoney/eqnn_thesis/data/noisy_comparisons/qiskit_mixed_odd_21032705/noise_depolarizing_n5,qiskit_mixed,hea_qcnn,5,4,10,1,depolarizing,0.05,/scratch/users/jdehoney/eqnn_thesis/data/noisy_comparisons/qiskit_mixed_odd_21032705/noise_depolarizing_n5/qiskit_mixed/hea_qcnn/n5/train_size_4/epochs_10/noise_depolarizing_0p05/seed_1,/scratch/users/jdehoney/eqnn_thesis/data/noisy_comparisons/qiskit_mixed_odd_21032705/noise_depolarizing_n5/qiskit_mixed/hea_qcnn/n5/train_size_4/epochs_10/noise_depolarizing_0p05/seed_1/metrics.json,completed,,,,,,,,0.5984074135333426,,,,,
/scratch/users/jdehoney/eqnn_thesis/data/noisy_comparisons/qiskit_mixed_odd_21032705,/scratch/users/jdehoney/eqnn_thesis/data/noisy_comparisons/qiskit_mixed_odd_21032705/noise_depolarizing_n5,qiskit_mixed,hea_qcnn,5,4,10,2,depolarizing,0.05,/scratch/users/jdehoney/eqnn_thesis/data/noisy_comparisons/qiskit_mixed_odd_21032705/noise_depolarizing_n5/qiskit_mixed/hea_qcnn/n5/train_size_4/epochs_10/noise_depolarizing_0p05/seed_2,/scratch/users/jdehoney/eqnn_thesis/data/noisy_comparisons/qiskit_mixed_odd_21032705/noise_depolarizing_n5/qiskit_mixed/hea_qcnn/n5/train_size_4/epochs_10/noise_depolarizing_0p05/seed_2/metrics.json,completed,,,,,,,,0.6123786534193549,,,,,
/scratch/users/jdehoney/eqnn_thesis/data/noisy_comparisons/qiskit_mixed_odd_21032705,/scratch/users/jdehoney/eqnn_thesis/data/noisy_comparisons/qiskit_mixed_odd_21032705/noise_depolarizing_n5,qiskit_mixed,hea_qcnn,5,4,10,0,depolarizing,0.1,/scratch/users/jdehoney/eqnn_thesis/data/noisy_comparisons/qiskit_mixed_odd_21032705/noise_depolarizing_n5/qiskit_mixed/hea_qcnn/n5/train_size_4/epochs_10/noise_depolarizing_0p1/seed_0,/scratch/users/jdehoney/eqnn_thesis/data/noisy_comparisons/qiskit_mixed_odd_21032705/noise_depolarizing_n5/qiskit_mixed/hea_qcnn/n5/train_size_4/epochs_10/noise_depolarizing_0p1/seed_0/metrics.json,completed,,,,,,,,0.6699287997551258,,,,,
/scratch/users/jdehoney/eqnn_thesis/data/noisy_comparisons/qiskit_mixed_odd_21032705,/scratch/users/jdehoney/eqnn_thesis/data/noisy_comparisons/qiskit_mixed_odd_21032705/noise_depolarizing_n5,qiskit_mixed,hea_qcnn,5,4,10,1,depolarizing,0.1,/scratch/users/jdehoney/eqnn_thesis/data/noisy_comparisons/qiskit_mixed_odd_21032705/noise_depolarizing_n5/qiskit_mixed/hea_qcnn/n5/train_size_4/epochs_10/noise_depolarizing_0p1/seed_1,/scratch/users/jdehoney/eqnn_thesis/data/noisy_comparisons/qiskit_mixed_odd_21032705/noise_depolarizing_n5/qiskit_mixed/hea_qcnn/n5/train_size_4/epochs_10/noise_depolarizing_0p1/seed_1/metrics.json,completed,,,,,,,,0.6588682917331918,,,,,
/scratch/users/jdehoney/eqnn_thesis/data/noisy_comparisons/qiskit_mixed_odd_21032705,/scratch/users/jdehoney/eqnn_thesis/data/noisy_comparisons/qiskit_mixed_odd_21032705/noise_depolarizing_n5,qiskit_mixed,hea_qcnn,5,4,10,2,depolarizing,0.1,/scratch/users/jdehoney/eqnn_thesis/data/noisy_comparisons/qiskit_mixed_odd_21032705/noise_depolarizing_n5/qiskit_mixed/hea_qcnn/n5/train_size_4/epochs_10/noise_depolarizing_0p1/seed_2,/scratch/users/jdehoney/eqnn_thesis/data/noisy_comparisons/qiskit_mixed_odd_21032705/noise_depolarizing_n5/qiskit_mixed/hea_qcnn/n5/train_size_4/epochs_10/noise_depolarizing_0p1/seed_2/metrics.json,completed,,,,,,,,0.6729382440321605,,,,,
/scratch/users/jdehoney/eqnn_thesis/data/noisy_comparisons/qiskit_mixed_odd_21032705,/scratch/users/jdehoney/eqnn_thesis/data/noisy_comparisons/qiskit_mixed_odd_21032705/noise_depolarizing_n5,qiskit_mixed,hea_qcnn,5,8,10,0,depolarizing,0.0,/scratch/users/jdehoney/eqnn_thesis/data/noisy_comparisons/qiskit_mixed_odd_21032705/noise_depolarizing_n5/qiskit_mixed/hea_qcnn/n5/train_size_8/epochs_10/noise_depolarizing_0/seed_0,/scratch/users/jdehoney/eqnn_thesis/data/noisy_comparisons/qiskit_mixed_odd_21032705/noise_depolarizing_n5/qiskit_mixed/hea_qcnn/n5/train_size_8/epochs_10/noise_depolarizing_0/seed_0/metrics.json,completed,,,,,,,,0.4640431793582836,,,,,
/scratch/users/jdehoney/eqnn_thesis/data/noisy_comparisons/qiskit_mixed_odd_21032705,/scratch/users/jdehoney/eqnn_thesis/data/noisy_comparisons/qiskit_mixed_odd_21032705/noise_depolarizing_n5,qiskit_mixed,hea_qcnn,5,8,10,1,depolarizing,0.0,/scratch/users/jdehoney/eqnn_thesis/data/noisy_comparisons/qiskit_mixed_odd_21032705/noise_depolarizing_n5/qiskit_mixed/hea_qcnn/n5/train_size_8/epochs_10/noise_depolarizing_0/seed_1,/scratch/users/jdehoney/eqnn_thesis/data/noisy_comparisons/qiskit_mixed_odd_21032705/noise_depolarizing_n5/qiskit_mixed/hea_qcnn/n5/train_size_8/epochs_10/noise_depolarizing_0/seed_1/metrics.json,completed,,,,,,,,0.6244451861939836,,,,,
/scratch/users/jdehoney/eqnn_thesis/data/noisy_comparisons/qiskit_mixed_odd_21032705,/scratch/users/jdehoney/eqnn_thesis/data/noisy_comparisons/qiskit_mixed_odd_21032705/noise_depolarizing_n5,qiskit_mixed,hea_qcnn,5,8,10,2,depolarizing,0.0,/scratch/users/jdehoney/eqnn_thesis/data/noisy_comparisons/qiskit_mixed_odd_21032705/noise_depolarizing_n5/qiskit_mixed/hea_qcnn/n5/train_size_8/epochs_10/noise_depolarizing_0/seed_2,/scratch/users/jdehoney/eqnn_thesis/data/noisy_comparisons/qiskit_mixed_odd_21032705/noise_depolarizing_n5/qiskit_mixed/hea_qcnn/n5/train_size_8/epochs_10/noise_depolarizing_0/seed_2/metrics.json,completed,,,,,,,,0.5056489637126098,,,,,
/scratch/users/jdehoney/eqnn_thesis/data/noisy_comparisons/qiskit_mixed_odd_21032705,/scratch/users/jdehoney/eqnn_thesis/data/noisy_comparisons/qiskit_mixed_odd_21032705/noise_depolarizing_n5,qiskit_mixed,hea_qcnn,5,8,10,0,depolarizing,0.001,/scratch/users/jdehoney/eqnn_thesis/data/noisy_comparisons/qiskit_mixed_odd_21032705/noise_depolarizing_n5/qiskit_mixed/hea_qcnn/n5/train_size_8/epochs_10/noise_depolarizing_0p001/seed_0,/scratch/users/jdehoney/eqnn_thesis/data/noisy_comparisons/qiskit_mixed_odd_21032705/noise_depolarizing_n5/qiskit_mixed/hea_qcnn/n5/train_size_8/epochs_10/noise_depolarizing_0p001/seed_0/metrics.json,completed,,,,,,,,0.4662940499690342,,,,,
/scratch/users/jdehoney/eqnn_thesis/data/noisy_comparisons/qiskit_mixed_odd_21032705,/scratch/users/jdehoney/eqnn_thesis/data/noisy_comparisons/qiskit_mixed_odd_21032705/noise_depolarizing_n5,qiskit_mixed,hea_qcnn,5,8,10,1,depolarizing,0.001,/scratch/users/jdehoney/eqnn_thesis/data/noisy_comparisons/qiskit_mixed_odd_21032705/noise_depolarizing_n5/qiskit_mixed/hea_qcnn/n5/train_size_8/epochs_10/noise_depolarizing_0p001/seed_1,/scratch/users/jdehoney/eqnn_thesis/data/noisy_comparisons/qiskit_mixed_odd_21032705/noise_depolarizing_n5/qiskit_mixed/hea_qcnn/n5/train_size_8/epochs_10/noise_depolarizing_0p001/seed_1/metrics.json,completed,,,,,,,,0.6259123273019958,,,,,
/scratch/users/jdehoney/eqnn_thesis/data/noisy_comparisons/qiskit_mixed_odd_21032705,/scratch/users/jdehoney/eqnn_thesis/data/noisy_comparisons/qiskit_mixed_odd_21032705/noise_depolarizing_n5,qiskit_mixed,hea_qcnn,5,8,10,2,depolarizing,0.001,/scratch/users/jdehoney/eqnn_thesis/data/noisy_comparisons/qiskit_mixed_odd_21032705/noise_depolarizing_n5/qiskit_mixed/hea_qcnn/n5/train_size_8/epochs_10/noise_depolarizing_0p001/seed_2,/scratch/users/jdehoney/eqnn_thesis/data/noisy_comparisons/qiskit_mixed_odd_21032705/noise_depolarizing_n5/qiskit_mixed/hea_qcnn/n5/train_size_8/epochs_10/noise_depolarizing_0p001/seed_2/metrics.json,completed,,,,,,,,0.5131308169892563,,,,,
/scratch/users/jdehoney/eqnn_thesis/data/noisy_comparisons/qiskit_mixed_odd_21032705,/scratch/users/jdehoney/eqnn_thesis/data/noisy_comparisons/qiskit_mixed_odd_21032705/noise_depolarizing_n5,qiskit_mixed,hea_qcnn,5,8,10,0,depolarizing,0.005,/scratch/users/jdehoney/eqnn_thesis/data/noisy_comparisons/qiskit_mixed_odd_21032705/noise_depolarizing_n5/qiskit_mixed/hea_qcnn/n5/train_size_8/epochs_10/noise_depolarizing_0p005/seed_0,/scratch/users/jdehoney/eqnn_thesis/data/noisy_comparisons/qiskit_mixed_odd_21032705/noise_depolarizing_n5/qiskit_mixed/hea_qcnn/n5/train_size_8/epochs_10/noise_depolarizing_0p005/seed_0/metrics.json,completed,,,,,,,,0.4752101298636333,,,,,
/scratch/users/jdehoney/eqnn_thesis/data/noisy_comparisons/qiskit_mixed_odd_21032705,/scratch/users/jdehoney/eqnn_thesis/data/noisy_comparisons/qiskit_mixed_odd_21032705/noise_depolarizing_n5,qiskit_mixed,hea_qcnn,5,8,10,1,depolarizing,0.005,/scratch/users/jdehoney/eqnn_thesis/data/noisy_comparisons/qiskit_mixed_odd_21032705/noise_depolarizing_n5/qiskit_mixed/hea_qcnn/n5/train_size_8/epochs_10/noise_depolarizing_0p005/seed_1,/scratch/users/jdehoney/eqnn_thesis/data/noisy_comparisons/qiskit_mixed_odd_21032705/noise_depolarizing_n5/qiskit_mixed/hea_qcnn/n5/train_size_8/epochs_10/noise_depolarizing_0p005/seed_1/metrics.json,completed,,,,,,,,0.6316134935142809,,,,,
/scratch/users/jdehoney/eqnn_thesis/data/noisy_comparisons/qiskit_mixed_odd_21032705,/scratch/users/jdehoney/eqnn_thesis/data/noisy_comparisons/qiskit_mixed_odd_21032705/noise_depolarizing_n5,qiskit_mixed,hea_qcnn,5,8,10,2,depolarizing,0.005,/scratch/users/jdehoney/eqnn_thesis/data/noisy_comparisons/qiskit_mixed_odd_21032705/noise_depolarizing_n5/qiskit_mixed/hea_qcnn/n5/train_size_8/epochs_10/noise_depolarizing_0p005/seed_2,/scratch/users/jdehoney/eqnn_thesis/data/noisy_comparisons/qiskit_mixed_odd_21032705/noise_depolarizing_n5/qiskit_mixed/hea_qcnn/n5/train_size_8/epochs_10/noise_depolarizing_0p005/seed_2/metrics.json,completed,,,,,,,,0.5506772800611404,,,,,
/scratch/users/jdehoney/eqnn_thesis/data/noisy_comparisons/qiskit_mixed_odd_21032705,/scratch/users/jdehoney/eqnn_thesis/data/noisy_comparisons/qiskit_mixed_odd_21032705/noise_depolarizing_n5,qiskit_mixed,hea_qcnn,5,8,10,0,depolarizing,0.01,/scratch/users/jdehoney/eqnn_thesis/data/noisy_comparisons/qiskit_mixed_odd_21032705/noise_depolarizing_n5/qiskit_mixed/hea_qcnn/n5/train_size_8/epochs_10/noise_depolarizing_0p01/seed_0,/scratch/users/jdehoney/eqnn_thesis/data/noisy_comparisons/qiskit_mixed_odd_21032705/noise_depolarizing_n5/qiskit_mixed/hea_qcnn/n5/train_size_8/epochs_10/noise_depolarizing_0p01/seed_0/metrics.json,completed,,,,,,,,0.4862593659583906,,,,,
/scratch/users/jdehoney/eqnn_thesis/data/noisy_comparisons/qiskit_mixed_odd_21032705,/scratch/users/jdehoney/eqnn_thesis/data/noisy_comparisons/qiskit_mixed_odd_21032705/noise_depolarizing_n5,qiskit_mixed,hea_qcnn,5,8,10,1,depolarizing,0.01,/scratch/users/jdehoney/eqnn_thesis/data/noisy_comparisons/qiskit_mixed_odd_21032705/noise_depolarizing_n5/qiskit_mixed/hea_qcnn/n5/train_size_8/epochs_10/noise_depolarizing_0p01/seed_1,/scratch/users/jdehoney/eqnn_thesis/data/noisy_comparisons/qiskit_mixed_odd_21032705/noise_depolarizing_n5/qiskit_mixed/hea_qcnn/n5/train_size_8/epochs_10/noise_depolarizing_0p01/seed_1/metrics.json,completed,,,,,,,,0.6383689843969955,,,,,
/scratch/users/jdehoney/eqnn_thesis/data/noisy_comparisons/qiskit_mixed_odd_21032705,/scratch/users/jdehoney/eqnn_thesis/data/noisy_comparisons/qiskit_mixed_odd_21032705/noise_depolarizing_n5,qiskit_mixed,hea_qcnn,5,8,10,2,depolarizing,0.01,/scratch/users/jdehoney/eqnn_thesis/data/noisy_comparisons/qiskit_mixed_odd_21032705/noise_depolarizing_n5/qiskit_mixed/hea_qcnn/n5/train_size_8/epochs_10/noise_depolarizing_0p01/seed_2,/scratch/users/jdehoney/eqnn_thesis/data/noisy_comparisons/qiskit_mixed_odd_21032705/noise_depolarizing_n5/qiskit_mixed/hea_qcnn/n5/train_size_8/epochs_10/noise_depolarizing_0p01/seed_2/metrics.json,completed,,,,,,,,0.5705923724179993,,,,,
/scratch/users/jdehoney/eqnn_thesis/data/noisy_comparisons/qiskit_mixed_odd_21032705,/scratch/users/jdehoney/eqnn_thesis/data/noisy_comparisons/qiskit_mixed_odd_21032705/noise_depolarizing_n5,qiskit_mixed,hea_qcnn,5,8,10,0,depolarizing,0.05,/scratch/users/jdehoney/eqnn_thesis/data/noisy_comparisons/qiskit_mixed_odd_21032705/noise_depolarizing_n5/qiskit_mixed/hea_qcnn/n5/train_size_8/epochs_10/noise_depolarizing_0p05/seed_0,/scratch/users/jdehoney/eqnn_thesis/data/noisy_comparisons/qiskit_mixed_odd_21032705/noise_depolarizing_n5/qiskit_mixed/hea_qcnn/n5/train_size_8/epochs_10/noise_depolarizing_0p05/seed_0/metrics.json,completed,,,,,,,,0.5691959790252117,,,,,
/scratch/users/jdehoney/eqnn_thesis/data/noisy_comparisons/qiskit_mixed_odd_21032705,/scratch/users/jdehoney/eqnn_thesis/data/noisy_comparisons/qiskit_mixed_odd_21032705/noise_depolarizing_n5,qiskit_mixed,hea_qcnn,5,8,10,1,depolarizing,0.05,/scratch/users/jdehoney/eqnn_thesis/data/noisy_comparisons/qiskit_mixed_odd_21032705/noise_depolarizing_n5/qiskit_mixed/hea_qcnn/n5/train_size_8/epochs_10/noise_depolarizing_0p05/seed_1,/scratch/users/jdehoney/eqnn_thesis/data/noisy_comparisons/qiskit_mixed_odd_21032705/noise_depolarizing_n5/qiskit_mixed/hea_qcnn/n5/train_size_8/epochs_10/noise_depolarizing_0p05/seed_1/metrics.json,completed,,,,,,,,0.6737839411801585,,,,,
/scratch/users/jdehoney/eqnn_thesis/data/noisy_comparisons/qiskit_mixed_odd_21032705,/scratch/users/jdehoney/eqnn_thesis/data/noisy_comparisons/qiskit_mixed_odd_21032705/noise_depolarizing_n5,qiskit_mixed,hea_qcnn,5,8,10,2,depolarizing,0.05,/scratch/users/jdehoney/eqnn_thesis/data/noisy_comparisons/qiskit_mixed_odd_21032705/noise_depolarizing_n5/qiskit_mixed/hea_qcnn/n5/train_size_8/epochs_10/noise_depolarizing_0p05/seed_2,/scratch/users/jdehoney/eqnn_thesis/data/noisy_comparisons/qiskit_mixed_odd_21032705/noise_depolarizing_n5/qiskit_mixed/hea_qcnn/n5/train_size_8/epochs_10/noise_depolarizing_0p05/seed_2/metrics.json,completed,,,,,,,,0.5310633026242699,,,,,
/scratch/users/jdehoney/eqnn_thesis/data/noisy_comparisons/qiskit_mixed_odd_21032705,/scratch/users/jdehoney/eqnn_thesis/data/noisy_comparisons/qiskit_mixed_odd_21032705/noise_depolarizing_n5,qiskit_mixed,hea_qcnn,5,8,10,0,depolarizing,0.1,/scratch/users/jdehoney/eqnn_thesis/data/noisy_comparisons/qiskit_mixed_odd_21032705/noise_depolarizing_n5/qiskit_mixed/hea_qcnn/n5/train_size_8/epochs_10/noise_depolarizing_0p1/seed_0,/scratch/users/jdehoney/eqnn_thesis/data/noisy_comparisons/qiskit_mixed_odd_21032705/noise_depolarizing_n5/qiskit_mixed/hea_qcnn/n5/train_size_8/epochs_10/noise_depolarizing_0p1/seed_0/metrics.json,completed,,,,,,,,0.6420973511448775,,,,,
/scratch/users/jdehoney/eqnn_thesis/data/noisy_comparisons/qiskit_mixed_odd_21032705,/scratch/users/jdehoney/eqnn_thesis/data/noisy_comparisons/qiskit_mixed_odd_21032705/noise_depolarizing_n5,qiskit_mixed,hea_qcnn,5,8,10,1,depolarizing,0.1,/scratch/users/jdehoney/eqnn_thesis/data/noisy_comparisons/qiskit_mixed_odd_21032705/noise_depolarizing_n5/qiskit_mixed/hea_qcnn/n5/train_size_8/epochs_10/noise_depolarizing_0p1/seed_1,/scratch/users/jdehoney/eqnn_thesis/data/noisy_comparisons/qiskit_mixed_odd_21032705/noise_depolarizing_n5/qiskit_mixed/hea_qcnn/n5/train_size_8/epochs_10/noise_depolarizing_0p1/seed_1/metrics.json,completed,,,,,,,,0.69751763646929,,,,,
/scratch/users/jdehoney/eqnn_thesis/data/noisy_comparisons/qiskit_mixed_odd_21032705,/scratch/users/jdehoney/eqnn_thesis/data/noisy_comparisons/qiskit_mixed_odd_21032705/noise_depolarizing_n5,qiskit_mixed,hea_qcnn,5,8,10,2,depolarizing,0.1,/scratch/users/jdehoney/eqnn_thesis/data/noisy_comparisons/qiskit_mixed_odd_21032705/noise_depolarizing_n5/qiskit_mixed/hea_qcnn/n5/train_size_8/epochs_10/noise_depolarizing_0p1/seed_2,/scratch/users/jdehoney/eqnn_thesis/data/noisy_comparisons/qiskit_mixed_odd_21032705/noise_depolarizing_n5/qiskit_mixed/hea_qcnn/n5/train_size_8/epochs_10/noise_depolarizing_0p1/seed_2/metrics.json,completed,,,,,,,,0.6529202610345729,,,,,
/scratch/users/jdehoney/eqnn_thesis/data/noisy_comparisons/qiskit_mixed_odd_21032705,/scratch/users/jdehoney/eqnn_thesis/data/noisy_comparisons/qiskit_mixed_odd_21032705/noise_depolarizing_n5,qiskit_mixed,hea_qcnn,5,12,10,0,depolarizing,0.0,/scratch/users/jdehoney/eqnn_thesis/data/noisy_comparisons/qiskit_mixed_odd_21032705/noise_depolarizing_n5/qiskit_mixed/hea_qcnn/n5/train_size_12/epochs_10/noise_depolarizing_0/seed_0,/scratch/users/jdehoney/eqnn_thesis/data/noisy_comparisons/qiskit_mixed_odd_21032705/noise_depolarizing_n5/qiskit_mixed/hea_qcnn/n5/train_size_12/epochs_10/noise_depolarizing_0/seed_0/metrics.json,completed,,,,,,,,0.3225867292686147,,,,,
/scratch/users/jdehoney/eqnn_thesis/data/noisy_comparisons/qiskit_mixed_odd_21032705,/scratch/users/jdehoney/eqnn_thesis/data/noisy_comparisons/qiskit_mixed_odd_21032705/noise_depolarizing_n5,qiskit_mixed,hea_qcnn,5,12,10,1,depolarizing,0.0,/scratch/users/jdehoney/eqnn_thesis/data/noisy_comparisons/qiskit_mixed_odd_21032705/noise_depolarizing_n5/qiskit_mixed/hea_qcnn/n5/train_size_12/epochs_10/noise_depolarizing_0/seed_1,/scratch/users/jdehoney/eqnn_thesis/data/noisy_comparisons/qiskit_mixed_odd_21032705/noise_depolarizing_n5/qiskit_mixed/hea_qcnn/n5/train_size_12/epochs_10/noise_depolarizing_0/seed_1/metrics.json,completed,,,,,,,,0.2928963607110291,,,,,
/scratch/users/jdehoney/eqnn_thesis/data/noisy_comparisons/qiskit_mixed_odd_21032705,/scratch/users/jdehoney/eqnn_thesis/data/noisy_comparisons/qiskit_mixed_odd_21032705/noise_depolarizing_n5,qiskit_mixed,hea_qcnn,5,12,10,2,depolarizing,0.0,/scratch/users/jdehoney/eqnn_thesis/data/noisy_comparisons/qiskit_mixed_odd_21032705/noise_depolarizing_n5/qiskit_mixed/hea_qcnn/n5/train_size_12/epochs_10/noise_depolarizing_0/seed_2,/scratch/users/jdehoney/eqnn_thesis/data/noisy_comparisons/qiskit_mixed_odd_21032705/noise_depolarizing_n5/qiskit_mixed/hea_qcnn/n5/train_size_12/epochs_10/noise_depolarizing_0/seed_2/metrics.json,completed,,,,,,,,0.320303520919235,,,,,
/scratch/users/jdehoney/eqnn_thesis/data/noisy_comparisons/qiskit_mixed_odd_21032705,/scratch/users/jdehoney/eqnn_thesis/data/noisy_comparisons/qiskit_mixed_odd_21032705/noise_depolarizing_n5,qiskit_mixed,hea_qcnn,5,12,10,0,depolarizing,0.001,/scratch/users/jdehoney/eqnn_thesis/data/noisy_comparisons/qiskit_mixed_odd_21032705/noise_depolarizing_n5/qiskit_mixed/hea_qcnn/n5/train_size_12/epochs_10/noise_depolarizing_0p001/seed_0,/scratch/users/jdehoney/eqnn_thesis/data/noisy_comparisons/qiskit_mixed_odd_21032705/noise_depolarizing_n5/qiskit_mixed/hea_qcnn/n5/train_size_12/epochs_10/noise_depolarizing_0p001/seed_0/metrics.json,completed,,,,,,,,0.3236609508677857,,,,,
/scratch/users/jdehoney/eqnn_thesis/data/noisy_comparisons/qiskit_mixed_odd_21032705,/scratch/users/jdehoney/eqnn_thesis/data/noisy_comparisons/qiskit_mixed_odd_21032705/noise_depolarizing_n5,qiskit_mixed,hea_qcnn,5,12,10,1,depolarizing,0.001,/scratch/users/jdehoney/eqnn_thesis/data/noisy_comparisons/qiskit_mixed_odd_21032705/noise_depolarizing_n5/qiskit_mixed/hea_qcnn/n5/train_size_12/epochs_10/noise_depolarizing_0p001/seed_1,/scratch/users/jdehoney/eqnn_thesis/data/noisy_comparisons/qiskit_mixed_odd_21032705/noise_depolarizing_n5/qiskit_mixed/hea_qcnn/n5/train_size_12/epochs_10/noise_depolarizing_0p001/seed_1/metrics.json,completed,,,,,,,,0.31389598471617663,,,,,
/scratch/users/jdehoney/eqnn_thesis/data/noisy_comparisons/qiskit_mixed_odd_21032705,/scratch/users/jdehoney/eqnn_thesis/data/noisy_comparisons/qiskit_mixed_odd_21032705/noise_depolarizing_n5,qiskit_mixed,hea_qcnn,5,12,10,2,depolarizing,0.001,/scratch/users/jdehoney/eqnn_thesis/data/noisy_comparisons/qiskit_mixed_odd_21032705/noise_depolarizing_n5/qiskit_mixed/hea_qcnn/n5/train_size_12/epochs_10/noise_depolarizing_0p001/seed_2,/scratch/users/jdehoney/eqnn_thesis/data/noisy_comparisons/qiskit_mixed_odd_21032705/noise_depolarizing_n5/qiskit_mixed/hea_qcnn/n5/train_size_12/epochs_10/noise_depolarizing_0p001/seed_2/metrics.json,completed,,,,,,,,0.31969040174788,,,,,
/scratch/users/jdehoney/eqnn_thesis/data/noisy_comparisons/qiskit_mixed_odd_21032705,/scratch/users/jdehoney/eqnn_thesis/data/noisy_comparisons/qiskit_mixed_odd_21032705/noise_depolarizing_n5,qiskit_mixed,hea_qcnn,5,12,10,0,depolarizing,0.005,/scratch/users/jdehoney/eqnn_thesis/data/noisy_comparisons/qiskit_mixed_odd_21032705/noise_depolarizing_n5/qiskit_mixed/hea_qcnn/n5/train_size_12/epochs_10/noise_depolarizing_0p005/seed_0,/scratch/users/jdehoney/eqnn_thesis/data/noisy_comparisons/qiskit_mixed_odd_21032705/noise_depolarizing_n5/qiskit_mixed/hea_qcnn/n5/train_size_12/epochs_10/noise_depolarizing_0p005/seed_0/metrics.json,completed,,,,,,,,0.3241044334715265,,,,,
/scratch/users/jdehoney/eqnn_thesis/data/noisy_comparisons/qiskit_mixed_odd_21032705,/scratch/users/jdehoney/eqnn_thesis/data/noisy_comparisons/qiskit_mixed_odd_21032705/noise_depolarizing_n5,qiskit_mixed,hea_qcnn,5,12,10,1,depolarizing,0.005,/scratch/users/jdehoney/eqnn_thesis/data/noisy_comparisons/qiskit_mixed_odd_21032705/noise_depolarizing_n5/qiskit_mixed/hea_qcnn/n5/train_size_12/epochs_10/noise_depolarizing_0p005/seed_1,/scratch/users/jdehoney/eqnn_thesis/data/noisy_comparisons/qiskit_mixed_odd_21032705/noise_depolarizing_n5/qiskit_mixed/hea_qcnn/n5/train_size_12/epochs_10/noise_depolarizing_0p005/seed_1/metrics.json,completed,,,,,,,,0.30710573263092633,,,,,
/scratch/users/jdehoney/eqnn_thesis/data/noisy_comparisons/qiskit_mixed_odd_21032705,/scratch/users/jdehoney/eqnn_thesis/data/noisy_comparisons/qiskit_mixed_odd_21032705/noise_depolarizing_n5,qiskit_mixed,hea_qcnn,5,12,10,2,depolarizing,0.005,/scratch/users/jdehoney/eqnn_thesis/data/noisy_comparisons/qiskit_mixed_odd_21032705/noise_depolarizing_n5/qiskit_mixed/hea_qcnn/n5/train_size_12/epochs_10/noise_depolarizing_0p005/seed_2,/scratch/users/jdehoney/eqnn_thesis/data/noisy_comparisons/qiskit_mixed_odd_21032705/noise_depolarizing_n5/qiskit_mixed/hea_qcnn/n5/train_size_12/epochs_10/noise_depolarizing_0p005/seed_2/metrics.json,completed,,,,,,,,0.30368744723011853,,,,,
/scratch/users/jdehoney/eqnn_thesis/data/noisy_comparisons/qiskit_mixed_odd_21032705,/scratch/users/jdehoney/eqnn_thesis/data/noisy_comparisons/qiskit_mixed_odd_21032705/noise_depolarizing_n5,qiskit_mixed,hea_qcnn,5,12,10,0,depolarizing,0.01,/scratch/users/jdehoney/eqnn_thesis/data/noisy_comparisons/qiskit_mixed_odd_21032705/noise_depolarizing_n5/qiskit_mixed/hea_qcnn/n5/train_size_12/epochs_10/noise_depolarizing_0p01/seed_0,/scratch/users/jdehoney/eqnn_thesis/data/noisy_comparisons/qiskit_mixed_odd_21032705/noise_depolarizing_n5/qiskit_mixed/hea_qcnn/n5/train_size_12/epochs_10/noise_depolarizing_0p01/seed_0/metrics.json,completed,,,,,,,,0.322447663280249,,,,,
/scratch/users/jdehoney/eqnn_thesis/data/noisy_comparisons/qiskit_mixed_odd_21032705,/scratch/users/jdehoney/eqnn_thesis/data/noisy_comparisons/qiskit_mixed_odd_21032705/noise_depolarizing_n5,qiskit_mixed,hea_qcnn,5,12,10,1,depolarizing,0.01,/scratch/users/jdehoney/eqnn_thesis/data/noisy_comparisons/qiskit_mixed_odd_21032705/noise_depolarizing_n5/qiskit_mixed/hea_qcnn/n5/train_size_12/epochs_10/noise_depolarizing_0p01/seed_1,/scratch/users/jdehoney/eqnn_thesis/data/noisy_comparisons/qiskit_mixed_odd_21032705/noise_depolarizing_n5/qiskit_mixed/hea_qcnn/n5/train_size_12/epochs_10/noise_depolarizing_0p01/seed_1/metrics.json,completed,,,,,,,,0.290514199558947,,,,,
/scratch/users/jdehoney/eqnn_thesis/data/noisy_comparisons/qiskit_mixed_odd_21032705,/scratch/users/jdehoney/eqnn_thesis/data/noisy_comparisons/qiskit_mixed_odd_21032705/noise_depolarizing_n5,qiskit_mixed,hea_qcnn,5,12,10,2,depolarizing,0.01,/scratch/users/jdehoney/eqnn_thesis/data/noisy_comparisons/qiskit_mixed_odd_21032705/noise_depolarizing_n5/qiskit_mixed/hea_qcnn/n5/train_size_12/epochs_10/noise_depolarizing_0p01/seed_2,/scratch/users/jdehoney/eqnn_thesis/data/noisy_comparisons/qiskit_mixed_odd_21032705/noise_depolarizing_n5/qiskit_mixed/hea_qcnn/n5/train_size_12/epochs_10/noise_depolarizing_0p01/seed_2/metrics.json,completed,,,,,,,,0.3185824640398927,,,,,
/scratch/users/jdehoney/eqnn_thesis/data/noisy_comparisons/qiskit_mixed_odd_21032705,/scratch/users/jdehoney/eqnn_thesis/data/noisy_comparisons/qiskit_mixed_odd_21032705/noise_depolarizing_n5,qiskit_mixed,hea_qcnn,5,12,10,0,depolarizing,0.05,/scratch/users/jdehoney/eqnn_thesis/data/noisy_comparisons/qiskit_mixed_odd_21032705/noise_depolarizing_n5/qiskit_mixed/hea_qcnn/n5/train_size_12/epochs_10/noise_depolarizing_0p05/seed_0,/scratch/users/jdehoney/eqnn_thesis/data/noisy_comparisons/qiskit_mixed_odd_21032705/noise_depolarizing_n5/qiskit_mixed/hea_qcnn/n5/train_size_12/epochs_10/noise_depolarizing_0p05/seed_0/metrics.json,completed,,,,,,,,0.4369341654588451,,,,,
/scratch/users/jdehoney/eqnn_thesis/data/noisy_comparisons/qiskit_mixed_odd_21032705,/scratch/users/jdehoney/eqnn_thesis/data/noisy_comparisons/qiskit_mixed_odd_21032705/noise_depolarizing_n5,qiskit_mixed,hea_qcnn,5,12,10,1,depolarizing,0.05,/scratch/users/jdehoney/eqnn_thesis/data/noisy_comparisons/qiskit_mixed_odd_21032705/noise_depolarizing_n5/qiskit_mixed/hea_qcnn/n5/train_size_12/epochs_10/noise_depolarizing_0p05/seed_1,/scratch/users/jdehoney/eqnn_thesis/data/noisy_comparisons/qiskit_mixed_odd_21032705/noise_depolarizing_n5/qiskit_mixed/hea_qcnn/n5/train_size_12/epochs_10/noise_depolarizing_0p05/seed_1/metrics.json,completed,,,,,,,,0.4054522726528189,,,,,
/scratch/users/jdehoney/eqnn_thesis/data/noisy_comparisons/qiskit_mixed_odd_21032705,/scratch/users/jdehoney/eqnn_thesis/data/noisy_comparisons/qiskit_mixed_odd_21032705/noise_depolarizing_n5,qiskit_mixed,hea_qcnn,5,12,10,2,depolarizing,0.05,/scratch/users/jdehoney/eqnn_thesis/data/noisy_comparisons/qiskit_mixed_odd_21032705/noise_depolarizing_n5/qiskit_mixed/hea_qcnn/n5/train_size_12/epochs_10/noise_depolarizing_0p05/seed_2,/scratch/users/jdehoney/eqnn_thesis/data/noisy_comparisons/qiskit_mixed_odd_21032705/noise_depolarizing_n5/qiskit_mixed/hea_qcnn/n5/train_size_12/epochs_10/noise_depolarizing_0p05/seed_2/metrics.json,completed,,,,,,,,0.4542860842675874,,,,,
/scratch/users/jdehoney/eqnn_thesis/data/noisy_comparisons/qiskit_mixed_odd_21032705,/scratch/users/jdehoney/eqnn_thesis/data/noisy_comparisons/qiskit_mixed_odd_21032705/noise_depolarizing_n5,qiskit_mixed,hea_qcnn,5,12,10,0,depolarizing,0.1,/scratch/users/jdehoney/eqnn_thesis/data/noisy_comparisons/qiskit_mixed_odd_21032705/noise_depolarizing_n5/qiskit_mixed/hea_qcnn/n5/train_size_12/epochs_10/noise_depolarizing_0p1/seed_0,/scratch/users/jdehoney/eqnn_thesis/data/noisy_comparisons/qiskit_mixed_odd_21032705/noise_depolarizing_n5/qiskit_mixed/hea_qcnn/n5/train_size_12/epochs_10/noise_depolarizing_0p1/seed_0/metrics.json,completed,,,,,,,,0.5432822262961465,,,,,
/scratch/users/jdehoney/eqnn_thesis/data/noisy_comparisons/qiskit_mixed_odd_21032705,/scratch/users/jdehoney/eqnn_thesis/data/noisy_comparisons/qiskit_mixed_odd_21032705/noise_depolarizing_n5,qiskit_mixed,hea_qcnn,5,12,10,1,depolarizing,0.1,/scratch/users/jdehoney/eqnn_thesis/data/noisy_comparisons/qiskit_mixed_odd_21032705/noise_depolarizing_n5/qiskit_mixed/hea_qcnn/n5/train_size_12/epochs_10/noise_depolarizing_0p1/seed_1,/scratch/users/jdehoney/eqnn_thesis/data/noisy_comparisons/qiskit_mixed_odd_21032705/noise_depolarizing_n5/qiskit_mixed/hea_qcnn/n5/train_size_12/epochs_10/noise_depolarizing_0p1/seed_1/metrics.json,completed,,,,,,,,0.5442138268736292,,,,,
/scratch/users/jdehoney/eqnn_thesis/data/noisy_comparisons/qiskit_mixed_odd_21032705,/scratch/users/jdehoney/eqnn_thesis/data/noisy_comparisons/qiskit_mixed_odd_21032705/noise_depolarizing_n5,qiskit_mixed,hea_qcnn,5,12,10,2,depolarizing,0.1,/scratch/users/jdehoney/eqnn_thesis/data/noisy_comparisons/qiskit_mixed_odd_21032705/noise_depolarizing_n5/qiskit_mixed/hea_qcnn/n5/train_size_12/epochs_10/noise_depolarizing_0p1/seed_2,/scratch/users/jdehoney/eqnn_thesis/data/noisy_comparisons/qiskit_mixed_odd_21032705/noise_depolarizing_n5/qiskit_mixed/hea_qcnn/n5/train_size_12/epochs_10/noise_depolarizing_0p1/seed_2/metrics.json,completed,,,,,,,,0.5551694430684664,,,,,
/scratch/users/jdehoney/eqnn_thesis/data/noisy_comparisons/qiskit_mixed_odd_21032705,/scratch/users/jdehoney/eqnn_thesis/data/noisy_comparisons/qiskit_mixed_odd_21032705/noise_depolarizing_n5,qiskit_mixed,hea_qcnn,5,16,10,0,depolarizing,0.0,/scratch/users/jdehoney/eqnn_thesis/data/noisy_comparisons/qiskit_mixed_odd_21032705/noise_depolarizing_n5/qiskit_mixed/hea_qcnn/n5/train_size_16/epochs_10/noise_depolarizing_0/seed_0,/scratch/users/jdehoney/eqnn_thesis/data/noisy_comparisons/qiskit_mixed_odd_21032705/noise_depolarizing_n5/qiskit_mixed/hea_qcnn/n5/train_size_16/epochs_10/noise_depolarizing_0/seed_0/metrics.json,completed,,,,,,,,0.4579649757062697,,,,,
/scratch/users/jdehoney/eqnn_thesis/data/noisy_comparisons/qiskit_mixed_odd_21032705,/scratch/users/jdehoney/eqnn_thesis/data/noisy_comparisons/qiskit_mixed_odd_21032705/noise_depolarizing_n5,qiskit_mixed,hea_qcnn,5,16,10,1,depolarizing,0.0,/scratch/users/jdehoney/eqnn_thesis/data/noisy_comparisons/qiskit_mixed_odd_21032705/noise_depolarizing_n5/qiskit_mixed/hea_qcnn/n5/train_size_16/epochs_10/noise_depolarizing_0/seed_1,/scratch/users/jdehoney/eqnn_thesis/data/noisy_comparisons/qiskit_mixed_odd_21032705/noise_depolarizing_n5/qiskit_mixed/hea_qcnn/n5/train_size_16/epochs_10/noise_depolarizing_0/seed_1/metrics.json,completed,,,,,,,,0.49304322438457115,,,,,
/scratch/users/jdehoney/eqnn_thesis/data/noisy_comparisons/qiskit_mixed_odd_21032705,/scratch/users/jdehoney/eqnn_thesis/data/noisy_comparisons/qiskit_mixed_odd_21032705/noise_depolarizing_n5,qiskit_mixed,hea_qcnn,5,16,10,2,depolarizing,0.0,/scratch/users/jdehoney/eqnn_thesis/data/noisy_comparisons/qiskit_mixed_odd_21032705/noise_depolarizing_n5/qiskit_mixed/hea_qcnn/n5/train_size_16/epochs_10/noise_depolarizing_0/seed_2,/scratch/users/jdehoney/eqnn_thesis/data/noisy_comparisons/qiskit_mixed_odd_21032705/noise_depolarizing_n5/qiskit_mixed/hea_qcnn/n5/train_size_16/epochs_10/noise_depolarizing_0/seed_2/metrics.json,completed,,,,,,,,0.41053923978247364,,,,,
/scratch/users/jdehoney/eqnn_thesis/data/noisy_comparisons/qiskit_mixed_odd_21032705,/scratch/users/jdehoney/eqnn_thesis/data/noisy_comparisons/qiskit_mixed_odd_21032705/noise_depolarizing_n5,qiskit_mixed,hea_qcnn,5,16,10,0,depolarizing,0.001,/scratch/users/jdehoney/eqnn_thesis/data/noisy_comparisons/qiskit_mixed_odd_21032705/noise_depolarizing_n5/qiskit_mixed/hea_qcnn/n5/train_size_16/epochs_10/noise_depolarizing_0p001/seed_0,/scratch/users/jdehoney/eqnn_thesis/data/noisy_comparisons/qiskit_mixed_odd_21032705/noise_depolarizing_n5/qiskit_mixed/hea_qcnn/n5/train_size_16/epochs_10/noise_depolarizing_0p001/seed_0/metrics.json,completed,,,,,,,,0.4601899171118525,,,,,
/scratch/users/jdehoney/eqnn_thesis/data/noisy_comparisons/qiskit_mixed_odd_21032705,/scratch/users/jdehoney/eqnn_thesis/data/noisy_comparisons/qiskit_mixed_odd_21032705/noise_depolarizing_n5,qiskit_mixed,hea_qcnn,5,16,10,1,depolarizing,0.001,/scratch/users/jdehoney/eqnn_thesis/data/noisy_comparisons/qiskit_mixed_odd_21032705/noise_depolarizing_n5/qiskit_mixed/hea_qcnn/n5/train_size_16/epochs_10/noise_depolarizing_0p001/seed_1,/scratch/users/jdehoney/eqnn_thesis/data/noisy_comparisons/qiskit_mixed_odd_21032705/noise_depolarizing_n5/qiskit_mixed/hea_qcnn/n5/train_size_16/epochs_10/noise_depolarizing_0p001/seed_1/metrics.json,completed,,,,,,,,0.4933994677805045,,,,,
/scratch/users/jdehoney/eqnn_thesis/data/noisy_comparisons/qiskit_mixed_odd_21032705,/scratch/users/jdehoney/eqnn_thesis/data/noisy_comparisons/qiskit_mixed_odd_21032705/noise_depolarizing_n5,qiskit_mixed,hea_qcnn,5,16,10,2,depolarizing,0.001,/scratch/users/jdehoney/eqnn_thesis/data/noisy_comparisons/qiskit_mixed_odd_21032705/noise_depolarizing_n5/qiskit_mixed/hea_qcnn/n5/train_size_16/epochs_10/noise_depolarizing_0p001/seed_2,/scratch/users/jdehoney/eqnn_thesis/data/noisy_comparisons/qiskit_mixed_odd_21032705/noise_depolarizing_n5/qiskit_mixed/hea_qcnn/n5/train_size_16/epochs_10/noise_depolarizing_0p001/seed_2/metrics.json,completed,,,,,,,,0.4137994945543033,,,,,
/scratch/users/jdehoney/eqnn_thesis/data/noisy_comparisons/qiskit_mixed_odd_21032705,/scratch/users/jdehoney/eqnn_thesis/data/noisy_comparisons/qiskit_mixed_odd_21032705/noise_depolarizing_n5,qiskit_mixed,hea_qcnn,5,16,10,0,depolarizing,0.005,/scratch/users/jdehoney/eqnn_thesis/data/noisy_comparisons/qiskit_mixed_odd_21032705/noise_depolarizing_n5/qiskit_mixed/hea_qcnn/n5/train_size_16/epochs_10/noise_depolarizing_0p005/seed_0,/scratch/users/jdehoney/eqnn_thesis/data/noisy_comparisons/qiskit_mixed_odd_21032705/noise_depolarizing_n5/qiskit_mixed/hea_qcnn/n5/train_size_16/epochs_10/noise_depolarizing_0p005/seed_0/metrics.json,completed,,,,,,,,0.4689370876503133,,,,,
/scratch/users/jdehoney/eqnn_thesis/data/noisy_comparisons/qiskit_mixed_odd_21032705,/scratch/users/jdehoney/eqnn_thesis/data/noisy_comparisons/qiskit_mixed_odd_21032705/noise_depolarizing_n5,qiskit_mixed,hea_qcnn,5,16,10,1,depolarizing,0.005,/scratch/users/jdehoney/eqnn_thesis/data/noisy_comparisons/qiskit_mixed_odd_21032705/noise_depolarizing_n5/qiskit_mixed/hea_qcnn/n5/train_size_16/epochs_10/noise_depolarizing_0p005/seed_1,/scratch/users/jdehoney/eqnn_thesis/data/noisy_comparisons/qiskit_mixed_odd_21032705/noise_depolarizing_n5/qiskit_mixed/hea_qcnn/n5/train_size_16/epochs_10/noise_depolarizing_0p005/seed_1/metrics.json,completed,,,,,,,,0.49502847610449724,,,,,
/scratch/users/jdehoney/eqnn_thesis/data/noisy_comparisons/qiskit_mixed_odd_21032705,/scratch/users/jdehoney/eqnn_thesis/data/noisy_comparisons/qiskit_mixed_odd_21032705/noise_depolarizing_n5,qiskit_mixed,hea_qcnn,5,16,10,2,depolarizing,0.005,/scratch/users/jdehoney/eqnn_thesis/data/noisy_comparisons/qiskit_mixed_odd_21032705/noise_depolarizing_n5/qiskit_mixed/hea_qcnn/n5/train_size_16/epochs_10/noise_depolarizing_0p005/seed_2,/scratch/users/jdehoney/eqnn_thesis/data/noisy_comparisons/qiskit_mixed_odd_21032705/noise_depolarizing_n5/qiskit_mixed/hea_qcnn/n5/train_size_16/epochs_10/noise_depolarizing_0p005/seed_2/metrics.json,completed,,,,,,,,0.42180499813777067,,,,,
/scratch/users/jdehoney/eqnn_thesis/data/noisy_comparisons/qiskit_mixed_odd_21032705,/scratch/users/jdehoney/eqnn_thesis/data/noisy_comparisons/qiskit_mixed_odd_21032705/noise_depolarizing_n5,qiskit_mixed,hea_qcnn,5,16,10,0,depolarizing,0.01,/scratch/users/jdehoney/eqnn_thesis/data/noisy_comparisons/qiskit_mixed_odd_21032705/noise_depolarizing_n5/qiskit_mixed/hea_qcnn/n5/train_size_16/epochs_10/noise_depolarizing_0p01/seed_0,/scratch/users/jdehoney/eqnn_thesis/data/noisy_comparisons/qiskit_mixed_odd_21032705/noise_depolarizing_n5/qiskit_mixed/hea_qcnn/n5/train_size_16/epochs_10/noise_depolarizing_0p01/seed_0/metrics.json,completed,,,,,,,,0.4778489128347676,,,,,
/scratch/users/jdehoney/eqnn_thesis/data/noisy_comparisons/qiskit_mixed_odd_21032705,/scratch/users/jdehoney/eqnn_thesis/data/noisy_comparisons/qiskit_mixed_odd_21032705/noise_depolarizing_n5,qiskit_mixed,hea_qcnn,5,16,10,1,depolarizing,0.01,/scratch/users/jdehoney/eqnn_thesis/data/noisy_comparisons/qiskit_mixed_odd_21032705/noise_depolarizing_n5/qiskit_mixed/hea_qcnn/n5/train_size_16/epochs_10/noise_depolarizing_0p01/seed_1,/scratch/users/jdehoney/eqnn_thesis/data/noisy_comparisons/qiskit_mixed_odd_21032705/noise_depolarizing_n5/qiskit_mixed/hea_qcnn/n5/train_size_16/epochs_10/noise_depolarizing_0p01/seed_1/metrics.json,completed,,,,,,,,0.49745270554268717,,,,,
/scratch/users/jdehoney/eqnn_thesis/data/noisy_comparisons/qiskit_mixed_odd_21032705,/scratch/users/jdehoney/eqnn_thesis/data/noisy_comparisons/qiskit_mixed_odd_21032705/noise_depolarizing_n5,qiskit_mixed,hea_qcnn,5,16,10,2,depolarizing,0.01,/scratch/users/jdehoney/eqnn_thesis/data/noisy_comparisons/qiskit_mixed_odd_21032705/noise_depolarizing_n5/qiskit_mixed/hea_qcnn/n5/train_size_16/epochs_10/noise_depolarizing_0p01/seed_2,/scratch/users/jdehoney/eqnn_thesis/data/noisy_comparisons/qiskit_mixed_odd_21032705/noise_depolarizing_n5/qiskit_mixed/hea_qcnn/n5/train_size_16/epochs_10/noise_depolarizing_0p01/seed_2/metrics.json,completed,,,,,,,,0.49643271352561424,,,,,
/scratch/users/jdehoney/eqnn_thesis/data/noisy_comparisons/qiskit_mixed_odd_21032705,/scratch/users/jdehoney/eqnn_thesis/data/noisy_comparisons/qiskit_mixed_odd_21032705/noise_depolarizing_n5,qiskit_mixed,hea_qcnn,5,16,10,0,depolarizing,0.05,/scratch/users/jdehoney/eqnn_thesis/data/noisy_comparisons/qiskit_mixed_odd_21032705/noise_depolarizing_n5/qiskit_mixed/hea_qcnn/n5/train_size_16/epochs_10/noise_depolarizing_0p05/seed_0,/scratch/users/jdehoney/eqnn_thesis/data/noisy_comparisons/qiskit_mixed_odd_21032705/noise_depolarizing_n5/qiskit_mixed/hea_qcnn/n5/train_size_16/epochs_10/noise_depolarizing_0p05/seed_0/metrics.json,completed,,,,,,,,0.544114717682859,,,,,
/scratch/users/jdehoney/eqnn_thesis/data/noisy_comparisons/qiskit_mixed_odd_21032705,/scratch/users/jdehoney/eqnn_thesis/data/noisy_comparisons/qiskit_mixed_odd_21032705/noise_depolarizing_n5,qiskit_mixed,hea_qcnn,5,16,10,1,depolarizing,0.05,/scratch/users/jdehoney/eqnn_thesis/data/noisy_comparisons/qiskit_mixed_odd_21032705/noise_depolarizing_n5/qiskit_mixed/hea_qcnn/n5/train_size_16/epochs_10/noise_depolarizing_0p05/seed_1,/scratch/users/jdehoney/eqnn_thesis/data/noisy_comparisons/qiskit_mixed_odd_21032705/noise_depolarizing_n5/qiskit_mixed/hea_qcnn/n5/train_size_16/epochs_10/noise_depolarizing_0p05/seed_1/metrics.json,completed,,,,,,,,0.5568729711014839,,,,,
/scratch/users/jdehoney/eqnn_thesis/data/noisy_comparisons/qiskit_mixed_odd_21032705,/scratch/users/jdehoney/eqnn_thesis/data/noisy_comparisons/qiskit_mixed_odd_21032705/noise_depolarizing_n5,qiskit_mixed,hea_qcnn,5,16,10,2,depolarizing,0.05,/scratch/users/jdehoney/eqnn_thesis/data/noisy_comparisons/qiskit_mixed_odd_21032705/noise_depolarizing_n5/qiskit_mixed/hea_qcnn/n5/train_size_16/epochs_10/noise_depolarizing_0p05/seed_2,/scratch/users/jdehoney/eqnn_thesis/data/noisy_comparisons/qiskit_mixed_odd_21032705/noise_depolarizing_n5/qiskit_mixed/hea_qcnn/n5/train_size_16/epochs_10/noise_depolarizing_0p05/seed_2/metrics.json,completed,,,,,,,,0.5659961038168015,,,,,
/scratch/users/jdehoney/eqnn_thesis/data/noisy_comparisons/qiskit_mixed_odd_21032705,/scratch/users/jdehoney/eqnn_thesis/data/noisy_comparisons/qiskit_mixed_odd_21032705/noise_depolarizing_n5,qiskit_mixed,hea_qcnn,5,16,10,0,depolarizing,0.1,/scratch/users/jdehoney/eqnn_thesis/data/noisy_comparisons/qiskit_mixed_odd_21032705/noise_depolarizing_n5/qiskit_mixed/hea_qcnn/n5/train_size_16/epochs_10/noise_depolarizing_0p1/seed_0,/scratch/users/jdehoney/eqnn_thesis/data/noisy_comparisons/qiskit_mixed_odd_21032705/noise_depolarizing_n5/qiskit_mixed/hea_qcnn/n5/train_size_16/epochs_10/noise_depolarizing_0p1/seed_0/metrics.json,completed,,,,,,,,0.6422708496232508,,,,,
/scratch/users/jdehoney/eqnn_thesis/data/noisy_comparisons/qiskit_mixed_odd_21032705,/scratch/users/jdehoney/eqnn_thesis/data/noisy_comparisons/qiskit_mixed_odd_21032705/noise_depolarizing_n5,qiskit_mixed,hea_qcnn,5,16,10,1,depolarizing,0.1,/scratch/users/jdehoney/eqnn_thesis/data/noisy_comparisons/qiskit_mixed_odd_21032705/noise_depolarizing_n5/qiskit_mixed/hea_qcnn/n5/train_size_16/epochs_10/noise_depolarizing_0p1/seed_1,/scratch/users/jdehoney/eqnn_thesis/data/noisy_comparisons/qiskit_mixed_odd_21032705/noise_depolarizing_n5/qiskit_mixed/hea_qcnn/n5/train_size_16/epochs_10/noise_depolarizing_0p1/seed_1/metrics.json,completed,,,,,,,,0.6510284138730746,,,,,
/scratch/users/jdehoney/eqnn_thesis/data/noisy_comparisons/qiskit_mixed_odd_21032705,/scratch/users/jdehoney/eqnn_thesis/data/noisy_comparisons/qiskit_mixed_odd_21032705/noise_depolarizing_n5,qiskit_mixed,hea_qcnn,5,16,10,2,depolarizing,0.1,/scratch/users/jdehoney/eqnn_thesis/data/noisy_comparisons/qiskit_mixed_odd_21032705/noise_depolarizing_n5/qiskit_mixed/hea_qcnn/n5/train_size_16/epochs_10/noise_depolarizing_0p1/seed_2,/scratch/users/jdehoney/eqnn_thesis/data/noisy_comparisons/qiskit_mixed_odd_21032705/noise_depolarizing_n5/qiskit_mixed/hea_qcnn/n5/train_size_16/epochs_10/noise_depolarizing_0p1/seed_2/metrics.json,completed,,,,,,,,0.6430874681366828,,,,,
/scratch/users/jdehoney/eqnn_thesis/data/noisy_comparisons/qiskit_mixed_odd_21032705,/scratch/users/jdehoney/eqnn_thesis/data/noisy_comparisons/qiskit_mixed_odd_21032705/noise_depolarizing_n5,qiskit_mixed,su2_qcnn,5,4,10,0,depolarizing,0.0,/scratch/users/jdehoney/eqnn_thesis/data/noisy_comparisons/qiskit_mixed_odd_21032705/noise_depolarizing_n5/qiskit_mixed/su2_qcnn/n5/train_size_4/epochs_10/noise_depolarizing_0/seed_0,/scratch/users/jdehoney/eqnn_thesis/data/noisy_comparisons/qiskit_mixed_odd_21032705/noise_depolarizing_n5/qiskit_mixed/su2_qcnn/n5/train_size_4/epochs_10/noise_depolarizing_0/seed_0/metrics.json,completed,,,,,,,,0.4606570591894541,,,,,
/scratch/users/jdehoney/eqnn_thesis/data/noisy_comparisons/qiskit_mixed_odd_21032705,/scratch/users/jdehoney/eqnn_thesis/data/noisy_comparisons/qiskit_mixed_odd_21032705/noise_depolarizing_n5,qiskit_mixed,su2_qcnn,5,4,10,1,depolarizing,0.0,/scratch/users/jdehoney/eqnn_thesis/data/noisy_comparisons/qiskit_mixed_odd_21032705/noise_depolarizing_n5/qiskit_mixed/su2_qcnn/n5/train_size_4/epochs_10/noise_depolarizing_0/seed_1,/scratch/users/jdehoney/eqnn_thesis/data/noisy_comparisons/qiskit_mixed_odd_21032705/noise_depolarizing_n5/qiskit_mixed/su2_qcnn/n5/train_size_4/epochs_10/noise_depolarizing_0/seed_1/metrics.json,completed,,,,,,,,0.7048875708837531,,,,,
/scratch/users/jdehoney/eqnn_thesis/data/noisy_comparisons/qiskit_mixed_odd_21032705,/scratch/users/jdehoney/eqnn_thesis/data/noisy_comparisons/qiskit_mixed_odd_21032705/noise_depolarizing_n5,qiskit_mixed,su2_qcnn,5,4,10,2,depolarizing,0.0,/scratch/users/jdehoney/eqnn_thesis/data/noisy_comparisons/qiskit_mixed_odd_21032705/noise_depolarizing_n5/qiskit_mixed/su2_qcnn/n5/train_size_4/epochs_10/noise_depolarizing_0/seed_2,/scratch/users/jdehoney/eqnn_thesis/data/noisy_comparisons/qiskit_mixed_odd_21032705/noise_depolarizing_n5/qiskit_mixed/su2_qcnn/n5/train_size_4/epochs_10/noise_depolarizing_0/seed_2/metrics.json,completed,,,,,,,,0.5697883066392705,,,,,
/scratch/users/jdehoney/eqnn_thesis/data/noisy_comparisons/qiskit_mixed_odd_21032705,/scratch/users/jdehoney/eqnn_thesis/data/noisy_comparisons/qiskit_mixed_odd_21032705/noise_depolarizing_n5,qiskit_mixed,su2_qcnn,5,4,10,0,depolarizing,0.001,/scratch/users/jdehoney/eqnn_thesis/data/noisy_comparisons/qiskit_mixed_odd_21032705/noise_depolarizing_n5/qiskit_mixed/su2_qcnn/n5/train_size_4/epochs_10/noise_depolarizing_0p001/seed_0,/scratch/users/jdehoney/eqnn_thesis/data/noisy_comparisons/qiskit_mixed_odd_21032705/noise_depolarizing_n5/qiskit_mixed/su2_qcnn/n5/train_size_4/epochs_10/noise_depolarizing_0p001/seed_0/metrics.json,completed,,,,,,,,0.46340841177801934,,,,,
/scratch/users/jdehoney/eqnn_thesis/data/noisy_comparisons/qiskit_mixed_odd_21032705,/scratch/users/jdehoney/eqnn_thesis/data/noisy_comparisons/qiskit_mixed_odd_21032705/noise_depolarizing_n5,qiskit_mixed,su2_qcnn,5,4,10,1,depolarizing,0.001,/scratch/users/jdehoney/eqnn_thesis/data/noisy_comparisons/qiskit_mixed_odd_21032705/noise_depolarizing_n5/qiskit_mixed/su2_qcnn/n5/train_size_4/epochs_10/noise_depolarizing_0p001/seed_1,/scratch/users/jdehoney/eqnn_thesis/data/noisy_comparisons/qiskit_mixed_odd_21032705/noise_depolarizing_n5/qiskit_mixed/su2_qcnn/n5/train_size_4/epochs_10/noise_depolarizing_0p001/seed_1/metrics.json,completed,,,,,,,,0.70574984879138,,,,,
/scratch/users/jdehoney/eqnn_thesis/data/noisy_comparisons/qiskit_mixed_odd_21032705,/scratch/users/jdehoney/eqnn_thesis/data/noisy_comparisons/qiskit_mixed_odd_21032705/noise_depolarizing_n5,qiskit_mixed,su2_qcnn,5,4,10,2,depolarizing,0.001,/scratch/users/jdehoney/eqnn_thesis/data/noisy_comparisons/qiskit_mixed_odd_21032705/noise_depolarizing_n5/qiskit_mixed/su2_qcnn/n5/train_size_4/epochs_10/noise_depolarizing_0p001/seed_2,/scratch/users/jdehoney/eqnn_thesis/data/noisy_comparisons/qiskit_mixed_odd_21032705/noise_depolarizing_n5/qiskit_mixed/su2_qcnn/n5/train_size_4/epochs_10/noise_depolarizing_0p001/seed_2/metrics.json,completed,,,,,,,,0.5716939891882268,,,,,
/scratch/users/jdehoney/eqnn_thesis/data/noisy_comparisons/qiskit_mixed_odd_21032705,/scratch/users/jdehoney/eqnn_thesis/data/noisy_comparisons/qiskit_mixed_odd_21032705/noise_depolarizing_n5,qiskit_mixed,su2_qcnn,5,4,10,0,depolarizing,0.005,/scratch/users/jdehoney/eqnn_thesis/data/noisy_comparisons/qiskit_mixed_odd_21032705/noise_depolarizing_n5/qiskit_mixed/su2_qcnn/n5/train_size_4/epochs_10/noise_depolarizing_0p005/seed_0,/scratch/users/jdehoney/eqnn_thesis/data/noisy_comparisons/qiskit_mixed_odd_21032705/noise_depolarizing_n5/qiskit_mixed/su2_qcnn/n5/train_size_4/epochs_10/noise_depolarizing_0p005/seed_0/metrics.json,completed,,,,,,,,0.4743288043183471,,,,,
/scratch/users/jdehoney/eqnn_thesis/data/noisy_comparisons/qiskit_mixed_odd_21032705,/scratch/users/jdehoney/eqnn_thesis/data/noisy_comparisons/qiskit_mixed_odd_21032705/noise_depolarizing_n5,qiskit_mixed,su2_qcnn,5,4,10,1,depolarizing,0.005,/scratch/users/jdehoney/eqnn_thesis/data/noisy_comparisons/qiskit_mixed_odd_21032705/noise_depolarizing_n5/qiskit_mixed/su2_qcnn/n5/train_size_4/epochs_10/noise_depolarizing_0p005/seed_1,/scratch/users/jdehoney/eqnn_thesis/data/noisy_comparisons/qiskit_mixed_odd_21032705/noise_depolarizing_n5/qiskit_mixed/su2_qcnn/n5/train_size_4/epochs_10/noise_depolarizing_0p005/seed_1/metrics.json,completed,,,,,,,,0.7090212914609298,,,,,
/scratch/users/jdehoney/eqnn_thesis/data/noisy_comparisons/qiskit_mixed_odd_21032705,/scratch/users/jdehoney/eqnn_thesis/data/noisy_comparisons/qiskit_mixed_odd_21032705/noise_depolarizing_n5,qiskit_mixed,su2_qcnn,5,4,10,2,depolarizing,0.005,/scratch/users/jdehoney/eqnn_thesis/data/noisy_comparisons/qiskit_mixed_odd_21032705/noise_depolarizing_n5/qiskit_mixed/su2_qcnn/n5/train_size_4/epochs_10/noise_depolarizing_0p005/seed_2,/scratch/users/jdehoney/eqnn_thesis/data/noisy_comparisons/qiskit_mixed_odd_21032705/noise_depolarizing_n5/qiskit_mixed/su2_qcnn/n5/train_size_4/epochs_10/noise_depolarizing_0p005/seed_2/metrics.json,completed,,,,,,,,0.579165435297192,,,,,
/scratch/users/jdehoney/eqnn_thesis/data/noisy_comparisons/qiskit_mixed_odd_21032705,/scratch/users/jdehoney/eqnn_thesis/data/noisy_comparisons/qiskit_mixed_odd_21032705/noise_depolarizing_n5,qiskit_mixed,su2_qcnn,5,4,10,0,depolarizing,0.01,/scratch/users/jdehoney/eqnn_thesis/data/noisy_comparisons/qiskit_mixed_odd_21032705/noise_depolarizing_n5/qiskit_mixed/su2_qcnn/n5/train_size_4/epochs_10/noise_depolarizing_0p01/seed_0,/scratch/users/jdehoney/eqnn_thesis/data/noisy_comparisons/qiskit_mixed_odd_21032705/noise_depolarizing_n5/qiskit_mixed/su2_qcnn/n5/train_size_4/epochs_10/noise_depolarizing_0p01/seed_0/metrics.json,completed,,,,,,,,0.4877350401547715,,,,,
/scratch/users/jdehoney/eqnn_thesis/data/noisy_comparisons/qiskit_mixed_odd_21032705,/scratch/users/jdehoney/eqnn_thesis/data/noisy_comparisons/qiskit_mixed_odd_21032705/noise_depolarizing_n5,qiskit_mixed,su2_qcnn,5,4,10,1,depolarizing,0.01,/scratch/users/jdehoney/eqnn_thesis/data/noisy_comparisons/qiskit_mixed_odd_21032705/noise_depolarizing_n5/qiskit_mixed/su2_qcnn/n5/train_size_4/epochs_10/noise_depolarizing_0p01/seed_1,/scratch/users/jdehoney/eqnn_thesis/data/noisy_comparisons/qiskit_mixed_odd_21032705/noise_depolarizing_n5/qiskit_mixed/su2_qcnn/n5/train_size_4/epochs_10/noise_depolarizing_0p01/seed_1/metrics.json,completed,,,,,,,,0.7127321152079874,,,,,
/scratch/users/jdehoney/eqnn_thesis/data/noisy_comparisons/qiskit_mixed_odd_21032705,/scratch/users/jdehoney/eqnn_thesis/data/noisy_comparisons/qiskit_mixed_odd_21032705/noise_depolarizing_n5,qiskit_mixed,su2_qcnn,5,4,10,2,depolarizing,0.01,/scratch/users/jdehoney/eqnn_thesis/data/noisy_comparisons/qiskit_mixed_odd_21032705/noise_depolarizing_n5/qiskit_mixed/su2_qcnn/n5/train_size_4/epochs_10/noise_depolarizing_0p01/seed_2,/scratch/users/jdehoney/eqnn_thesis/data/noisy_comparisons/qiskit_mixed_odd_21032705/noise_depolarizing_n5/qiskit_mixed/su2_qcnn/n5/train_size_4/epochs_10/noise_depolarizing_0p01/seed_2/metrics.json,completed,,,,,,,,0.5881649844583718,,,,,
/scratch/users/jdehoney/eqnn_thesis/data/noisy_comparisons/qiskit_mixed_odd_21032705,/scratch/users/jdehoney/eqnn_thesis/data/noisy_comparisons/qiskit_mixed_odd_21032705/noise_depolarizing_n5,qiskit_mixed,su2_qcnn,5,4,10,0,depolarizing,0.05,/scratch/users/jdehoney/eqnn_thesis/data/noisy_comparisons/qiskit_mixed_odd_21032705/noise_depolarizing_n5/qiskit_mixed/su2_qcnn/n5/train_size_4/epochs_10/noise_depolarizing_0p05/seed_0,/scratch/users/jdehoney/eqnn_thesis/data/noisy_comparisons/qiskit_mixed_odd_21032705/noise_depolarizing_n5/qiskit_mixed/su2_qcnn/n5/train_size_4/epochs_10/noise_depolarizing_0p05/seed_0/metrics.json,completed,,,,,,,,0.579774004268011,,,,,
/scratch/users/jdehoney/eqnn_thesis/data/noisy_comparisons/qiskit_mixed_odd_21032705,/scratch/users/jdehoney/eqnn_thesis/data/noisy_comparisons/qiskit_mixed_odd_21032705/noise_depolarizing_n5,qiskit_mixed,su2_qcnn,5,4,10,1,depolarizing,0.05,/scratch/users/jdehoney/eqnn_thesis/data/noisy_comparisons/qiskit_mixed_odd_21032705/noise_depolarizing_n5/qiskit_mixed/su2_qcnn/n5/train_size_4/epochs_10/noise_depolarizing_0p05/seed_1,/scratch/users/jdehoney/eqnn_thesis/data/noisy_comparisons/qiskit_mixed_odd_21032705/noise_depolarizing_n5/qiskit_mixed/su2_qcnn/n5/train_size_4/epochs_10/noise_depolarizing_0p05/seed_1/metrics.json,completed,,,,,,,,0.7311788029785449,,,,,
/scratch/users/jdehoney/eqnn_thesis/data/noisy_comparisons/qiskit_mixed_odd_21032705,/scratch/users/jdehoney/eqnn_thesis/data/noisy_comparisons/qiskit_mixed_odd_21032705/noise_depolarizing_n5,qiskit_mixed,su2_qcnn,5,4,10,2,depolarizing,0.05,/scratch/users/jdehoney/eqnn_thesis/data/noisy_comparisons/qiskit_mixed_odd_21032705/noise_depolarizing_n5/qiskit_mixed/su2_qcnn/n5/train_size_4/epochs_10/noise_depolarizing_0p05/seed_2,/scratch/users/jdehoney/eqnn_thesis/data/noisy_comparisons/qiskit_mixed_odd_21032705/noise_depolarizing_n5/qiskit_mixed/su2_qcnn/n5/train_size_4/epochs_10/noise_depolarizing_0p05/seed_2/metrics.json,completed,,,,,,,,0.6472121940001037,,,,,
/scratch/users/jdehoney/eqnn_thesis/data/noisy_comparisons/qiskit_mixed_odd_21032705,/scratch/users/jdehoney/eqnn_thesis/data/noisy_comparisons/qiskit_mixed_odd_21032705/noise_depolarizing_n5,qiskit_mixed,su2_qcnn,5,4,10,0,depolarizing,0.1,/scratch/users/jdehoney/eqnn_thesis/data/noisy_comparisons/qiskit_mixed_odd_21032705/noise_depolarizing_n5/qiskit_mixed/su2_qcnn/n5/train_size_4/epochs_10/noise_depolarizing_0p1/seed_0,/scratch/users/jdehoney/eqnn_thesis/data/noisy_comparisons/qiskit_mixed_odd_21032705/noise_depolarizing_n5/qiskit_mixed/su2_qcnn/n5/train_size_4/epochs_10/noise_depolarizing_0p1/seed_0/metrics.json,completed,,,,,,,,0.6560237808942209,,,,,
/scratch/users/jdehoney/eqnn_thesis/data/noisy_comparisons/qiskit_mixed_odd_21032705,/scratch/users/jdehoney/eqnn_thesis/data/noisy_comparisons/qiskit_mixed_odd_21032705/noise_depolarizing_n5,qiskit_mixed,su2_qcnn,5,4,10,1,depolarizing,0.1,/scratch/users/jdehoney/eqnn_thesis/data/noisy_comparisons/qiskit_mixed_odd_21032705/noise_depolarizing_n5/qiskit_mixed/su2_qcnn/n5/train_size_4/epochs_10/noise_depolarizing_0p1/seed_1,/scratch/users/jdehoney/eqnn_thesis/data/noisy_comparisons/qiskit_mixed_odd_21032705/noise_depolarizing_n5/qiskit_mixed/su2_qcnn/n5/train_size_4/epochs_10/noise_depolarizing_0p1/seed_1/metrics.json,completed,,,,,,,,0.7400229135321453,,,,,
/scratch/users/jdehoney/eqnn_thesis/data/noisy_comparisons/qiskit_mixed_odd_21032705,/scratch/users/jdehoney/eqnn_thesis/data/noisy_comparisons/qiskit_mixed_odd_21032705/noise_depolarizing_n5,qiskit_mixed,su2_qcnn,5,4,10,2,depolarizing,0.1,/scratch/users/jdehoney/eqnn_thesis/data/noisy_comparisons/qiskit_mixed_odd_21032705/noise_depolarizing_n5/qiskit_mixed/su2_qcnn/n5/train_size_4/epochs_10/noise_depolarizing_0p1/seed_2,/scratch/users/jdehoney/eqnn_thesis/data/noisy_comparisons/qiskit_mixed_odd_21032705/noise_depolarizing_n5/qiskit_mixed/su2_qcnn/n5/train_size_4/epochs_10/noise_depolarizing_0p1/seed_2/metrics.json,completed,,,,,,,,0.694102186753893,,,,,
/scratch/users/jdehoney/eqnn_thesis/data/noisy_comparisons/qiskit_mixed_odd_21032705,/scratch/users/jdehoney/eqnn_thesis/data/noisy_comparisons/qiskit_mixed_odd_21032705/noise_depolarizing_n5,qiskit_mixed,su2_qcnn,5,8,10,0,depolarizing,0.0,/scratch/users/jdehoney/eqnn_thesis/data/noisy_comparisons/qiskit_mixed_odd_21032705/noise_depolarizing_n5/qiskit_mixed/su2_qcnn/n5/train_size_8/epochs_10/noise_depolarizing_0/seed_0,/scratch/users/jdehoney/eqnn_thesis/data/noisy_comparisons/qiskit_mixed_odd_21032705/noise_depolarizing_n5/qiskit_mixed/su2_qcnn/n5/train_size_8/epochs_10/noise_depolarizing_0/seed_0/metrics.json,completed,,,,,,,,0.442863574604199,,,,,
/scratch/users/jdehoney/eqnn_thesis/data/noisy_comparisons/qiskit_mixed_odd_21032705,/scratch/users/jdehoney/eqnn_thesis/data/noisy_comparisons/qiskit_mixed_odd_21032705/noise_depolarizing_n5,qiskit_mixed,su2_qcnn,5,8,10,1,depolarizing,0.0,/scratch/users/jdehoney/eqnn_thesis/data/noisy_comparisons/qiskit_mixed_odd_21032705/noise_depolarizing_n5/qiskit_mixed/su2_qcnn/n5/train_size_8/epochs_10/noise_depolarizing_0/seed_1,/scratch/users/jdehoney/eqnn_thesis/data/noisy_comparisons/qiskit_mixed_odd_21032705/noise_depolarizing_n5/qiskit_mixed/su2_qcnn/n5/train_size_8/epochs_10/noise_depolarizing_0/seed_1/metrics.json,completed,,,,,,,,0.4165020430994551,,,,,
/scratch/users/jdehoney/eqnn_thesis/data/noisy_comparisons/qiskit_mixed_odd_21032705,/scratch/users/jdehoney/eqnn_thesis/data/noisy_comparisons/qiskit_mixed_odd_21032705/noise_depolarizing_n5,qiskit_mixed,su2_qcnn,5,8,10,2,depolarizing,0.0,/scratch/users/jdehoney/eqnn_thesis/data/noisy_comparisons/qiskit_mixed_odd_21032705/noise_depolarizing_n5/qiskit_mixed/su2_qcnn/n5/train_size_8/epochs_10/noise_depolarizing_0/seed_2,/scratch/users/jdehoney/eqnn_thesis/data/noisy_comparisons/qiskit_mixed_odd_21032705/noise_depolarizing_n5/qiskit_mixed/su2_qcnn/n5/train_size_8/epochs_10/noise_depolarizing_0/seed_2/metrics.json,completed,,,,,,,,0.4517081942148084,,,,,
/scratch/users/jdehoney/eqnn_thesis/data/noisy_comparisons/qiskit_mixed_odd_21032705,/scratch/users/jdehoney/eqnn_thesis/data/noisy_comparisons/qiskit_mixed_odd_21032705/noise_depolarizing_n5,qiskit_mixed,su2_qcnn,5,8,10,0,depolarizing,0.001,/scratch/users/jdehoney/eqnn_thesis/data/noisy_comparisons/qiskit_mixed_odd_21032705/noise_depolarizing_n5/qiskit_mixed/su2_qcnn/n5/train_size_8/epochs_10/noise_depolarizing_0p001/seed_0,/scratch/users/jdehoney/eqnn_thesis/data/noisy_comparisons/qiskit_mixed_odd_21032705/noise_depolarizing_n5/qiskit_mixed/su2_qcnn/n5/train_size_8/epochs_10/noise_depolarizing_0p001/seed_0/metrics.json,completed,,,,,,,,0.44193031128052596,,,,,
/scratch/users/jdehoney/eqnn_thesis/data/noisy_comparisons/qiskit_mixed_odd_21032705,/scratch/users/jdehoney/eqnn_thesis/data/noisy_comparisons/qiskit_mixed_odd_21032705/noise_depolarizing_n5,qiskit_mixed,su2_qcnn,5,8,10,1,depolarizing,0.001,/scratch/users/jdehoney/eqnn_thesis/data/noisy_comparisons/qiskit_mixed_odd_21032705/noise_depolarizing_n5/qiskit_mixed/su2_qcnn/n5/train_size_8/epochs_10/noise_depolarizing_0p001/seed_1,/scratch/users/jdehoney/eqnn_thesis/data/noisy_comparisons/qiskit_mixed_odd_21032705/noise_depolarizing_n5/qiskit_mixed/su2_qcnn/n5/train_size_8/epochs_10/noise_depolarizing_0p001/seed_1/metrics.json,completed,,,,,,,,0.4160566471275334,,,,,
/scratch/users/jdehoney/eqnn_thesis/data/noisy_comparisons/qiskit_mixed_odd_21032705,/scratch/users/jdehoney/eqnn_thesis/data/noisy_comparisons/qiskit_mixed_odd_21032705/noise_depolarizing_n5,qiskit_mixed,su2_qcnn,5,8,10,2,depolarizing,0.001,/scratch/users/jdehoney/eqnn_thesis/data/noisy_comparisons/qiskit_mixed_odd_21032705/noise_depolarizing_n5/qiskit_mixed/su2_qcnn/n5/train_size_8/epochs_10/noise_depolarizing_0p001/seed_2,/scratch/users/jdehoney/eqnn_thesis/data/noisy_comparisons/qiskit_mixed_odd_21032705/noise_depolarizing_n5/qiskit_mixed/su2_qcnn/n5/train_size_8/epochs_10/noise_depolarizing_0p001/seed_2/metrics.json,completed,,,,,,,,0.45132830820783115,,,,,
/scratch/users/jdehoney/eqnn_thesis/data/noisy_comparisons/qiskit_mixed_odd_21032705,/scratch/users/jdehoney/eqnn_thesis/data/noisy_comparisons/qiskit_mixed_odd_21032705/noise_depolarizing_n5,qiskit_mixed,su2_qcnn,5,8,10,0,depolarizing,0.005,/scratch/users/jdehoney/eqnn_thesis/data/noisy_comparisons/qiskit_mixed_odd_21032705/noise_depolarizing_n5/qiskit_mixed/su2_qcnn/n5/train_size_8/epochs_10/noise_depolarizing_0p005/seed_0,/scratch/users/jdehoney/eqnn_thesis/data/noisy_comparisons/qiskit_mixed_odd_21032705/noise_depolarizing_n5/qiskit_mixed/su2_qcnn/n5/train_size_8/epochs_10/noise_depolarizing_0p005/seed_0/metrics.json,completed,,,,,,,,0.43901694089795645,,,,,
/scratch/users/jdehoney/eqnn_thesis/data/noisy_comparisons/qiskit_mixed_odd_21032705,/scratch/users/jdehoney/eqnn_thesis/data/noisy_comparisons/qiskit_mixed_odd_21032705/noise_depolarizing_n5,qiskit_mixed,su2_qcnn,5,8,10,1,depolarizing,0.005,/scratch/users/jdehoney/eqnn_thesis/data/noisy_comparisons/qiskit_mixed_odd_21032705/noise_depolarizing_n5/qiskit_mixed/su2_qcnn/n5/train_size_8/epochs_10/noise_depolarizing_0p005/seed_1,/scratch/users/jdehoney/eqnn_thesis/data/noisy_comparisons/qiskit_mixed_odd_21032705/noise_depolarizing_n5/qiskit_mixed/su2_qcnn/n5/train_size_8/epochs_10/noise_depolarizing_0p005/seed_1/metrics.json,completed,,,,,,,,0.4151354816692788,,,,,
/scratch/users/jdehoney/eqnn_thesis/data/noisy_comparisons/qiskit_mixed_odd_21032705,/scratch/users/jdehoney/eqnn_thesis/data/noisy_comparisons/qiskit_mixed_odd_21032705/noise_depolarizing_n5,qiskit_mixed,su2_qcnn,5,8,10,2,depolarizing,0.005,/scratch/users/jdehoney/eqnn_thesis/data/noisy_comparisons/qiskit_mixed_odd_21032705/noise_depolarizing_n5/qiskit_mixed/su2_qcnn/n5/train_size_8/epochs_10/noise_depolarizing_0p005/seed_2,/scratch/users/jdehoney/eqnn_thesis/data/noisy_comparisons/qiskit_mixed_odd_21032705/noise_depolarizing_n5/qiskit_mixed/su2_qcnn/n5/train_size_8/epochs_10/noise_depolarizing_0p005/seed_2/metrics.json,completed,,,,,,,,0.4505419783288618,,,,,
/scratch/users/jdehoney/eqnn_thesis/data/noisy_comparisons/qiskit_mixed_odd_21032705,/scratch/users/jdehoney/eqnn_thesis/data/noisy_comparisons/qiskit_mixed_odd_21032705/noise_depolarizing_n5,qiskit_mixed,su2_qcnn,5,8,10,0,depolarizing,0.01,/scratch/users/jdehoney/eqnn_thesis/data/noisy_comparisons/qiskit_mixed_odd_21032705/noise_depolarizing_n5/qiskit_mixed/su2_qcnn/n5/train_size_8/epochs_10/noise_depolarizing_0p01/seed_0,/scratch/users/jdehoney/eqnn_thesis/data/noisy_comparisons/qiskit_mixed_odd_21032705/noise_depolarizing_n5/qiskit_mixed/su2_qcnn/n5/train_size_8/epochs_10/noise_depolarizing_0p01/seed_0/metrics.json,completed,,,,,,,,0.4377236168408789,,,,,
/scratch/users/jdehoney/eqnn_thesis/data/noisy_comparisons/qiskit_mixed_odd_21032705,/scratch/users/jdehoney/eqnn_thesis/data/noisy_comparisons/qiskit_mixed_odd_21032705/noise_depolarizing_n5,qiskit_mixed,su2_qcnn,5,8,10,1,depolarizing,0.01,/scratch/users/jdehoney/eqnn_thesis/data/noisy_comparisons/qiskit_mixed_odd_21032705/noise_depolarizing_n5/qiskit_mixed/su2_qcnn/n5/train_size_8/epochs_10/noise_depolarizing_0p01/seed_1,/scratch/users/jdehoney/eqnn_thesis/data/noisy_comparisons/qiskit_mixed_odd_21032705/noise_depolarizing_n5/qiskit_mixed/su2_qcnn/n5/train_size_8/epochs_10/noise_depolarizing_0p01/seed_1/metrics.json,completed,,,,,,,,0.41613391976613756,,,,,
/scratch/users/jdehoney/eqnn_thesis/data/noisy_comparisons/qiskit_mixed_odd_21032705,/scratch/users/jdehoney/eqnn_thesis/data/noisy_comparisons/qiskit_mixed_odd_21032705/noise_depolarizing_n5,qiskit_mixed,su2_qcnn,5,8,10,2,depolarizing,0.01,/scratch/users/jdehoney/eqnn_thesis/data/noisy_comparisons/qiskit_mixed_odd_21032705/noise_depolarizing_n5/qiskit_mixed/su2_qcnn/n5/train_size_8/epochs_10/noise_depolarizing_0p01/seed_2,/scratch/users/jdehoney/eqnn_thesis/data/noisy_comparisons/qiskit_mixed_odd_21032705/noise_depolarizing_n5/qiskit_mixed/su2_qcnn/n5/train_size_8/epochs_10/noise_depolarizing_0p01/seed_2/metrics.json,completed,,,,,,,,0.4513827501237686,,,,,
/scratch/users/jdehoney/eqnn_thesis/data/noisy_comparisons/qiskit_mixed_odd_21032705,/scratch/users/jdehoney/eqnn_thesis/data/noisy_comparisons/qiskit_mixed_odd_21032705/noise_depolarizing_n5,qiskit_mixed,su2_qcnn,5,8,10,0,depolarizing,0.05,/scratch/users/jdehoney/eqnn_thesis/data/noisy_comparisons/qiskit_mixed_odd_21032705/noise_depolarizing_n5/qiskit_mixed/su2_qcnn/n5/train_size_8/epochs_10/noise_depolarizing_0p05/seed_0,/scratch/users/jdehoney/eqnn_thesis/data/noisy_comparisons/qiskit_mixed_odd_21032705/noise_depolarizing_n5/qiskit_mixed/su2_qcnn/n5/train_size_8/epochs_10/noise_depolarizing_0p05/seed_0/metrics.json,completed,,,,,,,,0.5158599102979095,,,,,
/scratch/users/jdehoney/eqnn_thesis/data/noisy_comparisons/qiskit_mixed_odd_21032705,/scratch/users/jdehoney/eqnn_thesis/data/noisy_comparisons/qiskit_mixed_odd_21032705/noise_depolarizing_n5,qiskit_mixed,su2_qcnn,5,8,10,1,depolarizing,0.05,/scratch/users/jdehoney/eqnn_thesis/data/noisy_comparisons/qiskit_mixed_odd_21032705/noise_depolarizing_n5/qiskit_mixed/su2_qcnn/n5/train_size_8/epochs_10/noise_depolarizing_0p05/seed_1,/scratch/users/jdehoney/eqnn_thesis/data/noisy_comparisons/qiskit_mixed_odd_21032705/noise_depolarizing_n5/qiskit_mixed/su2_qcnn/n5/train_size_8/epochs_10/noise_depolarizing_0p05/seed_1/metrics.json,completed,,,,,,,,0.4980103903684036,,,,,
/scratch/users/jdehoney/eqnn_thesis/data/noisy_comparisons/qiskit_mixed_odd_21032705,/scratch/users/jdehoney/eqnn_thesis/data/noisy_comparisons/qiskit_mixed_odd_21032705/noise_depolarizing_n5,qiskit_mixed,su2_qcnn,5,8,10,2,depolarizing,0.05,/scratch/users/jdehoney/eqnn_thesis/data/noisy_comparisons/qiskit_mixed_odd_21032705/noise_depolarizing_n5/qiskit_mixed/su2_qcnn/n5/train_size_8/epochs_10/noise_depolarizing_0p05/seed_2,/scratch/users/jdehoney/eqnn_thesis/data/noisy_comparisons/qiskit_mixed_odd_21032705/noise_depolarizing_n5/qiskit_mixed/su2_qcnn/n5/train_size_8/epochs_10/noise_depolarizing_0p05/seed_2/metrics.json,completed,,,,,,,,0.5228141424284286,,,,,
/scratch/users/jdehoney/eqnn_thesis/data/noisy_comparisons/qiskit_mixed_odd_21032705,/scratch/users/jdehoney/eqnn_thesis/data/noisy_comparisons/qiskit_mixed_odd_21032705/noise_depolarizing_n5,qiskit_mixed,su2_qcnn,5,8,10,0,depolarizing,0.1,/scratch/users/jdehoney/eqnn_thesis/data/noisy_comparisons/qiskit_mixed_odd_21032705/noise_depolarizing_n5/qiskit_mixed/su2_qcnn/n5/train_size_8/epochs_10/noise_depolarizing_0p1/seed_0,/scratch/users/jdehoney/eqnn_thesis/data/noisy_comparisons/qiskit_mixed_odd_21032705/noise_depolarizing_n5/qiskit_mixed/su2_qcnn/n5/train_size_8/epochs_10/noise_depolarizing_0p1/seed_0/metrics.json,completed,,,,,,,,0.6215528904925434,,,,,
/scratch/users/jdehoney/eqnn_thesis/data/noisy_comparisons/qiskit_mixed_odd_21032705,/scratch/users/jdehoney/eqnn_thesis/data/noisy_comparisons/qiskit_mixed_odd_21032705/noise_depolarizing_n5,qiskit_mixed,su2_qcnn,5,8,10,1,depolarizing,0.1,/scratch/users/jdehoney/eqnn_thesis/data/noisy_comparisons/qiskit_mixed_odd_21032705/noise_depolarizing_n5/qiskit_mixed/su2_qcnn/n5/train_size_8/epochs_10/noise_depolarizing_0p1/seed_1,/scratch/users/jdehoney/eqnn_thesis/data/noisy_comparisons/qiskit_mixed_odd_21032705/noise_depolarizing_n5/qiskit_mixed/su2_qcnn/n5/train_size_8/epochs_10/noise_depolarizing_0p1/seed_1/metrics.json,completed,,,,,,,,0.6147710170265648,,,,,
/scratch/users/jdehoney/eqnn_thesis/data/noisy_comparisons/qiskit_mixed_odd_21032705,/scratch/users/jdehoney/eqnn_thesis/data/noisy_comparisons/qiskit_mixed_odd_21032705/noise_depolarizing_n5,qiskit_mixed,su2_qcnn,5,8,10,2,depolarizing,0.1,/scratch/users/jdehoney/eqnn_thesis/data/noisy_comparisons/qiskit_mixed_odd_21032705/noise_depolarizing_n5/qiskit_mixed/su2_qcnn/n5/train_size_8/epochs_10/noise_depolarizing_0p1/seed_2,/scratch/users/jdehoney/eqnn_thesis/data/noisy_comparisons/qiskit_mixed_odd_21032705/noise_depolarizing_n5/qiskit_mixed/su2_qcnn/n5/train_size_8/epochs_10/noise_depolarizing_0p1/seed_2/metrics.json,completed,,,,,,,,0.6280688315333065,,,,,
/scratch/users/jdehoney/eqnn_thesis/data/noisy_comparisons/qiskit_mixed_odd_21032705,/scratch/users/jdehoney/eqnn_thesis/data/noisy_comparisons/qiskit_mixed_odd_21032705/noise_depolarizing_n5,qiskit_mixed,su2_qcnn,5,12,10,0,depolarizing,0.0,/scratch/users/jdehoney/eqnn_thesis/data/noisy_comparisons/qiskit_mixed_odd_21032705/noise_depolarizing_n5/qiskit_mixed/su2_qcnn/n5/train_size_12/epochs_10/noise_depolarizing_0/seed_0,/scratch/users/jdehoney/eqnn_thesis/data/noisy_comparisons/qiskit_mixed_odd_21032705/noise_depolarizing_n5/qiskit_mixed/su2_qcnn/n5/train_size_12/epochs_10/noise_depolarizing_0/seed_0/metrics.json,completed,,,,,,,,0.3425865958546985,,,,,
/scratch/users/jdehoney/eqnn_thesis/data/noisy_comparisons/qiskit_mixed_odd_21032705,/scratch/users/jdehoney/eqnn_thesis/data/noisy_comparisons/qiskit_mixed_odd_21032705/noise_depolarizing_n5,qiskit_mixed,su2_qcnn,5,12,10,1,depolarizing,0.0,/scratch/users/jdehoney/eqnn_thesis/data/noisy_comparisons/qiskit_mixed_odd_21032705/noise_depolarizing_n5/qiskit_mixed/su2_qcnn/n5/train_size_12/epochs_10/noise_depolarizing_0/seed_1,/scratch/users/jdehoney/eqnn_thesis/data/noisy_comparisons/qiskit_mixed_odd_21032705/noise_depolarizing_n5/qiskit_mixed/su2_qcnn/n5/train_size_12/epochs_10/noise_depolarizing_0/seed_1/metrics.json,completed,,,,,,,,0.350479182765862,,,,,
/scratch/users/jdehoney/eqnn_thesis/data/noisy_comparisons/qiskit_mixed_odd_21032705,/scratch/users/jdehoney/eqnn_thesis/data/noisy_comparisons/qiskit_mixed_odd_21032705/noise_depolarizing_n5,qiskit_mixed,su2_qcnn,5,12,10,2,depolarizing,0.0,/scratch/users/jdehoney/eqnn_thesis/data/noisy_comparisons/qiskit_mixed_odd_21032705/noise_depolarizing_n5/qiskit_mixed/su2_qcnn/n5/train_size_12/epochs_10/noise_depolarizing_0/seed_2,/scratch/users/jdehoney/eqnn_thesis/data/noisy_comparisons/qiskit_mixed_odd_21032705/noise_depolarizing_n5/qiskit_mixed/su2_qcnn/n5/train_size_12/epochs_10/noise_depolarizing_0/seed_2/metrics.json,completed,,,,,,,,0.3374528355549456,,,,,
/scratch/users/jdehoney/eqnn_thesis/data/noisy_comparisons/qiskit_mixed_odd_21032705,/scratch/users/jdehoney/eqnn_thesis/data/noisy_comparisons/qiskit_mixed_odd_21032705/noise_depolarizing_n5,qiskit_mixed,su2_qcnn,5,12,10,0,depolarizing,0.001,/scratch/users/jdehoney/eqnn_thesis/data/noisy_comparisons/qiskit_mixed_odd_21032705/noise_depolarizing_n5/qiskit_mixed/su2_qcnn/n5/train_size_12/epochs_10/noise_depolarizing_0p001/seed_0,/scratch/users/jdehoney/eqnn_thesis/data/noisy_comparisons/qiskit_mixed_odd_21032705/noise_depolarizing_n5/qiskit_mixed/su2_qcnn/n5/train_size_12/epochs_10/noise_depolarizing_0p001/seed_0/metrics.json,completed,,,,,,,,0.3423373124340012,,,,,
/scratch/users/jdehoney/eqnn_thesis/data/noisy_comparisons/qiskit_mixed_odd_21032705,/scratch/users/jdehoney/eqnn_thesis/data/noisy_comparisons/qiskit_mixed_odd_21032705/noise_depolarizing_n5,qiskit_mixed,su2_qcnn,5,12,10,1,depolarizing,0.001,/scratch/users/jdehoney/eqnn_thesis/data/noisy_comparisons/qiskit_mixed_odd_21032705/noise_depolarizing_n5/qiskit_mixed/su2_qcnn/n5/train_size_12/epochs_10/noise_depolarizing_0p001/seed_1,/scratch/users/jdehoney/eqnn_thesis/data/noisy_comparisons/qiskit_mixed_odd_21032705/noise_depolarizing_n5/qiskit_mixed/su2_qcnn/n5/train_size_12/epochs_10/noise_depolarizing_0p001/seed_1/metrics.json,completed,,,,,,,,0.35369193249787767,,,,,
/scratch/users/jdehoney/eqnn_thesis/data/noisy_comparisons/qiskit_mixed_odd_21032705,/scratch/users/jdehoney/eqnn_thesis/data/noisy_comparisons/qiskit_mixed_odd_21032705/noise_depolarizing_n5,qiskit_mixed,su2_qcnn,5,12,10,2,depolarizing,0.001,/scratch/users/jdehoney/eqnn_thesis/data/noisy_comparisons/qiskit_mixed_odd_21032705/noise_depolarizing_n5/qiskit_mixed/su2_qcnn/n5/train_size_12/epochs_10/noise_depolarizing_0p001/seed_2,/scratch/users/jdehoney/eqnn_thesis/data/noisy_comparisons/qiskit_mixed_odd_21032705/noise_depolarizing_n5/qiskit_mixed/su2_qcnn/n5/train_size_12/epochs_10/noise_depolarizing_0p001/seed_2/metrics.json,completed,,,,,,,,0.33913508697155803,,,,,
/scratch/users/jdehoney/eqnn_thesis/data/noisy_comparisons/qiskit_mixed_odd_21032705,/scratch/users/jdehoney/eqnn_thesis/data/noisy_comparisons/qiskit_mixed_odd_21032705/noise_depolarizing_n5,qiskit_mixed,su2_qcnn,5,12,10,0,depolarizing,0.005,/scratch/users/jdehoney/eqnn_thesis/data/noisy_comparisons/qiskit_mixed_odd_21032705/noise_depolarizing_n5/qiskit_mixed/su2_qcnn/n5/train_size_12/epochs_10/noise_depolarizing_0p005/seed_0,/scratch/users/jdehoney/eqnn_thesis/data/noisy_comparisons/qiskit_mixed_odd_21032705/noise_depolarizing_n5/qiskit_mixed/su2_qcnn/n5/train_size_12/epochs_10/noise_depolarizing_0p005/seed_0/metrics.json,completed,,,,,,,,0.34510594352284213,,,,,
/scratch/users/jdehoney/eqnn_thesis/data/noisy_comparisons/qiskit_mixed_odd_21032705,/scratch/users/jdehoney/eqnn_thesis/data/noisy_comparisons/qiskit_mixed_odd_21032705/noise_depolarizing_n5,qiskit_mixed,su2_qcnn,5,12,10,1,depolarizing,0.005,/scratch/users/jdehoney/eqnn_thesis/data/noisy_comparisons/qiskit_mixed_odd_21032705/noise_depolarizing_n5/qiskit_mixed/su2_qcnn/n5/train_size_12/epochs_10/noise_depolarizing_0p005/seed_1,/scratch/users/jdehoney/eqnn_thesis/data/noisy_comparisons/qiskit_mixed_odd_21032705/noise_depolarizing_n5/qiskit_mixed/su2_qcnn/n5/train_size_12/epochs_10/noise_depolarizing_0p005/seed_1/metrics.json,completed,,,,,,,,0.3667300810785823,,,,,
/scratch/users/jdehoney/eqnn_thesis/data/noisy_comparisons/qiskit_mixed_odd_21032705,/scratch/users/jdehoney/eqnn_thesis/data/noisy_comparisons/qiskit_mixed_odd_21032705/noise_depolarizing_n5,qiskit_mixed,su2_qcnn,5,12,10,2,depolarizing,0.005,/scratch/users/jdehoney/eqnn_thesis/data/noisy_comparisons/qiskit_mixed_odd_21032705/noise_depolarizing_n5/qiskit_mixed/su2_qcnn/n5/train_size_12/epochs_10/noise_depolarizing_0p005/seed_2,/scratch/users/jdehoney/eqnn_thesis/data/noisy_comparisons/qiskit_mixed_odd_21032705/noise_depolarizing_n5/qiskit_mixed/su2_qcnn/n5/train_size_12/epochs_10/noise_depolarizing_0p005/seed_2/metrics.json,completed,,,,,,,,0.34708208073888996,,,,,
/scratch/users/jdehoney/eqnn_thesis/data/noisy_comparisons/qiskit_mixed_odd_21032705,/scratch/users/jdehoney/eqnn_thesis/data/noisy_comparisons/qiskit_mixed_odd_21032705/noise_depolarizing_n5,qiskit_mixed,su2_qcnn,5,12,10,0,depolarizing,0.01,/scratch/users/jdehoney/eqnn_thesis/data/noisy_comparisons/qiskit_mixed_odd_21032705/noise_depolarizing_n5/qiskit_mixed/su2_qcnn/n5/train_size_12/epochs_10/noise_depolarizing_0p01/seed_0,/scratch/users/jdehoney/eqnn_thesis/data/noisy_comparisons/qiskit_mixed_odd_21032705/noise_depolarizing_n5/qiskit_mixed/su2_qcnn/n5/train_size_12/epochs_10/noise_depolarizing_0p01/seed_0/metrics.json,completed,,,,,,,,0.35504559698605387,,,,,
/scratch/users/jdehoney/eqnn_thesis/data/noisy_comparisons/qiskit_mixed_odd_21032705,/scratch/users/jdehoney/eqnn_thesis/data/noisy_comparisons/qiskit_mixed_odd_21032705/noise_depolarizing_n5,qiskit_mixed,su2_qcnn,5,12,10,1,depolarizing,0.01,/scratch/users/jdehoney/eqnn_thesis/data/noisy_comparisons/qiskit_mixed_odd_21032705/noise_depolarizing_n5/qiskit_mixed/su2_qcnn/n5/train_size_12/epochs_10/noise_depolarizing_0p01/seed_1,/scratch/users/jdehoney/eqnn_thesis/data/noisy_comparisons/qiskit_mixed_odd_21032705/noise_depolarizing_n5/qiskit_mixed/su2_qcnn/n5/train_size_12/epochs_10/noise_depolarizing_0p01/seed_1/metrics.json,completed,,,,,,,,0.38295715565154004,,,,,
/scratch/users/jdehoney/eqnn_thesis/data/noisy_comparisons/qiskit_mixed_odd_21032705,/scratch/users/jdehoney/eqnn_thesis/data/noisy_comparisons/qiskit_mixed_odd_21032705/noise_depolarizing_n5,qiskit_mixed,su2_qcnn,5,12,10,2,depolarizing,0.01,/scratch/users/jdehoney/eqnn_thesis/data/noisy_comparisons/qiskit_mixed_odd_21032705/noise_depolarizing_n5/qiskit_mixed/su2_qcnn/n5/train_size_12/epochs_10/noise_depolarizing_0p01/seed_2,/scratch/users/jdehoney/eqnn_thesis/data/noisy_comparisons/qiskit_mixed_odd_21032705/noise_depolarizing_n5/qiskit_mixed/su2_qcnn/n5/train_size_12/epochs_10/noise_depolarizing_0p01/seed_2/metrics.json,completed,,,,,,,,0.35957630255341777,,,,,
/scratch/users/jdehoney/eqnn_thesis/data/noisy_comparisons/qiskit_mixed_odd_21032705,/scratch/users/jdehoney/eqnn_thesis/data/noisy_comparisons/qiskit_mixed_odd_21032705/noise_depolarizing_n5,qiskit_mixed,su2_qcnn,5,12,10,0,depolarizing,0.05,/scratch/users/jdehoney/eqnn_thesis/data/noisy_comparisons/qiskit_mixed_odd_21032705/noise_depolarizing_n5/qiskit_mixed/su2_qcnn/n5/train_size_12/epochs_10/noise_depolarizing_0p05/seed_0,/scratch/users/jdehoney/eqnn_thesis/data/noisy_comparisons/qiskit_mixed_odd_21032705/noise_depolarizing_n5/qiskit_mixed/su2_qcnn/n5/train_size_12/epochs_10/noise_depolarizing_0p05/seed_0/metrics.json,completed,,,,,,,,0.4712391586802563,,,,,
/scratch/users/jdehoney/eqnn_thesis/data/noisy_comparisons/qiskit_mixed_odd_21032705,/scratch/users/jdehoney/eqnn_thesis/data/noisy_comparisons/qiskit_mixed_odd_21032705/noise_depolarizing_n5,qiskit_mixed,su2_qcnn,5,12,10,1,depolarizing,0.05,/scratch/users/jdehoney/eqnn_thesis/data/noisy_comparisons/qiskit_mixed_odd_21032705/noise_depolarizing_n5/qiskit_mixed/su2_qcnn/n5/train_size_12/epochs_10/noise_depolarizing_0p05/seed_1,/scratch/users/jdehoney/eqnn_thesis/data/noisy_comparisons/qiskit_mixed_odd_21032705/noise_depolarizing_n5/qiskit_mixed/su2_qcnn/n5/train_size_12/epochs_10/noise_depolarizing_0p05/seed_1/metrics.json,completed,,,,,,,,0.48541688945991274,,,,,
/scratch/users/jdehoney/eqnn_thesis/data/noisy_comparisons/qiskit_mixed_odd_21032705,/scratch/users/jdehoney/eqnn_thesis/data/noisy_comparisons/qiskit_mixed_odd_21032705/noise_depolarizing_n5,qiskit_mixed,su2_qcnn,5,12,10,2,depolarizing,0.05,/scratch/users/jdehoney/eqnn_thesis/data/noisy_comparisons/qiskit_mixed_odd_21032705/noise_depolarizing_n5/qiskit_mixed/su2_qcnn/n5/train_size_12/epochs_10/noise_depolarizing_0p05/seed_2,/scratch/users/jdehoney/eqnn_thesis/data/noisy_comparisons/qiskit_mixed_odd_21032705/noise_depolarizing_n5/qiskit_mixed/su2_qcnn/n5/train_size_12/epochs_10/noise_depolarizing_0p05/seed_2/metrics.json,completed,,,,,,,,0.48654763144734325,,,,,
/scratch/users/jdehoney/eqnn_thesis/data/noisy_comparisons/qiskit_mixed_odd_21032705,/scratch/users/jdehoney/eqnn_thesis/data/noisy_comparisons/qiskit_mixed_odd_21032705/noise_depolarizing_n5,qiskit_mixed,su2_qcnn,5,12,10,0,depolarizing,0.1,/scratch/users/jdehoney/eqnn_thesis/data/noisy_comparisons/qiskit_mixed_odd_21032705/noise_depolarizing_n5/qiskit_mixed/su2_qcnn/n5/train_size_12/epochs_10/noise_depolarizing_0p1/seed_0,/scratch/users/jdehoney/eqnn_thesis/data/noisy_comparisons/qiskit_mixed_odd_21032705/noise_depolarizing_n5/qiskit_mixed/su2_qcnn/n5/train_size_12/epochs_10/noise_depolarizing_0p1/seed_0/metrics.json,completed,,,,,,,,0.6015903967235074,,,,,
/scratch/users/jdehoney/eqnn_thesis/data/noisy_comparisons/qiskit_mixed_odd_21032705,/scratch/users/jdehoney/eqnn_thesis/data/noisy_comparisons/qiskit_mixed_odd_21032705/noise_depolarizing_n5,qiskit_mixed,su2_qcnn,5,12,10,1,depolarizing,0.1,/scratch/users/jdehoney/eqnn_thesis/data/noisy_comparisons/qiskit_mixed_odd_21032705/noise_depolarizing_n5/qiskit_mixed/su2_qcnn/n5/train_size_12/epochs_10/noise_depolarizing_0p1/seed_1,/scratch/users/jdehoney/eqnn_thesis/data/noisy_comparisons/qiskit_mixed_odd_21032705/noise_depolarizing_n5/qiskit_mixed/su2_qcnn/n5/train_size_12/epochs_10/noise_depolarizing_0p1/seed_1/metrics.json,completed,,,,,,,,0.720872688199552,,,,,
/scratch/users/jdehoney/eqnn_thesis/data/noisy_comparisons/qiskit_mixed_odd_21032705,/scratch/users/jdehoney/eqnn_thesis/data/noisy_comparisons/qiskit_mixed_odd_21032705/noise_depolarizing_n5,qiskit_mixed,su2_qcnn,5,12,10,2,depolarizing,0.1,/scratch/users/jdehoney/eqnn_thesis/data/noisy_comparisons/qiskit_mixed_odd_21032705/noise_depolarizing_n5/qiskit_mixed/su2_qcnn/n5/train_size_12/epochs_10/noise_depolarizing_0p1/seed_2,/scratch/users/jdehoney/eqnn_thesis/data/noisy_comparisons/qiskit_mixed_odd_21032705/noise_depolarizing_n5/qiskit_mixed/su2_qcnn/n5/train_size_12/epochs_10/noise_depolarizing_0p1/seed_2/metrics.json,completed,,,,,,,,0.6087185944447666,,,,,
/scratch/users/jdehoney/eqnn_thesis/data/noisy_comparisons/qiskit_mixed_odd_21032705,/scratch/users/jdehoney/eqnn_thesis/data/noisy_comparisons/qiskit_mixed_odd_21032705/noise_depolarizing_n5,qiskit_mixed,su2_qcnn,5,16,10,0,depolarizing,0.0,/scratch/users/jdehoney/eqnn_thesis/data/noisy_comparisons/qiskit_mixed_odd_21032705/noise_depolarizing_n5/qiskit_mixed/su2_qcnn/n5/train_size_16/epochs_10/noise_depolarizing_0/seed_0,/scratch/users/jdehoney/eqnn_thesis/data/noisy_comparisons/qiskit_mixed_odd_21032705/noise_depolarizing_n5/qiskit_mixed/su2_qcnn/n5/train_size_16/epochs_10/noise_depolarizing_0/seed_0/metrics.json,completed,,,,,,,,0.3652466320330918,,,,,
/scratch/users/jdehoney/eqnn_thesis/data/noisy_comparisons/qiskit_mixed_odd_21032705,/scratch/users/jdehoney/eqnn_thesis/data/noisy_comparisons/qiskit_mixed_odd_21032705/noise_depolarizing_n5,qiskit_mixed,su2_qcnn,5,16,10,1,depolarizing,0.0,/scratch/users/jdehoney/eqnn_thesis/data/noisy_comparisons/qiskit_mixed_odd_21032705/noise_depolarizing_n5/qiskit_mixed/su2_qcnn/n5/train_size_16/epochs_10/noise_depolarizing_0/seed_1,/scratch/users/jdehoney/eqnn_thesis/data/noisy_comparisons/qiskit_mixed_odd_21032705/noise_depolarizing_n5/qiskit_mixed/su2_qcnn/n5/train_size_16/epochs_10/noise_depolarizing_0/seed_1/metrics.json,completed,,,,,,,,0.3422586310280449,,,,,
/scratch/users/jdehoney/eqnn_thesis/data/noisy_comparisons/qiskit_mixed_odd_21032705,/scratch/users/jdehoney/eqnn_thesis/data/noisy_comparisons/qiskit_mixed_odd_21032705/noise_depolarizing_n5,qiskit_mixed,su2_qcnn,5,16,10,2,depolarizing,0.0,/scratch/users/jdehoney/eqnn_thesis/data/noisy_comparisons/qiskit_mixed_odd_21032705/noise_depolarizing_n5/qiskit_mixed/su2_qcnn/n5/train_size_16/epochs_10/noise_depolarizing_0/seed_2,/scratch/users/jdehoney/eqnn_thesis/data/noisy_comparisons/qiskit_mixed_odd_21032705/noise_depolarizing_n5/qiskit_mixed/su2_qcnn/n5/train_size_16/epochs_10/noise_depolarizing_0/seed_2/metrics.json,completed,,,,,,,,0.31849678417157157,,,,,
/scratch/users/jdehoney/eqnn_thesis/data/noisy_comparisons/qiskit_mixed_odd_21032705,/scratch/users/jdehoney/eqnn_thesis/data/noisy_comparisons/qiskit_mixed_odd_21032705/noise_depolarizing_n5,qiskit_mixed,su2_qcnn,5,16,10,0,depolarizing,0.001,/scratch/users/jdehoney/eqnn_thesis/data/noisy_comparisons/qiskit_mixed_odd_21032705/noise_depolarizing_n5/qiskit_mixed/su2_qcnn/n5/train_size_16/epochs_10/noise_depolarizing_0p001/seed_0,/scratch/users/jdehoney/eqnn_thesis/data/noisy_comparisons/qiskit_mixed_odd_21032705/noise_depolarizing_n5/qiskit_mixed/su2_qcnn/n5/train_size_16/epochs_10/noise_depolarizing_0p001/seed_0/metrics.json,completed,,,,,,,,0.3673299585059024,,,,,
/scratch/users/jdehoney/eqnn_thesis/data/noisy_comparisons/qiskit_mixed_odd_21032705,/scratch/users/jdehoney/eqnn_thesis/data/noisy_comparisons/qiskit_mixed_odd_21032705/noise_depolarizing_n5,qiskit_mixed,su2_qcnn,5,16,10,1,depolarizing,0.001,/scratch/users/jdehoney/eqnn_thesis/data/noisy_comparisons/qiskit_mixed_odd_21032705/noise_depolarizing_n5/qiskit_mixed/su2_qcnn/n5/train_size_16/epochs_10/noise_depolarizing_0p001/seed_1,/scratch/users/jdehoney/eqnn_thesis/data/noisy_comparisons/qiskit_mixed_odd_21032705/noise_depolarizing_n5/qiskit_mixed/su2_qcnn/n5/train_size_16/epochs_10/noise_depolarizing_0p001/seed_1/metrics.json,completed,,,,,,,,0.3441585910009409,,,,,
/scratch/users/jdehoney/eqnn_thesis/data/noisy_comparisons/qiskit_mixed_odd_21032705,/scratch/users/jdehoney/eqnn_thesis/data/noisy_comparisons/qiskit_mixed_odd_21032705/noise_depolarizing_n5,qiskit_mixed,su2_qcnn,5,16,10,2,depolarizing,0.001,/scratch/users/jdehoney/eqnn_thesis/data/noisy_comparisons/qiskit_mixed_odd_21032705/noise_depolarizing_n5/qiskit_mixed/su2_qcnn/n5/train_size_16/epochs_10/noise_depolarizing_0p001/seed_2,/scratch/users/jdehoney/eqnn_thesis/data/noisy_comparisons/qiskit_mixed_odd_21032705/noise_depolarizing_n5/qiskit_mixed/su2_qcnn/n5/train_size_16/epochs_10/noise_depolarizing_0p001/seed_2/metrics.json,completed,,,,,,,,0.31968406978850006,,,,,
/scratch/users/jdehoney/eqnn_thesis/data/noisy_comparisons/qiskit_mixed_odd_21032705,/scratch/users/jdehoney/eqnn_thesis/data/noisy_comparisons/qiskit_mixed_odd_21032705/noise_depolarizing_n5,qiskit_mixed,su2_qcnn,5,16,10,0,depolarizing,0.005,/scratch/users/jdehoney/eqnn_thesis/data/noisy_comparisons/qiskit_mixed_odd_21032705/noise_depolarizing_n5/qiskit_mixed/su2_qcnn/n5/train_size_16/epochs_10/noise_depolarizing_0p005/seed_0,/scratch/users/jdehoney/eqnn_thesis/data/noisy_comparisons/qiskit_mixed_odd_21032705/noise_depolarizing_n5/qiskit_mixed/su2_qcnn/n5/train_size_16/epochs_10/noise_depolarizing_0p005/seed_0/metrics.json,completed,,,,,,,,0.37462468864094545,,,,,
/scratch/users/jdehoney/eqnn_thesis/data/noisy_comparisons/qiskit_mixed_odd_21032705,/scratch/users/jdehoney/eqnn_thesis/data/noisy_comparisons/qiskit_mixed_odd_21032705/noise_depolarizing_n5,qiskit_mixed,su2_qcnn,5,16,10,1,depolarizing,0.005,/scratch/users/jdehoney/eqnn_thesis/data/noisy_comparisons/qiskit_mixed_odd_21032705/noise_depolarizing_n5/qiskit_mixed/su2_qcnn/n5/train_size_16/epochs_10/noise_depolarizing_0p005/seed_1,/scratch/users/jdehoney/eqnn_thesis/data/noisy_comparisons/qiskit_mixed_odd_21032705/noise_depolarizing_n5/qiskit_mixed/su2_qcnn/n5/train_size_16/epochs_10/noise_depolarizing_0p005/seed_1/metrics.json,completed,,,,,,,,0.35140405379881223,,,,,
/scratch/users/jdehoney/eqnn_thesis/data/noisy_comparisons/qiskit_mixed_odd_21032705,/scratch/users/jdehoney/eqnn_thesis/data/noisy_comparisons/qiskit_mixed_odd_21032705/noise_depolarizing_n5,qiskit_mixed,su2_qcnn,5,16,10,2,depolarizing,0.005,/scratch/users/jdehoney/eqnn_thesis/data/noisy_comparisons/qiskit_mixed_odd_21032705/noise_depolarizing_n5/qiskit_mixed/su2_qcnn/n5/train_size_16/epochs_10/noise_depolarizing_0p005/seed_2,/scratch/users/jdehoney/eqnn_thesis/data/noisy_comparisons/qiskit_mixed_odd_21032705/noise_depolarizing_n5/qiskit_mixed/su2_qcnn/n5/train_size_16/epochs_10/noise_depolarizing_0p005/seed_2/metrics.json,completed,,,,,,,,0.42327958060910764,,,,,
/scratch/users/jdehoney/eqnn_thesis/data/noisy_comparisons/qiskit_mixed_odd_21032705,/scratch/users/jdehoney/eqnn_thesis/data/noisy_comparisons/qiskit_mixed_odd_21032705/noise_depolarizing_n5,qiskit_mixed,su2_qcnn,5,16,10,0,depolarizing,0.01,/scratch/users/jdehoney/eqnn_thesis/data/noisy_comparisons/qiskit_mixed_odd_21032705/noise_depolarizing_n5/qiskit_mixed/su2_qcnn/n5/train_size_16/epochs_10/noise_depolarizing_0p01/seed_0,/scratch/users/jdehoney/eqnn_thesis/data/noisy_comparisons/qiskit_mixed_odd_21032705/noise_depolarizing_n5/qiskit_mixed/su2_qcnn/n5/train_size_16/epochs_10/noise_depolarizing_0p01/seed_0/metrics.json,completed,,,,,,,,0.3822785852640884,,,,,
/scratch/users/jdehoney/eqnn_thesis/data/noisy_comparisons/qiskit_mixed_odd_21032705,/scratch/users/jdehoney/eqnn_thesis/data/noisy_comparisons/qiskit_mixed_odd_21032705/noise_depolarizing_n5,qiskit_mixed,su2_qcnn,5,16,10,1,depolarizing,0.01,/scratch/users/jdehoney/eqnn_thesis/data/noisy_comparisons/qiskit_mixed_odd_21032705/noise_depolarizing_n5/qiskit_mixed/su2_qcnn/n5/train_size_16/epochs_10/noise_depolarizing_0p01/seed_1,/scratch/users/jdehoney/eqnn_thesis/data/noisy_comparisons/qiskit_mixed_odd_21032705/noise_depolarizing_n5/qiskit_mixed/su2_qcnn/n5/train_size_16/epochs_10/noise_depolarizing_0p01/seed_1/metrics.json,completed,,,,,,,,0.3604256922471727,,,,,
/scratch/users/jdehoney/eqnn_thesis/data/noisy_comparisons/qiskit_mixed_odd_21032705,/scratch/users/jdehoney/eqnn_thesis/data/noisy_comparisons/qiskit_mixed_odd_21032705/noise_depolarizing_n5,qiskit_mixed,su2_qcnn,5,16,10,2,depolarizing,0.01,/scratch/users/jdehoney/eqnn_thesis/data/noisy_comparisons/qiskit_mixed_odd_21032705/noise_depolarizing_n5/qiskit_mixed/su2_qcnn/n5/train_size_16/epochs_10/noise_depolarizing_0p01/seed_2,/scratch/users/jdehoney/eqnn_thesis/data/noisy_comparisons/qiskit_mixed_odd_21032705/noise_depolarizing_n5/qiskit_mixed/su2_qcnn/n5/train_size_16/epochs_10/noise_depolarizing_0p01/seed_2/metrics.json,completed,,,,,,,,0.41674852512111893,,,,,
/scratch/users/jdehoney/eqnn_thesis/data/noisy_comparisons/qiskit_mixed_odd_21032705,/scratch/users/jdehoney/eqnn_thesis/data/noisy_comparisons/qiskit_mixed_odd_21032705/noise_depolarizing_n5,qiskit_mixed,su2_qcnn,5,16,10,0,depolarizing,0.05,/scratch/users/jdehoney/eqnn_thesis/data/noisy_comparisons/qiskit_mixed_odd_21032705/noise_depolarizing_n5/qiskit_mixed/su2_qcnn/n5/train_size_16/epochs_10/noise_depolarizing_0p05/seed_0,/scratch/users/jdehoney/eqnn_thesis/data/noisy_comparisons/qiskit_mixed_odd_21032705/noise_depolarizing_n5/qiskit_mixed/su2_qcnn/n5/train_size_16/epochs_10/noise_depolarizing_0p05/seed_0/metrics.json,completed,,,,,,,,0.4675973985956753,,,,,
/scratch/users/jdehoney/eqnn_thesis/data/noisy_comparisons/qiskit_mixed_odd_21032705,/scratch/users/jdehoney/eqnn_thesis/data/noisy_comparisons/qiskit_mixed_odd_21032705/noise_depolarizing_n5,qiskit_mixed,su2_qcnn,5,16,10,1,depolarizing,0.05,/scratch/users/jdehoney/eqnn_thesis/data/noisy_comparisons/qiskit_mixed_odd_21032705/noise_depolarizing_n5/qiskit_mixed/su2_qcnn/n5/train_size_16/epochs_10/noise_depolarizing_0p05/seed_1,/scratch/users/jdehoney/eqnn_thesis/data/noisy_comparisons/qiskit_mixed_odd_21032705/noise_depolarizing_n5/qiskit_mixed/su2_qcnn/n5/train_size_16/epochs_10/noise_depolarizing_0p05/seed_1/metrics.json,completed,,,,,,,,0.4647038189177801,,,,,
/scratch/users/jdehoney/eqnn_thesis/data/noisy_comparisons/qiskit_mixed_odd_21032705,/scratch/users/jdehoney/eqnn_thesis/data/noisy_comparisons/qiskit_mixed_odd_21032705/noise_depolarizing_n5,qiskit_mixed,su2_qcnn,5,16,10,2,depolarizing,0.05,/scratch/users/jdehoney/eqnn_thesis/data/noisy_comparisons/qiskit_mixed_odd_21032705/noise_depolarizing_n5/qiskit_mixed/su2_qcnn/n5/train_size_16/epochs_10/noise_depolarizing_0p05/seed_2,/scratch/users/jdehoney/eqnn_thesis/data/noisy_comparisons/qiskit_mixed_odd_21032705/noise_depolarizing_n5/qiskit_mixed/su2_qcnn/n5/train_size_16/epochs_10/noise_depolarizing_0p05/seed_2/metrics.json,completed,,,,,,,,0.47183637770234665,,,,,
/scratch/users/jdehoney/eqnn_thesis/data/noisy_comparisons/qiskit_mixed_odd_21032705,/scratch/users/jdehoney/eqnn_thesis/data/noisy_comparisons/qiskit_mixed_odd_21032705/noise_depolarizing_n5,qiskit_mixed,su2_qcnn,5,16,10,0,depolarizing,0.1,/scratch/users/jdehoney/eqnn_thesis/data/noisy_comparisons/qiskit_mixed_odd_21032705/noise_depolarizing_n5/qiskit_mixed/su2_qcnn/n5/train_size_16/epochs_10/noise_depolarizing_0p1/seed_0,/scratch/users/jdehoney/eqnn_thesis/data/noisy_comparisons/qiskit_mixed_odd_21032705/noise_depolarizing_n5/qiskit_mixed/su2_qcnn/n5/train_size_16/epochs_10/noise_depolarizing_0p1/seed_0/metrics.json,completed,,,,,,,,0.6009165119472815,,,,,
/scratch/users/jdehoney/eqnn_thesis/data/noisy_comparisons/qiskit_mixed_odd_21032705,/scratch/users/jdehoney/eqnn_thesis/data/noisy_comparisons/qiskit_mixed_odd_21032705/noise_depolarizing_n5,qiskit_mixed,su2_qcnn,5,16,10,1,depolarizing,0.1,/scratch/users/jdehoney/eqnn_thesis/data/noisy_comparisons/qiskit_mixed_odd_21032705/noise_depolarizing_n5/qiskit_mixed/su2_qcnn/n5/train_size_16/epochs_10/noise_depolarizing_0p1/seed_1,/scratch/users/jdehoney/eqnn_thesis/data/noisy_comparisons/qiskit_mixed_odd_21032705/noise_depolarizing_n5/qiskit_mixed/su2_qcnn/n5/train_size_16/epochs_10/noise_depolarizing_0p1/seed_1/metrics.json,completed,,,,,,,,0.6011466128778393,,,,,
/scratch/users/jdehoney/eqnn_thesis/data/noisy_comparisons/qiskit_mixed_odd_21032705,/scratch/users/jdehoney/eqnn_thesis/data/noisy_comparisons/qiskit_mixed_odd_21032705/noise_depolarizing_n5,qiskit_mixed,su2_qcnn,5,16,10,2,depolarizing,0.1,/scratch/users/jdehoney/eqnn_thesis/data/noisy_comparisons/qiskit_mixed_odd_21032705/noise_depolarizing_n5/qiskit_mixed/su2_qcnn/n5/train_size_16/epochs_10/noise_depolarizing_0p1/seed_2,/scratch/users/jdehoney/eqnn_thesis/data/noisy_comparisons/qiskit_mixed_odd_21032705/noise_depolarizing_n5/qiskit_mixed/su2_qcnn/n5/train_size_16/epochs_10/noise_depolarizing_0p1/seed_2/metrics.json,completed,,,,,,,,0.601505867190252,,,,,
/scratch/users/jdehoney/eqnn_thesis/data/noisy_comparisons/qiskit_mixed_odd_21032705,/scratch/users/jdehoney/eqnn_thesis/data/noisy_comparisons/qiskit_mixed_odd_21032705/noise_coherent_overrotation_n7,qiskit_mixed,hea_qcnn,7,4,10,0,coherent_overrotation,0.0,/scratch/users/jdehoney/eqnn_thesis/data/noisy_comparisons/qiskit_mixed_odd_21032705/noise_coherent_overrotation_n7/qiskit_mixed/hea_qcnn/n7/train_size_4/epochs_10/noise_coherent_overrotation_0/seed_0,/scratch/users/jdehoney/eqnn_thesis/data/noisy_comparisons/qiskit_mixed_odd_21032705/noise_coherent_overrotation_n7/qiskit_mixed/hea_qcnn/n7/train_size_4/epochs_10/noise_coherent_overrotation_0/seed_0/metrics.json,completed,,,,,,,,0.6911106618159293,,,,,
/scratch/users/jdehoney/eqnn_thesis/data/noisy_comparisons/qiskit_mixed_odd_21032705,/scratch/users/jdehoney/eqnn_thesis/data/noisy_comparisons/qiskit_mixed_odd_21032705/noise_coherent_overrotation_n7,qiskit_mixed,hea_qcnn,7,4,10,1,coherent_overrotation,0.0,/scratch/users/jdehoney/eqnn_thesis/data/noisy_comparisons/qiskit_mixed_odd_21032705/noise_coherent_overrotation_n7/qiskit_mixed/hea_qcnn/n7/train_size_4/epochs_10/noise_coherent_overrotation_0/seed_1,/scratch/users/jdehoney/eqnn_thesis/data/noisy_comparisons/qiskit_mixed_odd_21032705/noise_coherent_overrotation_n7/qiskit_mixed/hea_qcnn/n7/train_size_4/epochs_10/noise_coherent_overrotation_0/seed_1/metrics.json,completed,,,,,,,,0.6380343297615148,,,,,
/scratch/users/jdehoney/eqnn_thesis/data/noisy_comparisons/qiskit_mixed_odd_21032705,/scratch/users/jdehoney/eqnn_thesis/data/noisy_comparisons/qiskit_mixed_odd_21032705/noise_coherent_overrotation_n7,qiskit_mixed,hea_qcnn,7,4,10,2,coherent_overrotation,0.0,/scratch/users/jdehoney/eqnn_thesis/data/noisy_comparisons/qiskit_mixed_odd_21032705/noise_coherent_overrotation_n7/qiskit_mixed/hea_qcnn/n7/train_size_4/epochs_10/noise_coherent_overrotation_0/seed_2,/scratch/users/jdehoney/eqnn_thesis/data/noisy_comparisons/qiskit_mixed_odd_21032705/noise_coherent_overrotation_n7/qiskit_mixed/hea_qcnn/n7/train_size_4/epochs_10/noise_coherent_overrotation_0/seed_2/metrics.json,completed,,,,,,,,0.6703927625181701,,,,,
/scratch/users/jdehoney/eqnn_thesis/data/noisy_comparisons/qiskit_mixed_odd_21032705,/scratch/users/jdehoney/eqnn_thesis/data/noisy_comparisons/qiskit_mixed_odd_21032705/noise_coherent_overrotation_n7,qiskit_mixed,hea_qcnn,7,4,10,0,coherent_overrotation,0.001,/scratch/users/jdehoney/eqnn_thesis/data/noisy_comparisons/qiskit_mixed_odd_21032705/noise_coherent_overrotation_n7/qiskit_mixed/hea_qcnn/n7/train_size_4/epochs_10/noise_coherent_overrotation_0p001/seed_0,/scratch/users/jdehoney/eqnn_thesis/data/noisy_comparisons/qiskit_mixed_odd_21032705/noise_coherent_overrotation_n7/qiskit_mixed/hea_qcnn/n7/train_size_4/epochs_10/noise_coherent_overrotation_0p001/seed_0/metrics.json,completed,,,,,,,,0.6329063628371332,,,,,
/scratch/users/jdehoney/eqnn_thesis/data/noisy_comparisons/qiskit_mixed_odd_21032705,/scratch/users/jdehoney/eqnn_thesis/data/noisy_comparisons/qiskit_mixed_odd_21032705/noise_coherent_overrotation_n7,qiskit_mixed,hea_qcnn,7,4,10,1,coherent_overrotation,0.001,/scratch/users/jdehoney/eqnn_thesis/data/noisy_comparisons/qiskit_mixed_odd_21032705/noise_coherent_overrotation_n7/qiskit_mixed/hea_qcnn/n7/train_size_4/epochs_10/noise_coherent_overrotation_0p001/seed_1,/scratch/users/jdehoney/eqnn_thesis/data/noisy_comparisons/qiskit_mixed_odd_21032705/noise_coherent_overrotation_n7/qiskit_mixed/hea_qcnn/n7/train_size_4/epochs_10/noise_coherent_overrotation_0p001/seed_1/metrics.json,completed,,,,,,,,0.6378900407096733,,,,,
/scratch/users/jdehoney/eqnn_thesis/data/noisy_comparisons/qiskit_mixed_odd_21032705,/scratch/users/jdehoney/eqnn_thesis/data/noisy_comparisons/qiskit_mixed_odd_21032705/noise_coherent_overrotation_n7,qiskit_mixed,hea_qcnn,7,4,10,2,coherent_overrotation,0.001,/scratch/users/jdehoney/eqnn_thesis/data/noisy_comparisons/qiskit_mixed_odd_21032705/noise_coherent_overrotation_n7/qiskit_mixed/hea_qcnn/n7/train_size_4/epochs_10/noise_coherent_overrotation_0p001/seed_2,/scratch/users/jdehoney/eqnn_thesis/data/noisy_comparisons/qiskit_mixed_odd_21032705/noise_coherent_overrotation_n7/qiskit_mixed/hea_qcnn/n7/train_size_4/epochs_10/noise_coherent_overrotation_0p001/seed_2/metrics.json,completed,,,,,,,,0.6704034915087218,,,,,
/scratch/users/jdehoney/eqnn_thesis/data/noisy_comparisons/qiskit_mixed_odd_21032705,/scratch/users/jdehoney/eqnn_thesis/data/noisy_comparisons/qiskit_mixed_odd_21032705/noise_coherent_overrotation_n7,qiskit_mixed,hea_qcnn,7,4,10,0,coherent_overrotation,0.005,/scratch/users/jdehoney/eqnn_thesis/data/noisy_comparisons/qiskit_mixed_odd_21032705/noise_coherent_overrotation_n7/qiskit_mixed/hea_qcnn/n7/train_size_4/epochs_10/noise_coherent_overrotation_0p005/seed_0,/scratch/users/jdehoney/eqnn_thesis/data/noisy_comparisons/qiskit_mixed_odd_21032705/noise_coherent_overrotation_n7/qiskit_mixed/hea_qcnn/n7/train_size_4/epochs_10/noise_coherent_overrotation_0p005/seed_0/metrics.json,completed,,,,,,,,0.6332586577795558,,,,,
/scratch/users/jdehoney/eqnn_thesis/data/noisy_comparisons/qiskit_mixed_odd_21032705,/scratch/users/jdehoney/eqnn_thesis/data/noisy_comparisons/qiskit_mixed_odd_21032705/noise_coherent_overrotation_n7,qiskit_mixed,hea_qcnn,7,4,10,1,coherent_overrotation,0.005,/scratch/users/jdehoney/eqnn_thesis/data/noisy_comparisons/qiskit_mixed_odd_21032705/noise_coherent_overrotation_n7/qiskit_mixed/hea_qcnn/n7/train_size_4/epochs_10/noise_coherent_overrotation_0p005/seed_1,/scratch/users/jdehoney/eqnn_thesis/data/noisy_comparisons/qiskit_mixed_odd_21032705/noise_coherent_overrotation_n7/qiskit_mixed/hea_qcnn/n7/train_size_4/epochs_10/noise_coherent_overrotation_0p005/seed_1/metrics.json,completed,,,,,,,,0.6372925082511294,,,,,
/scratch/users/jdehoney/eqnn_thesis/data/noisy_comparisons/qiskit_mixed_odd_21032705,/scratch/users/jdehoney/eqnn_thesis/data/noisy_comparisons/qiskit_mixed_odd_21032705/noise_coherent_overrotation_n7,qiskit_mixed,hea_qcnn,7,4,10,2,coherent_overrotation,0.005,/scratch/users/jdehoney/eqnn_thesis/data/noisy_comparisons/qiskit_mixed_odd_21032705/noise_coherent_overrotation_n7/qiskit_mixed/hea_qcnn/n7/train_size_4/epochs_10/noise_coherent_overrotation_0p005/seed_2,/scratch/users/jdehoney/eqnn_thesis/data/noisy_comparisons/qiskit_mixed_odd_21032705/noise_coherent_overrotation_n7/qiskit_mixed/hea_qcnn/n7/train_size_4/epochs_10/noise_coherent_overrotation_0p005/seed_2/metrics.json,completed,,,,,,,,0.6704447945388345,,,,,
/scratch/users/jdehoney/eqnn_thesis/data/noisy_comparisons/qiskit_mixed_odd_21032705,/scratch/users/jdehoney/eqnn_thesis/data/noisy_comparisons/qiskit_mixed_odd_21032705/noise_coherent_overrotation_n7,qiskit_mixed,hea_qcnn,7,4,10,0,coherent_overrotation,0.01,/scratch/users/jdehoney/eqnn_thesis/data/noisy_comparisons/qiskit_mixed_odd_21032705/noise_coherent_overrotation_n7/qiskit_mixed/hea_qcnn/n7/train_size_4/epochs_10/noise_coherent_overrotation_0p01/seed_0,/scratch/users/jdehoney/eqnn_thesis/data/noisy_comparisons/qiskit_mixed_odd_21032705/noise_coherent_overrotation_n7/qiskit_mixed/hea_qcnn/n7/train_size_4/epochs_10/noise_coherent_overrotation_0p01/seed_0/metrics.json,completed,,,,,,,,0.6322966791965361,,,,,
/scratch/users/jdehoney/eqnn_thesis/data/noisy_comparisons/qiskit_mixed_odd_21032705,/scratch/users/jdehoney/eqnn_thesis/data/noisy_comparisons/qiskit_mixed_odd_21032705/noise_coherent_overrotation_n7,qiskit_mixed,hea_qcnn,7,4,10,1,coherent_overrotation,0.01,/scratch/users/jdehoney/eqnn_thesis/data/noisy_comparisons/qiskit_mixed_odd_21032705/noise_coherent_overrotation_n7/qiskit_mixed/hea_qcnn/n7/train_size_4/epochs_10/noise_coherent_overrotation_0p01/seed_1,/scratch/users/jdehoney/eqnn_thesis/data/noisy_comparisons/qiskit_mixed_odd_21032705/noise_coherent_overrotation_n7/qiskit_mixed/hea_qcnn/n7/train_size_4/epochs_10/noise_coherent_overrotation_0p01/seed_1/metrics.json,completed,,,,,,,,0.6365015061374887,,,,,
/scratch/users/jdehoney/eqnn_thesis/data/noisy_comparisons/qiskit_mixed_odd_21032705,/scratch/users/jdehoney/eqnn_thesis/data/noisy_comparisons/qiskit_mixed_odd_21032705/noise_coherent_overrotation_n7,qiskit_mixed,hea_qcnn,7,4,10,2,coherent_overrotation,0.01,/scratch/users/jdehoney/eqnn_thesis/data/noisy_comparisons/qiskit_mixed_odd_21032705/noise_coherent_overrotation_n7/qiskit_mixed/hea_qcnn/n7/train_size_4/epochs_10/noise_coherent_overrotation_0p01/seed_2,/scratch/users/jdehoney/eqnn_thesis/data/noisy_comparisons/qiskit_mixed_odd_21032705/noise_coherent_overrotation_n7/qiskit_mixed/hea_qcnn/n7/train_size_4/epochs_10/noise_coherent_overrotation_0p01/seed_2/metrics.json,completed,,,,,,,,0.6704910421499184,,,,,
/scratch/users/jdehoney/eqnn_thesis/data/noisy_comparisons/qiskit_mixed_odd_21032705,/scratch/users/jdehoney/eqnn_thesis/data/noisy_comparisons/qiskit_mixed_odd_21032705/noise_coherent_overrotation_n7,qiskit_mixed,hea_qcnn,7,4,10,0,coherent_overrotation,0.05,/scratch/users/jdehoney/eqnn_thesis/data/noisy_comparisons/qiskit_mixed_odd_21032705/noise_coherent_overrotation_n7/qiskit_mixed/hea_qcnn/n7/train_size_4/epochs_10/noise_coherent_overrotation_0p05/seed_0,/scratch/users/jdehoney/eqnn_thesis/data/noisy_comparisons/qiskit_mixed_odd_21032705/noise_coherent_overrotation_n7/qiskit_mixed/hea_qcnn/n7/train_size_4/epochs_10/noise_coherent_overrotation_0p05/seed_0/metrics.json,completed,,,,,,,,0.6899932106768006,,,,,
/scratch/users/jdehoney/eqnn_thesis/data/noisy_comparisons/qiskit_mixed_odd_21032705,/scratch/users/jdehoney/eqnn_thesis/data/noisy_comparisons/qiskit_mixed_odd_21032705/noise_coherent_overrotation_n7,qiskit_mixed,hea_qcnn,7,4,10,1,coherent_overrotation,0.05,/scratch/users/jdehoney/eqnn_thesis/data/noisy_comparisons/qiskit_mixed_odd_21032705/noise_coherent_overrotation_n7/qiskit_mixed/hea_qcnn/n7/train_size_4/epochs_10/noise_coherent_overrotation_0p05/seed_1,/scratch/users/jdehoney/eqnn_thesis/data/noisy_comparisons/qiskit_mixed_odd_21032705/noise_coherent_overrotation_n7/qiskit_mixed/hea_qcnn/n7/train_size_4/epochs_10/noise_coherent_overrotation_0p05/seed_1/metrics.json,completed,,,,,,,,0.6289465558222342,,,,,
/scratch/users/jdehoney/eqnn_thesis/data/noisy_comparisons/qiskit_mixed_odd_21032705,/scratch/users/jdehoney/eqnn_thesis/data/noisy_comparisons/qiskit_mixed_odd_21032705/noise_coherent_overrotation_n7,qiskit_mixed,hea_qcnn,7,4,10,2,coherent_overrotation,0.05,/scratch/users/jdehoney/eqnn_thesis/data/noisy_comparisons/qiskit_mixed_odd_21032705/noise_coherent_overrotation_n7/qiskit_mixed/hea_qcnn/n7/train_size_4/epochs_10/noise_coherent_overrotation_0p05/seed_2,/scratch/users/jdehoney/eqnn_thesis/data/noisy_comparisons/qiskit_mixed_odd_21032705/noise_coherent_overrotation_n7/qiskit_mixed/hea_qcnn/n7/train_size_4/epochs_10/noise_coherent_overrotation_0p05/seed_2/metrics.json,completed,,,,,,,,0.6705864837435207,,,,,
/scratch/users/jdehoney/eqnn_thesis/data/noisy_comparisons/qiskit_mixed_odd_21032705,/scratch/users/jdehoney/eqnn_thesis/data/noisy_comparisons/qiskit_mixed_odd_21032705/noise_coherent_overrotation_n7,qiskit_mixed,hea_qcnn,7,4,10,0,coherent_overrotation,0.1,/scratch/users/jdehoney/eqnn_thesis/data/noisy_comparisons/qiskit_mixed_odd_21032705/noise_coherent_overrotation_n7/qiskit_mixed/hea_qcnn/n7/train_size_4/epochs_10/noise_coherent_overrotation_0p1/seed_0,/scratch/users/jdehoney/eqnn_thesis/data/noisy_comparisons/qiskit_mixed_odd_21032705/noise_coherent_overrotation_n7/qiskit_mixed/hea_qcnn/n7/train_size_4/epochs_10/noise_coherent_overrotation_0p1/seed_0/metrics.json,completed,,,,,,,,0.6561689065017735,,,,,
/scratch/users/jdehoney/eqnn_thesis/data/noisy_comparisons/qiskit_mixed_odd_21032705,/scratch/users/jdehoney/eqnn_thesis/data/noisy_comparisons/qiskit_mixed_odd_21032705/noise_coherent_overrotation_n7,qiskit_mixed,hea_qcnn,7,4,10,1,coherent_overrotation,0.1,/scratch/users/jdehoney/eqnn_thesis/data/noisy_comparisons/qiskit_mixed_odd_21032705/noise_coherent_overrotation_n7/qiskit_mixed/hea_qcnn/n7/train_size_4/epochs_10/noise_coherent_overrotation_0p1/seed_1,/scratch/users/jdehoney/eqnn_thesis/data/noisy_comparisons/qiskit_mixed_odd_21032705/noise_coherent_overrotation_n7/qiskit_mixed/hea_qcnn/n7/train_size_4/epochs_10/noise_coherent_overrotation_0p1/seed_1/metrics.json,completed,,,,,,,,0.6656358523400772,,,,,
/scratch/users/jdehoney/eqnn_thesis/data/noisy_comparisons/qiskit_mixed_odd_21032705,/scratch/users/jdehoney/eqnn_thesis/data/noisy_comparisons/qiskit_mixed_odd_21032705/noise_coherent_overrotation_n7,qiskit_mixed,hea_qcnn,7,4,10,2,coherent_overrotation,0.1,/scratch/users/jdehoney/eqnn_thesis/data/noisy_comparisons/qiskit_mixed_odd_21032705/noise_coherent_overrotation_n7/qiskit_mixed/hea_qcnn/n7/train_size_4/epochs_10/noise_coherent_overrotation_0p1/seed_2,/scratch/users/jdehoney/eqnn_thesis/data/noisy_comparisons/qiskit_mixed_odd_21032705/noise_coherent_overrotation_n7/qiskit_mixed/hea_qcnn/n7/train_size_4/epochs_10/noise_coherent_overrotation_0p1/seed_2/metrics.json,completed,,,,,,,,0.669843117312829,,,,,
/scratch/users/jdehoney/eqnn_thesis/data/noisy_comparisons/qiskit_mixed_odd_21032705,/scratch/users/jdehoney/eqnn_thesis/data/noisy_comparisons/qiskit_mixed_odd_21032705/noise_coherent_overrotation_n7,qiskit_mixed,hea_qcnn,7,8,10,0,coherent_overrotation,0.0,/scratch/users/jdehoney/eqnn_thesis/data/noisy_comparisons/qiskit_mixed_odd_21032705/noise_coherent_overrotation_n7/qiskit_mixed/hea_qcnn/n7/train_size_8/epochs_10/noise_coherent_overrotation_0/seed_0,/scratch/users/jdehoney/eqnn_thesis/data/noisy_comparisons/qiskit_mixed_odd_21032705/noise_coherent_overrotation_n7/qiskit_mixed/hea_qcnn/n7/train_size_8/epochs_10/noise_coherent_overrotation_0/seed_0/metrics.json,completed,,,,,,,,0.600645933958391,,,,,
/scratch/users/jdehoney/eqnn_thesis/data/noisy_comparisons/qiskit_mixed_odd_21032705,/scratch/users/jdehoney/eqnn_thesis/data/noisy_comparisons/qiskit_mixed_odd_21032705/noise_coherent_overrotation_n7,qiskit_mixed,hea_qcnn,7,8,10,1,coherent_overrotation,0.0,/scratch/users/jdehoney/eqnn_thesis/data/noisy_comparisons/qiskit_mixed_odd_21032705/noise_coherent_overrotation_n7/qiskit_mixed/hea_qcnn/n7/train_size_8/epochs_10/noise_coherent_overrotation_0/seed_1,/scratch/users/jdehoney/eqnn_thesis/data/noisy_comparisons/qiskit_mixed_odd_21032705/noise_coherent_overrotation_n7/qiskit_mixed/hea_qcnn/n7/train_size_8/epochs_10/noise_coherent_overrotation_0/seed_1/metrics.json,completed,,,,,,,,0.5470757346961532,,,,,
/scratch/users/jdehoney/eqnn_thesis/data/noisy_comparisons/qiskit_mixed_odd_21032705,/scratch/users/jdehoney/eqnn_thesis/data/noisy_comparisons/qiskit_mixed_odd_21032705/noise_coherent_overrotation_n7,qiskit_mixed,hea_qcnn,7,8,10,2,coherent_overrotation,0.0,/scratch/users/jdehoney/eqnn_thesis/data/noisy_comparisons/qiskit_mixed_odd_21032705/noise_coherent_overrotation_n7/qiskit_mixed/hea_qcnn/n7/train_size_8/epochs_10/noise_coherent_overrotation_0/seed_2,/scratch/users/jdehoney/eqnn_thesis/data/noisy_comparisons/qiskit_mixed_odd_21032705/noise_coherent_overrotation_n7/qiskit_mixed/hea_qcnn/n7/train_size_8/epochs_10/noise_coherent_overrotation_0/seed_2/metrics.json,completed,,,,,,,,0.583051384427888,,,,,
/scratch/users/jdehoney/eqnn_thesis/data/noisy_comparisons/qiskit_mixed_odd_21032705,/scratch/users/jdehoney/eqnn_thesis/data/noisy_comparisons/qiskit_mixed_odd_21032705/noise_coherent_overrotation_n7,qiskit_mixed,hea_qcnn,7,8,10,0,coherent_overrotation,0.001,/scratch/users/jdehoney/eqnn_thesis/data/noisy_comparisons/qiskit_mixed_odd_21032705/noise_coherent_overrotation_n7/qiskit_mixed/hea_qcnn/n7/train_size_8/epochs_10/noise_coherent_overrotation_0p001/seed_0,/scratch/users/jdehoney/eqnn_thesis/data/noisy_comparisons/qiskit_mixed_odd_21032705/noise_coherent_overrotation_n7/qiskit_mixed/hea_qcnn/n7/train_size_8/epochs_10/noise_coherent_overrotation_0p001/seed_0/metrics.json,completed,,,,,,,,0.6005424488905553,,,,,
/scratch/users/jdehoney/eqnn_thesis/data/noisy_comparisons/qiskit_mixed_odd_21032705,/scratch/users/jdehoney/eqnn_thesis/data/noisy_comparisons/qiskit_mixed_odd_21032705/noise_coherent_overrotation_n7,qiskit_mixed,hea_qcnn,7,8,10,1,coherent_overrotation,0.001,/scratch/users/jdehoney/eqnn_thesis/data/noisy_comparisons/qiskit_mixed_odd_21032705/noise_coherent_overrotation_n7/qiskit_mixed/hea_qcnn/n7/train_size_8/epochs_10/noise_coherent_overrotation_0p001/seed_1,/scratch/users/jdehoney/eqnn_thesis/data/noisy_comparisons/qiskit_mixed_odd_21032705/noise_coherent_overrotation_n7/qiskit_mixed/hea_qcnn/n7/train_size_8/epochs_10/noise_coherent_overrotation_0p001/seed_1/metrics.json,completed,,,,,,,,0.5467557983760938,,,,,
/scratch/users/jdehoney/eqnn_thesis/data/noisy_comparisons/qiskit_mixed_odd_21032705,/scratch/users/jdehoney/eqnn_thesis/data/noisy_comparisons/qiskit_mixed_odd_21032705/noise_coherent_overrotation_n7,qiskit_mixed,hea_qcnn,7,8,10,2,coherent_overrotation,0.001,/scratch/users/jdehoney/eqnn_thesis/data/noisy_comparisons/qiskit_mixed_odd_21032705/noise_coherent_overrotation_n7/qiskit_mixed/hea_qcnn/n7/train_size_8/epochs_10/noise_coherent_overrotation_0p001/seed_2,/scratch/users/jdehoney/eqnn_thesis/data/noisy_comparisons/qiskit_mixed_odd_21032705/noise_coherent_overrotation_n7/qiskit_mixed/hea_qcnn/n7/train_size_8/epochs_10/noise_coherent_overrotation_0p001/seed_2/metrics.json,completed,,,,,,,,0.5831031728191503,,,,,
/scratch/users/jdehoney/eqnn_thesis/data/noisy_comparisons/qiskit_mixed_odd_21032705,/scratch/users/jdehoney/eqnn_thesis/data/noisy_comparisons/qiskit_mixed_odd_21032705/noise_coherent_overrotation_n7,qiskit_mixed,hea_qcnn,7,8,10,0,coherent_overrotation,0.005,/scratch/users/jdehoney/eqnn_thesis/data/noisy_comparisons/qiskit_mixed_odd_21032705/noise_coherent_overrotation_n7/qiskit_mixed/hea_qcnn/n7/train_size_8/epochs_10/noise_coherent_overrotation_0p005/seed_0,/scratch/users/jdehoney/eqnn_thesis/data/noisy_comparisons/qiskit_mixed_odd_21032705/noise_coherent_overrotation_n7/qiskit_mixed/hea_qcnn/n7/train_size_8/epochs_10/noise_coherent_overrotation_0p005/seed_0/metrics.json,completed,,,,,,,,0.5997217329978998,,,,,
/scratch/users/jdehoney/eqnn_thesis/data/noisy_comparisons/qiskit_mixed_odd_21032705,/scratch/users/jdehoney/eqnn_thesis/data/noisy_comparisons/qiskit_mixed_odd_21032705/noise_coherent_overrotation_n7,qiskit_mixed,hea_qcnn,7,8,10,1,coherent_overrotation,0.005,/scratch/users/jdehoney/eqnn_thesis/data/noisy_comparisons/qiskit_mixed_odd_21032705/noise_coherent_overrotation_n7/qiskit_mixed/hea_qcnn/n7/train_size_8/epochs_10/noise_coherent_overrotation_0p005/seed_1,/scratch/users/jdehoney/eqnn_thesis/data/noisy_comparisons/qiskit_mixed_odd_21032705/noise_coherent_overrotation_n7/qiskit_mixed/hea_qcnn/n7/train_size_8/epochs_10/noise_coherent_overrotation_0p005/seed_1/metrics.json,completed,,,,,,,,0.5454893205552191,,,,,
/scratch/users/jdehoney/eqnn_thesis/data/noisy_comparisons/qiskit_mixed_odd_21032705,/scratch/users/jdehoney/eqnn_thesis/data/noisy_comparisons/qiskit_mixed_odd_21032705/noise_coherent_overrotation_n7,qiskit_mixed,hea_qcnn,7,8,10,2,coherent_overrotation,0.005,/scratch/users/jdehoney/eqnn_thesis/data/noisy_comparisons/qiskit_mixed_odd_21032705/noise_coherent_overrotation_n7/qiskit_mixed/hea_qcnn/n7/train_size_8/epochs_10/noise_coherent_overrotation_0p005/seed_2,/scratch/users/jdehoney/eqnn_thesis/data/noisy_comparisons/qiskit_mixed_odd_21032705/noise_coherent_overrotation_n7/qiskit_mixed/hea_qcnn/n7/train_size_8/epochs_10/noise_coherent_overrotation_0p005/seed_2/metrics.json,completed,,,,,,,,0.5833098691195058,,,,,
/scratch/users/jdehoney/eqnn_thesis/data/noisy_comparisons/qiskit_mixed_odd_21032705,/scratch/users/jdehoney/eqnn_thesis/data/noisy_comparisons/qiskit_mixed_odd_21032705/noise_coherent_overrotation_n7,qiskit_mixed,hea_qcnn,7,8,10,0,coherent_overrotation,0.01,/scratch/users/jdehoney/eqnn_thesis/data/noisy_comparisons/qiskit_mixed_odd_21032705/noise_coherent_overrotation_n7/qiskit_mixed/hea_qcnn/n7/train_size_8/epochs_10/noise_coherent_overrotation_0p01/seed_0,/scratch/users/jdehoney/eqnn_thesis/data/noisy_comparisons/qiskit_mixed_odd_21032705/noise_coherent_overrotation_n7/qiskit_mixed/hea_qcnn/n7/train_size_8/epochs_10/noise_coherent_overrotation_0p01/seed_0/metrics.json,completed,,,,,,,,0.593960957405021,,,,,
/scratch/users/jdehoney/eqnn_thesis/data/noisy_comparisons/qiskit_mixed_odd_21032705,/scratch/users/jdehoney/eqnn_thesis/data/noisy_comparisons/qiskit_mixed_odd_21032705/noise_coherent_overrotation_n7,qiskit_mixed,hea_qcnn,7,8,10,1,coherent_overrotation,0.01,/scratch/users/jdehoney/eqnn_thesis/data/noisy_comparisons/qiskit_mixed_odd_21032705/noise_coherent_overrotation_n7/qiskit_mixed/hea_qcnn/n7/train_size_8/epochs_10/noise_coherent_overrotation_0p01/seed_1,/scratch/users/jdehoney/eqnn_thesis/data/noisy_comparisons/qiskit_mixed_odd_21032705/noise_coherent_overrotation_n7/qiskit_mixed/hea_qcnn/n7/train_size_8/epochs_10/noise_coherent_overrotation_0p01/seed_1/metrics.json,completed,,,,,,,,0.5439868267201632,,,,,
/scratch/users/jdehoney/eqnn_thesis/data/noisy_comparisons/qiskit_mixed_odd_21032705,/scratch/users/jdehoney/eqnn_thesis/data/noisy_comparisons/qiskit_mixed_odd_21032705/noise_coherent_overrotation_n7,qiskit_mixed,hea_qcnn,7,8,10,2,coherent_overrotation,0.01,/scratch/users/jdehoney/eqnn_thesis/data/noisy_comparisons/qiskit_mixed_odd_21032705/noise_coherent_overrotation_n7/qiskit_mixed/hea_qcnn/n7/train_size_8/epochs_10/noise_coherent_overrotation_0p01/seed_2,/scratch/users/jdehoney/eqnn_thesis/data/noisy_comparisons/qiskit_mixed_odd_21032705/noise_coherent_overrotation_n7/qiskit_mixed/hea_qcnn/n7/train_size_8/epochs_10/noise_coherent_overrotation_0p01/seed_2/metrics.json,completed,,,,,,,,0.5835695301505832,,,,,
/scratch/users/jdehoney/eqnn_thesis/data/noisy_comparisons/qiskit_mixed_odd_21032705,/scratch/users/jdehoney/eqnn_thesis/data/noisy_comparisons/qiskit_mixed_odd_21032705/noise_coherent_overrotation_n7,qiskit_mixed,hea_qcnn,7,8,10,0,coherent_overrotation,0.05,/scratch/users/jdehoney/eqnn_thesis/data/noisy_comparisons/qiskit_mixed_odd_21032705/noise_coherent_overrotation_n7/qiskit_mixed/hea_qcnn/n7/train_size_8/epochs_10/noise_coherent_overrotation_0p05/seed_0,/scratch/users/jdehoney/eqnn_thesis/data/noisy_comparisons/qiskit_mixed_odd_21032705/noise_coherent_overrotation_n7/qiskit_mixed/hea_qcnn/n7/train_size_8/epochs_10/noise_coherent_overrotation_0p05/seed_0/metrics.json,completed,,,,,,,,0.575865157273566,,,,,
/scratch/users/jdehoney/eqnn_thesis/data/noisy_comparisons/qiskit_mixed_odd_21032705,/scratch/users/jdehoney/eqnn_thesis/data/noisy_comparisons/qiskit_mixed_odd_21032705/noise_coherent_overrotation_n7,qiskit_mixed,hea_qcnn,7,8,10,1,coherent_overrotation,0.05,/scratch/users/jdehoney/eqnn_thesis/data/noisy_comparisons/qiskit_mixed_odd_21032705/noise_coherent_overrotation_n7/qiskit_mixed/hea_qcnn/n7/train_size_8/epochs_10/noise_coherent_overrotation_0p05/seed_1,/scratch/users/jdehoney/eqnn_thesis/data/noisy_comparisons/qiskit_mixed_odd_21032705/noise_coherent_overrotation_n7/qiskit_mixed/hea_qcnn/n7/train_size_8/epochs_10/noise_coherent_overrotation_0p05/seed_1/metrics.json,completed,,,,,,,,0.5348282550593367,,,,,
/scratch/users/jdehoney/eqnn_thesis/data/noisy_comparisons/qiskit_mixed_odd_21032705,/scratch/users/jdehoney/eqnn_thesis/data/noisy_comparisons/qiskit_mixed_odd_21032705/noise_coherent_overrotation_n7,qiskit_mixed,hea_qcnn,7,8,10,2,coherent_overrotation,0.05,/scratch/users/jdehoney/eqnn_thesis/data/noisy_comparisons/qiskit_mixed_odd_21032705/noise_coherent_overrotation_n7/qiskit_mixed/hea_qcnn/n7/train_size_8/epochs_10/noise_coherent_overrotation_0p05/seed_2,/scratch/users/jdehoney/eqnn_thesis/data/noisy_comparisons/qiskit_mixed_odd_21032705/noise_coherent_overrotation_n7/qiskit_mixed/hea_qcnn/n7/train_size_8/epochs_10/noise_coherent_overrotation_0p05/seed_2/metrics.json,completed,,,,,,,,0.5857213084214441,,,,,
/scratch/users/jdehoney/eqnn_thesis/data/noisy_comparisons/qiskit_mixed_odd_21032705,/scratch/users/jdehoney/eqnn_thesis/data/noisy_comparisons/qiskit_mixed_odd_21032705/noise_coherent_overrotation_n7,qiskit_mixed,hea_qcnn,7,8,10,0,coherent_overrotation,0.1,/scratch/users/jdehoney/eqnn_thesis/data/noisy_comparisons/qiskit_mixed_odd_21032705/noise_coherent_overrotation_n7/qiskit_mixed/hea_qcnn/n7/train_size_8/epochs_10/noise_coherent_overrotation_0p1/seed_0,/scratch/users/jdehoney/eqnn_thesis/data/noisy_comparisons/qiskit_mixed_odd_21032705/noise_coherent_overrotation_n7/qiskit_mixed/hea_qcnn/n7/train_size_8/epochs_10/noise_coherent_overrotation_0p1/seed_0/metrics.json,completed,,,,,,,,0.5766271037735666,,,,,
/scratch/users/jdehoney/eqnn_thesis/data/noisy_comparisons/qiskit_mixed_odd_21032705,/scratch/users/jdehoney/eqnn_thesis/data/noisy_comparisons/qiskit_mixed_odd_21032705/noise_coherent_overrotation_n7,qiskit_mixed,hea_qcnn,7,8,10,1,coherent_overrotation,0.1,/scratch/users/jdehoney/eqnn_thesis/data/noisy_comparisons/qiskit_mixed_odd_21032705/noise_coherent_overrotation_n7/qiskit_mixed/hea_qcnn/n7/train_size_8/epochs_10/noise_coherent_overrotation_0p1/seed_1,/scratch/users/jdehoney/eqnn_thesis/data/noisy_comparisons/qiskit_mixed_odd_21032705/noise_coherent_overrotation_n7/qiskit_mixed/hea_qcnn/n7/train_size_8/epochs_10/noise_coherent_overrotation_0p1/seed_1/metrics.json,completed,,,,,,,,0.5420182771177524,,,,,
/scratch/users/jdehoney/eqnn_thesis/data/noisy_comparisons/qiskit_mixed_odd_21032705,/scratch/users/jdehoney/eqnn_thesis/data/noisy_comparisons/qiskit_mixed_odd_21032705/noise_coherent_overrotation_n7,qiskit_mixed,hea_qcnn,7,8,10,2,coherent_overrotation,0.1,/scratch/users/jdehoney/eqnn_thesis/data/noisy_comparisons/qiskit_mixed_odd_21032705/noise_coherent_overrotation_n7/qiskit_mixed/hea_qcnn/n7/train_size_8/epochs_10/noise_coherent_overrotation_0p1/seed_2,/scratch/users/jdehoney/eqnn_thesis/data/noisy_comparisons/qiskit_mixed_odd_21032705/noise_coherent_overrotation_n7/qiskit_mixed/hea_qcnn/n7/train_size_8/epochs_10/noise_coherent_overrotation_0p1/seed_2/metrics.json,completed,,,,,,,,0.5887136063408109,,,,,
/scratch/users/jdehoney/eqnn_thesis/data/noisy_comparisons/qiskit_mixed_odd_21032705,/scratch/users/jdehoney/eqnn_thesis/data/noisy_comparisons/qiskit_mixed_odd_21032705/noise_coherent_overrotation_n7,qiskit_mixed,hea_qcnn,7,12,10,0,coherent_overrotation,0.0,/scratch/users/jdehoney/eqnn_thesis/data/noisy_comparisons/qiskit_mixed_odd_21032705/noise_coherent_overrotation_n7/qiskit_mixed/hea_qcnn/n7/train_size_12/epochs_10/noise_coherent_overrotation_0/seed_0,/scratch/users/jdehoney/eqnn_thesis/data/noisy_comparisons/qiskit_mixed_odd_21032705/noise_coherent_overrotation_n7/qiskit_mixed/hea_qcnn/n7/train_size_12/epochs_10/noise_coherent_overrotation_0/seed_0/metrics.json,completed,,,,,,,,0.6127333077449396,,,,,
/scratch/users/jdehoney/eqnn_thesis/data/noisy_comparisons/qiskit_mixed_odd_21032705,/scratch/users/jdehoney/eqnn_thesis/data/noisy_comparisons/qiskit_mixed_odd_21032705/noise_coherent_overrotation_n7,qiskit_mixed,hea_qcnn,7,12,10,1,coherent_overrotation,0.0,/scratch/users/jdehoney/eqnn_thesis/data/noisy_comparisons/qiskit_mixed_odd_21032705/noise_coherent_overrotation_n7/qiskit_mixed/hea_qcnn/n7/train_size_12/epochs_10/noise_coherent_overrotation_0/seed_1,/scratch/users/jdehoney/eqnn_thesis/data/noisy_comparisons/qiskit_mixed_odd_21032705/noise_coherent_overrotation_n7/qiskit_mixed/hea_qcnn/n7/train_size_12/epochs_10/noise_coherent_overrotation_0/seed_1/metrics.json,completed,,,,,,,,0.7230074606599162,,,,,
/scratch/users/jdehoney/eqnn_thesis/data/noisy_comparisons/qiskit_mixed_odd_21032705,/scratch/users/jdehoney/eqnn_thesis/data/noisy_comparisons/qiskit_mixed_odd_21032705/noise_coherent_overrotation_n7,qiskit_mixed,hea_qcnn,7,12,10,2,coherent_overrotation,0.0,/scratch/users/jdehoney/eqnn_thesis/data/noisy_comparisons/qiskit_mixed_odd_21032705/noise_coherent_overrotation_n7/qiskit_mixed/hea_qcnn/n7/train_size_12/epochs_10/noise_coherent_overrotation_0/seed_2,/scratch/users/jdehoney/eqnn_thesis/data/noisy_comparisons/qiskit_mixed_odd_21032705/noise_coherent_overrotation_n7/qiskit_mixed/hea_qcnn/n7/train_size_12/epochs_10/noise_coherent_overrotation_0/seed_2/metrics.json,completed,,,,,,,,0.6198578455595483,,,,,
/scratch/users/jdehoney/eqnn_thesis/data/noisy_comparisons/qiskit_mixed_odd_21032705,/scratch/users/jdehoney/eqnn_thesis/data/noisy_comparisons/qiskit_mixed_odd_21032705/noise_coherent_overrotation_n7,qiskit_mixed,hea_qcnn,7,12,10,0,coherent_overrotation,0.001,/scratch/users/jdehoney/eqnn_thesis/data/noisy_comparisons/qiskit_mixed_odd_21032705/noise_coherent_overrotation_n7/qiskit_mixed/hea_qcnn/n7/train_size_12/epochs_10/noise_coherent_overrotation_0p001/seed_0,/scratch/users/jdehoney/eqnn_thesis/data/noisy_comparisons/qiskit_mixed_odd_21032705/noise_coherent_overrotation_n7/qiskit_mixed/hea_qcnn/n7/train_size_12/epochs_10/noise_coherent_overrotation_0p001/seed_0/metrics.json,completed,,,,,,,,0.6126190724375932,,,,,
/scratch/users/jdehoney/eqnn_thesis/data/noisy_comparisons/qiskit_mixed_odd_21032705,/scratch/users/jdehoney/eqnn_thesis/data/noisy_comparisons/qiskit_mixed_odd_21032705/noise_coherent_overrotation_n7,qiskit_mixed,hea_qcnn,7,12,10,1,coherent_overrotation,0.001,/scratch/users/jdehoney/eqnn_thesis/data/noisy_comparisons/qiskit_mixed_odd_21032705/noise_coherent_overrotation_n7/qiskit_mixed/hea_qcnn/n7/train_size_12/epochs_10/noise_coherent_overrotation_0p001/seed_1,/scratch/users/jdehoney/eqnn_thesis/data/noisy_comparisons/qiskit_mixed_odd_21032705/noise_coherent_overrotation_n7/qiskit_mixed/hea_qcnn/n7/train_size_12/epochs_10/noise_coherent_overrotation_0p001/seed_1/metrics.json,completed,,,,,,,,0.7226531776374103,,,,,
/scratch/users/jdehoney/eqnn_thesis/data/noisy_comparisons/qiskit_mixed_odd_21032705,/scratch/users/jdehoney/eqnn_thesis/data/noisy_comparisons/qiskit_mixed_odd_21032705/noise_coherent_overrotation_n7,qiskit_mixed,hea_qcnn,7,12,10,2,coherent_overrotation,0.001,/scratch/users/jdehoney/eqnn_thesis/data/noisy_comparisons/qiskit_mixed_odd_21032705/noise_coherent_overrotation_n7/qiskit_mixed/hea_qcnn/n7/train_size_12/epochs_10/noise_coherent_overrotation_0p001/seed_2,/scratch/users/jdehoney/eqnn_thesis/data/noisy_comparisons/qiskit_mixed_odd_21032705/noise_coherent_overrotation_n7/qiskit_mixed/hea_qcnn/n7/train_size_12/epochs_10/noise_coherent_overrotation_0p001/seed_2/metrics.json,completed,,,,,,,,0.6196687926899715,,,,,
/scratch/users/jdehoney/eqnn_thesis/data/noisy_comparisons/qiskit_mixed_odd_21032705,/scratch/users/jdehoney/eqnn_thesis/data/noisy_comparisons/qiskit_mixed_odd_21032705/noise_coherent_overrotation_n7,qiskit_mixed,hea_qcnn,7,12,10,0,coherent_overrotation,0.005,/scratch/users/jdehoney/eqnn_thesis/data/noisy_comparisons/qiskit_mixed_odd_21032705/noise_coherent_overrotation_n7/qiskit_mixed/hea_qcnn/n7/train_size_12/epochs_10/noise_coherent_overrotation_0p005/seed_0,/scratch/users/jdehoney/eqnn_thesis/data/noisy_comparisons/qiskit_mixed_odd_21032705/noise_coherent_overrotation_n7/qiskit_mixed/hea_qcnn/n7/train_size_12/epochs_10/noise_coherent_overrotation_0p005/seed_0/metrics.json,completed,,,,,,,,0.6121984731589584,,,,,
/scratch/users/jdehoney/eqnn_thesis/data/noisy_comparisons/qiskit_mixed_odd_21032705,/scratch/users/jdehoney/eqnn_thesis/data/noisy_comparisons/qiskit_mixed_odd_21032705/noise_coherent_overrotation_n7,qiskit_mixed,hea_qcnn,7,12,10,1,coherent_overrotation,0.005,/scratch/users/jdehoney/eqnn_thesis/data/noisy_comparisons/qiskit_mixed_odd_21032705/noise_coherent_overrotation_n7/qiskit_mixed/hea_qcnn/n7/train_size_12/epochs_10/noise_coherent_overrotation_0p005/seed_1,/scratch/users/jdehoney/eqnn_thesis/data/noisy_comparisons/qiskit_mixed_odd_21032705/noise_coherent_overrotation_n7/qiskit_mixed/hea_qcnn/n7/train_size_12/epochs_10/noise_coherent_overrotation_0p005/seed_1/metrics.json,completed,,,,,,,,0.7213206467231488,,,,,
/scratch/users/jdehoney/eqnn_thesis/data/noisy_comparisons/qiskit_mixed_odd_21032705,/scratch/users/jdehoney/eqnn_thesis/data/noisy_comparisons/qiskit_mixed_odd_21032705/noise_coherent_overrotation_n7,qiskit_mixed,hea_qcnn,7,12,10,2,coherent_overrotation,0.005,/scratch/users/jdehoney/eqnn_thesis/data/noisy_comparisons/qiskit_mixed_odd_21032705/noise_coherent_overrotation_n7/qiskit_mixed/hea_qcnn/n7/train_size_12/epochs_10/noise_coherent_overrotation_0p005/seed_2,/scratch/users/jdehoney/eqnn_thesis/data/noisy_comparisons/qiskit_mixed_odd_21032705/noise_coherent_overrotation_n7/qiskit_mixed/hea_qcnn/n7/train_size_12/epochs_10/noise_coherent_overrotation_0p005/seed_2/metrics.json,completed,,,,,,,,0.5173077267359556,,,,,
/scratch/users/jdehoney/eqnn_thesis/data/noisy_comparisons/qiskit_mixed_odd_21032705,/scratch/users/jdehoney/eqnn_thesis/data/noisy_comparisons/qiskit_mixed_odd_21032705/noise_coherent_overrotation_n7,qiskit_mixed,hea_qcnn,7,12,10,0,coherent_overrotation,0.01,/scratch/users/jdehoney/eqnn_thesis/data/noisy_comparisons/qiskit_mixed_odd_21032705/noise_coherent_overrotation_n7/qiskit_mixed/hea_qcnn/n7/train_size_12/epochs_10/noise_coherent_overrotation_0p01/seed_0,/scratch/users/jdehoney/eqnn_thesis/data/noisy_comparisons/qiskit_mixed_odd_21032705/noise_coherent_overrotation_n7/qiskit_mixed/hea_qcnn/n7/train_size_12/epochs_10/noise_coherent_overrotation_0p01/seed_0/metrics.json,completed,,,,,,,,0.6117352853493871,,,,,
/scratch/users/jdehoney/eqnn_thesis/data/noisy_comparisons/qiskit_mixed_odd_21032705,/scratch/users/jdehoney/eqnn_thesis/data/noisy_comparisons/qiskit_mixed_odd_21032705/noise_coherent_overrotation_n7,qiskit_mixed,hea_qcnn,7,12,10,1,coherent_overrotation,0.01,/scratch/users/jdehoney/eqnn_thesis/data/noisy_comparisons/qiskit_mixed_odd_21032705/noise_coherent_overrotation_n7/qiskit_mixed/hea_qcnn/n7/train_size_12/epochs_10/noise_coherent_overrotation_0p01/seed_1,/scratch/users/jdehoney/eqnn_thesis/data/noisy_comparisons/qiskit_mixed_odd_21032705/noise_coherent_overrotation_n7/qiskit_mixed/hea_qcnn/n7/train_size_12/epochs_10/noise_coherent_overrotation_0p01/seed_1/metrics.json,completed,,,,,,,,0.7199779072032328,,,,,
/scratch/users/jdehoney/eqnn_thesis/data/noisy_comparisons/qiskit_mixed_odd_21032705,/scratch/users/jdehoney/eqnn_thesis/data/noisy_comparisons/qiskit_mixed_odd_21032705/noise_coherent_overrotation_n7,qiskit_mixed,hea_qcnn,7,12,10,2,coherent_overrotation,0.01,/scratch/users/jdehoney/eqnn_thesis/data/noisy_comparisons/qiskit_mixed_odd_21032705/noise_coherent_overrotation_n7/qiskit_mixed/hea_qcnn/n7/train_size_12/epochs_10/noise_coherent_overrotation_0p01/seed_2,/scratch/users/jdehoney/eqnn_thesis/data/noisy_comparisons/qiskit_mixed_odd_21032705/noise_coherent_overrotation_n7/qiskit_mixed/hea_qcnn/n7/train_size_12/epochs_10/noise_coherent_overrotation_0p01/seed_2/metrics.json,completed,,,,,,,,0.5141638981408105,,,,,
/scratch/users/jdehoney/eqnn_thesis/data/noisy_comparisons/qiskit_mixed_odd_21032705,/scratch/users/jdehoney/eqnn_thesis/data/noisy_comparisons/qiskit_mixed_odd_21032705/noise_coherent_overrotation_n7,qiskit_mixed,hea_qcnn,7,12,10,0,coherent_overrotation,0.05,/scratch/users/jdehoney/eqnn_thesis/data/noisy_comparisons/qiskit_mixed_odd_21032705/noise_coherent_overrotation_n7/qiskit_mixed/hea_qcnn/n7/train_size_12/epochs_10/noise_coherent_overrotation_0p05/seed_0,/scratch/users/jdehoney/eqnn_thesis/data/noisy_comparisons/qiskit_mixed_odd_21032705/noise_coherent_overrotation_n7/qiskit_mixed/hea_qcnn/n7/train_size_12/epochs_10/noise_coherent_overrotation_0p05/seed_0/metrics.json,completed,,,,,,,,0.6234850582515867,,,,,
/scratch/users/jdehoney/eqnn_thesis/data/noisy_comparisons/qiskit_mixed_odd_21032705,/scratch/users/jdehoney/eqnn_thesis/data/noisy_comparisons/qiskit_mixed_odd_21032705/noise_coherent_overrotation_n7,qiskit_mixed,hea_qcnn,7,12,10,1,coherent_overrotation,0.05,/scratch/users/jdehoney/eqnn_thesis/data/noisy_comparisons/qiskit_mixed_odd_21032705/noise_coherent_overrotation_n7/qiskit_mixed/hea_qcnn/n7/train_size_12/epochs_10/noise_coherent_overrotation_0p05/seed_1,/scratch/users/jdehoney/eqnn_thesis/data/noisy_comparisons/qiskit_mixed_odd_21032705/noise_coherent_overrotation_n7/qiskit_mixed/hea_qcnn/n7/train_size_12/epochs_10/noise_coherent_overrotation_0p05/seed_1/metrics.json,completed,,,,,,,,0.7159300121726819,,,,,
/scratch/users/jdehoney/eqnn_thesis/data/noisy_comparisons/qiskit_mixed_odd_21032705,/scratch/users/jdehoney/eqnn_thesis/data/noisy_comparisons/qiskit_mixed_odd_21032705/noise_coherent_overrotation_n7,qiskit_mixed,hea_qcnn,7,12,10,2,coherent_overrotation,0.05,/scratch/users/jdehoney/eqnn_thesis/data/noisy_comparisons/qiskit_mixed_odd_21032705/noise_coherent_overrotation_n7/qiskit_mixed/hea_qcnn/n7/train_size_12/epochs_10/noise_coherent_overrotation_0p05/seed_2,/scratch/users/jdehoney/eqnn_thesis/data/noisy_comparisons/qiskit_mixed_odd_21032705/noise_coherent_overrotation_n7/qiskit_mixed/hea_qcnn/n7/train_size_12/epochs_10/noise_coherent_overrotation_0p05/seed_2/metrics.json,completed,,,,,,,,0.6258140139621164,,,,,
/scratch/users/jdehoney/eqnn_thesis/data/noisy_comparisons/qiskit_mixed_odd_21032705,/scratch/users/jdehoney/eqnn_thesis/data/noisy_comparisons/qiskit_mixed_odd_21032705/noise_coherent_overrotation_n7,qiskit_mixed,hea_qcnn,7,12,10,0,coherent_overrotation,0.1,/scratch/users/jdehoney/eqnn_thesis/data/noisy_comparisons/qiskit_mixed_odd_21032705/noise_coherent_overrotation_n7/qiskit_mixed/hea_qcnn/n7/train_size_12/epochs_10/noise_coherent_overrotation_0p1/seed_0,/scratch/users/jdehoney/eqnn_thesis/data/noisy_comparisons/qiskit_mixed_odd_21032705/noise_coherent_overrotation_n7/qiskit_mixed/hea_qcnn/n7/train_size_12/epochs_10/noise_coherent_overrotation_0p1/seed_0/metrics.json,completed,,,,,,,,0.6248766260707735,,,,,
/scratch/users/jdehoney/eqnn_thesis/data/noisy_comparisons/qiskit_mixed_odd_21032705,/scratch/users/jdehoney/eqnn_thesis/data/noisy_comparisons/qiskit_mixed_odd_21032705/noise_coherent_overrotation_n7,qiskit_mixed,hea_qcnn,7,12,10,1,coherent_overrotation,0.1,/scratch/users/jdehoney/eqnn_thesis/data/noisy_comparisons/qiskit_mixed_odd_21032705/noise_coherent_overrotation_n7/qiskit_mixed/hea_qcnn/n7/train_size_12/epochs_10/noise_coherent_overrotation_0p1/seed_1,/scratch/users/jdehoney/eqnn_thesis/data/noisy_comparisons/qiskit_mixed_odd_21032705/noise_coherent_overrotation_n7/qiskit_mixed/hea_qcnn/n7/train_size_12/epochs_10/noise_coherent_overrotation_0p1/seed_1/metrics.json,completed,,,,,,,,0.7213090176242712,,,,,
/scratch/users/jdehoney/eqnn_thesis/data/noisy_comparisons/qiskit_mixed_odd_21032705,/scratch/users/jdehoney/eqnn_thesis/data/noisy_comparisons/qiskit_mixed_odd_21032705/noise_coherent_overrotation_n7,qiskit_mixed,hea_qcnn,7,12,10,2,coherent_overrotation,0.1,/scratch/users/jdehoney/eqnn_thesis/data/noisy_comparisons/qiskit_mixed_odd_21032705/noise_coherent_overrotation_n7/qiskit_mixed/hea_qcnn/n7/train_size_12/epochs_10/noise_coherent_overrotation_0p1/seed_2,/scratch/users/jdehoney/eqnn_thesis/data/noisy_comparisons/qiskit_mixed_odd_21032705/noise_coherent_overrotation_n7/qiskit_mixed/hea_qcnn/n7/train_size_12/epochs_10/noise_coherent_overrotation_0p1/seed_2/metrics.json,completed,,,,,,,,0.5997504544614278,,,,,
/scratch/users/jdehoney/eqnn_thesis/data/noisy_comparisons/qiskit_mixed_odd_21032705,/scratch/users/jdehoney/eqnn_thesis/data/noisy_comparisons/qiskit_mixed_odd_21032705/noise_coherent_overrotation_n7,qiskit_mixed,hea_qcnn,7,16,10,0,coherent_overrotation,0.0,/scratch/users/jdehoney/eqnn_thesis/data/noisy_comparisons/qiskit_mixed_odd_21032705/noise_coherent_overrotation_n7/qiskit_mixed/hea_qcnn/n7/train_size_16/epochs_10/noise_coherent_overrotation_0/seed_0,/scratch/users/jdehoney/eqnn_thesis/data/noisy_comparisons/qiskit_mixed_odd_21032705/noise_coherent_overrotation_n7/qiskit_mixed/hea_qcnn/n7/train_size_16/epochs_10/noise_coherent_overrotation_0/seed_0/metrics.json,completed,,,,,,,,0.5913736046131198,,,,,
/scratch/users/jdehoney/eqnn_thesis/data/noisy_comparisons/qiskit_mixed_odd_21032705,/scratch/users/jdehoney/eqnn_thesis/data/noisy_comparisons/qiskit_mixed_odd_21032705/noise_coherent_overrotation_n7,qiskit_mixed,hea_qcnn,7,16,10,1,coherent_overrotation,0.0,/scratch/users/jdehoney/eqnn_thesis/data/noisy_comparisons/qiskit_mixed_odd_21032705/noise_coherent_overrotation_n7/qiskit_mixed/hea_qcnn/n7/train_size_16/epochs_10/noise_coherent_overrotation_0/seed_1,/scratch/users/jdehoney/eqnn_thesis/data/noisy_comparisons/qiskit_mixed_odd_21032705/noise_coherent_overrotation_n7/qiskit_mixed/hea_qcnn/n7/train_size_16/epochs_10/noise_coherent_overrotation_0/seed_1/metrics.json,completed,,,,,,,,0.3987122638233774,,,,,
/scratch/users/jdehoney/eqnn_thesis/data/noisy_comparisons/qiskit_mixed_odd_21032705,/scratch/users/jdehoney/eqnn_thesis/data/noisy_comparisons/qiskit_mixed_odd_21032705/noise_coherent_overrotation_n7,qiskit_mixed,hea_qcnn,7,16,10,2,coherent_overrotation,0.0,/scratch/users/jdehoney/eqnn_thesis/data/noisy_comparisons/qiskit_mixed_odd_21032705/noise_coherent_overrotation_n7/qiskit_mixed/hea_qcnn/n7/train_size_16/epochs_10/noise_coherent_overrotation_0/seed_2,/scratch/users/jdehoney/eqnn_thesis/data/noisy_comparisons/qiskit_mixed_odd_21032705/noise_coherent_overrotation_n7/qiskit_mixed/hea_qcnn/n7/train_size_16/epochs_10/noise_coherent_overrotation_0/seed_2/metrics.json,completed,,,,,,,,0.4998699189118331,,,,,
/scratch/users/jdehoney/eqnn_thesis/data/noisy_comparisons/qiskit_mixed_odd_21032705,/scratch/users/jdehoney/eqnn_thesis/data/noisy_comparisons/qiskit_mixed_odd_21032705/noise_coherent_overrotation_n7,qiskit_mixed,hea_qcnn,7,16,10,0,coherent_overrotation,0.001,/scratch/users/jdehoney/eqnn_thesis/data/noisy_comparisons/qiskit_mixed_odd_21032705/noise_coherent_overrotation_n7/qiskit_mixed/hea_qcnn/n7/train_size_16/epochs_10/noise_coherent_overrotation_0p001/seed_0,/scratch/users/jdehoney/eqnn_thesis/data/noisy_comparisons/qiskit_mixed_odd_21032705/noise_coherent_overrotation_n7/qiskit_mixed/hea_qcnn/n7/train_size_16/epochs_10/noise_coherent_overrotation_0p001/seed_0/metrics.json,completed,,,,,,,,0.5904965317427668,,,,,
/scratch/users/jdehoney/eqnn_thesis/data/noisy_comparisons/qiskit_mixed_odd_21032705,/scratch/users/jdehoney/eqnn_thesis/data/noisy_comparisons/qiskit_mixed_odd_21032705/noise_coherent_overrotation_n7,qiskit_mixed,hea_qcnn,7,16,10,1,coherent_overrotation,0.001,/scratch/users/jdehoney/eqnn_thesis/data/noisy_comparisons/qiskit_mixed_odd_21032705/noise_coherent_overrotation_n7/qiskit_mixed/hea_qcnn/n7/train_size_16/epochs_10/noise_coherent_overrotation_0p001/seed_1,/scratch/users/jdehoney/eqnn_thesis/data/noisy_comparisons/qiskit_mixed_odd_21032705/noise_coherent_overrotation_n7/qiskit_mixed/hea_qcnn/n7/train_size_16/epochs_10/noise_coherent_overrotation_0p001/seed_1/metrics.json,completed,,,,,,,,0.39865968230794824,,,,,
/scratch/users/jdehoney/eqnn_thesis/data/noisy_comparisons/qiskit_mixed_odd_21032705,/scratch/users/jdehoney/eqnn_thesis/data/noisy_comparisons/qiskit_mixed_odd_21032705/noise_coherent_overrotation_n7,qiskit_mixed,hea_qcnn,7,16,10,2,coherent_overrotation,0.001,/scratch/users/jdehoney/eqnn_thesis/data/noisy_comparisons/qiskit_mixed_odd_21032705/noise_coherent_overrotation_n7/qiskit_mixed/hea_qcnn/n7/train_size_16/epochs_10/noise_coherent_overrotation_0p001/seed_2,/scratch/users/jdehoney/eqnn_thesis/data/noisy_comparisons/qiskit_mixed_odd_21032705/noise_coherent_overrotation_n7/qiskit_mixed/hea_qcnn/n7/train_size_16/epochs_10/noise_coherent_overrotation_0p001/seed_2/metrics.json,completed,,,,,,,,0.4995400869412357,,,,,
/scratch/users/jdehoney/eqnn_thesis/data/noisy_comparisons/qiskit_mixed_odd_21032705,/scratch/users/jdehoney/eqnn_thesis/data/noisy_comparisons/qiskit_mixed_odd_21032705/noise_coherent_overrotation_n7,qiskit_mixed,hea_qcnn,7,16,10,0,coherent_overrotation,0.005,/scratch/users/jdehoney/eqnn_thesis/data/noisy_comparisons/qiskit_mixed_odd_21032705/noise_coherent_overrotation_n7/qiskit_mixed/hea_qcnn/n7/train_size_16/epochs_10/noise_coherent_overrotation_0p005/seed_0,/scratch/users/jdehoney/eqnn_thesis/data/noisy_comparisons/qiskit_mixed_odd_21032705/noise_coherent_overrotation_n7/qiskit_mixed/hea_qcnn/n7/train_size_16/epochs_10/noise_coherent_overrotation_0p005/seed_0/metrics.json,completed,,,,,,,,0.5869973920132963,,,,,
/scratch/users/jdehoney/eqnn_thesis/data/noisy_comparisons/qiskit_mixed_odd_21032705,/scratch/users/jdehoney/eqnn_thesis/data/noisy_comparisons/qiskit_mixed_odd_21032705/noise_coherent_overrotation_n7,qiskit_mixed,hea_qcnn,7,16,10,1,coherent_overrotation,0.005,/scratch/users/jdehoney/eqnn_thesis/data/noisy_comparisons/qiskit_mixed_odd_21032705/noise_coherent_overrotation_n7/qiskit_mixed/hea_qcnn/n7/train_size_16/epochs_10/noise_coherent_overrotation_0p005/seed_1,/scratch/users/jdehoney/eqnn_thesis/data/noisy_comparisons/qiskit_mixed_odd_21032705/noise_coherent_overrotation_n7/qiskit_mixed/hea_qcnn/n7/train_size_16/epochs_10/noise_coherent_overrotation_0p005/seed_1/metrics.json,completed,,,,,,,,0.39847327272854377,,,,,
/scratch/users/jdehoney/eqnn_thesis/data/noisy_comparisons/qiskit_mixed_odd_21032705,/scratch/users/jdehoney/eqnn_thesis/data/noisy_comparisons/qiskit_mixed_odd_21032705/noise_coherent_overrotation_n7,qiskit_mixed,hea_qcnn,7,16,10,2,coherent_overrotation,0.005,/scratch/users/jdehoney/eqnn_thesis/data/noisy_comparisons/qiskit_mixed_odd_21032705/noise_coherent_overrotation_n7/qiskit_mixed/hea_qcnn/n7/train_size_16/epochs_10/noise_coherent_overrotation_0p005/seed_2,/scratch/users/jdehoney/eqnn_thesis/data/noisy_comparisons/qiskit_mixed_odd_21032705/noise_coherent_overrotation_n7/qiskit_mixed/hea_qcnn/n7/train_size_16/epochs_10/noise_coherent_overrotation_0p005/seed_2/metrics.json,completed,,,,,,,,0.4982450407875428,,,,,
/scratch/users/jdehoney/eqnn_thesis/data/noisy_comparisons/qiskit_mixed_odd_21032705,/scratch/users/jdehoney/eqnn_thesis/data/noisy_comparisons/qiskit_mixed_odd_21032705/noise_coherent_overrotation_n7,qiskit_mixed,hea_qcnn,7,16,10,0,coherent_overrotation,0.01,/scratch/users/jdehoney/eqnn_thesis/data/noisy_comparisons/qiskit_mixed_odd_21032705/noise_coherent_overrotation_n7/qiskit_mixed/hea_qcnn/n7/train_size_16/epochs_10/noise_coherent_overrotation_0p01/seed_0,/scratch/users/jdehoney/eqnn_thesis/data/noisy_comparisons/qiskit_mixed_odd_21032705/noise_coherent_overrotation_n7/qiskit_mixed/hea_qcnn/n7/train_size_16/epochs_10/noise_coherent_overrotation_0p01/seed_0/metrics.json,completed,,,,,,,,0.5828811677963551,,,,,
/scratch/users/jdehoney/eqnn_thesis/data/noisy_comparisons/qiskit_mixed_odd_21032705,/scratch/users/jdehoney/eqnn_thesis/data/noisy_comparisons/qiskit_mixed_odd_21032705/noise_coherent_overrotation_n7,qiskit_mixed,hea_qcnn,7,16,10,1,coherent_overrotation,0.01,/scratch/users/jdehoney/eqnn_thesis/data/noisy_comparisons/qiskit_mixed_odd_21032705/noise_coherent_overrotation_n7/qiskit_mixed/hea_qcnn/n7/train_size_16/epochs_10/noise_coherent_overrotation_0p01/seed_1,/scratch/users/jdehoney/eqnn_thesis/data/noisy_comparisons/qiskit_mixed_odd_21032705/noise_coherent_overrotation_n7/qiskit_mixed/hea_qcnn/n7/train_size_16/epochs_10/noise_coherent_overrotation_0p01/seed_1/metrics.json,completed,,,,,,,,0.398303878688153,,,,,
/scratch/users/jdehoney/eqnn_thesis/data/noisy_comparisons/qiskit_mixed_odd_21032705,/scratch/users/jdehoney/eqnn_thesis/data/noisy_comparisons/qiskit_mixed_odd_21032705/noise_coherent_overrotation_n7,qiskit_mixed,hea_qcnn,7,16,10,2,coherent_overrotation,0.01,/scratch/users/jdehoney/eqnn_thesis/data/noisy_comparisons/qiskit_mixed_odd_21032705/noise_coherent_overrotation_n7/qiskit_mixed/hea_qcnn/n7/train_size_16/epochs_10/noise_coherent_overrotation_0p01/seed_2,/scratch/users/jdehoney/eqnn_thesis/data/noisy_comparisons/qiskit_mixed_odd_21032705/noise_coherent_overrotation_n7/qiskit_mixed/hea_qcnn/n7/train_size_16/epochs_10/noise_coherent_overrotation_0p01/seed_2/metrics.json,completed,,,,,,,,0.4967319853721202,,,,,
/scratch/users/jdehoney/eqnn_thesis/data/noisy_comparisons/qiskit_mixed_odd_21032705,/scratch/users/jdehoney/eqnn_thesis/data/noisy_comparisons/qiskit_mixed_odd_21032705/noise_coherent_overrotation_n7,qiskit_mixed,hea_qcnn,7,16,10,0,coherent_overrotation,0.05,/scratch/users/jdehoney/eqnn_thesis/data/noisy_comparisons/qiskit_mixed_odd_21032705/noise_coherent_overrotation_n7/qiskit_mixed/hea_qcnn/n7/train_size_16/epochs_10/noise_coherent_overrotation_0p05/seed_0,/scratch/users/jdehoney/eqnn_thesis/data/noisy_comparisons/qiskit_mixed_odd_21032705/noise_coherent_overrotation_n7/qiskit_mixed/hea_qcnn/n7/train_size_16/epochs_10/noise_coherent_overrotation_0p05/seed_0/metrics.json,completed,,,,,,,,0.5536934653287737,,,,,
/scratch/users/jdehoney/eqnn_thesis/data/noisy_comparisons/qiskit_mixed_odd_21032705,/scratch/users/jdehoney/eqnn_thesis/data/noisy_comparisons/qiskit_mixed_odd_21032705/noise_coherent_overrotation_n7,qiskit_mixed,hea_qcnn,7,16,10,1,coherent_overrotation,0.05,/scratch/users/jdehoney/eqnn_thesis/data/noisy_comparisons/qiskit_mixed_odd_21032705/noise_coherent_overrotation_n7/qiskit_mixed/hea_qcnn/n7/train_size_16/epochs_10/noise_coherent_overrotation_0p05/seed_1,/scratch/users/jdehoney/eqnn_thesis/data/noisy_comparisons/qiskit_mixed_odd_21032705/noise_coherent_overrotation_n7/qiskit_mixed/hea_qcnn/n7/train_size_16/epochs_10/noise_coherent_overrotation_0p05/seed_1/metrics.json,completed,,,,,,,,0.3990947517342909,,,,,
/scratch/users/jdehoney/eqnn_thesis/data/noisy_comparisons/qiskit_mixed_odd_21032705,/scratch/users/jdehoney/eqnn_thesis/data/noisy_comparisons/qiskit_mixed_odd_21032705/noise_coherent_overrotation_n7,qiskit_mixed,hea_qcnn,7,16,10,2,coherent_overrotation,0.05,/scratch/users/jdehoney/eqnn_thesis/data/noisy_comparisons/qiskit_mixed_odd_21032705/noise_coherent_overrotation_n7/qiskit_mixed/hea_qcnn/n7/train_size_16/epochs_10/noise_coherent_overrotation_0p05/seed_2,/scratch/users/jdehoney/eqnn_thesis/data/noisy_comparisons/qiskit_mixed_odd_21032705/noise_coherent_overrotation_n7/qiskit_mixed/hea_qcnn/n7/train_size_16/epochs_10/noise_coherent_overrotation_0p05/seed_2/metrics.json,completed,,,,,,,,0.49224397305540113,,,,,
/scratch/users/jdehoney/eqnn_thesis/data/noisy_comparisons/qiskit_mixed_odd_21032705,/scratch/users/jdehoney/eqnn_thesis/data/noisy_comparisons/qiskit_mixed_odd_21032705/noise_coherent_overrotation_n7,qiskit_mixed,hea_qcnn,7,16,10,0,coherent_overrotation,0.1,/scratch/users/jdehoney/eqnn_thesis/data/noisy_comparisons/qiskit_mixed_odd_21032705/noise_coherent_overrotation_n7/qiskit_mixed/hea_qcnn/n7/train_size_16/epochs_10/noise_coherent_overrotation_0p1/seed_0,/scratch/users/jdehoney/eqnn_thesis/data/noisy_comparisons/qiskit_mixed_odd_21032705/noise_coherent_overrotation_n7/qiskit_mixed/hea_qcnn/n7/train_size_16/epochs_10/noise_coherent_overrotation_0p1/seed_0/metrics.json,completed,,,,,,,,0.476459324393209,,,,,
/scratch/users/jdehoney/eqnn_thesis/data/noisy_comparisons/qiskit_mixed_odd_21032705,/scratch/users/jdehoney/eqnn_thesis/data/noisy_comparisons/qiskit_mixed_odd_21032705/noise_coherent_overrotation_n7,qiskit_mixed,hea_qcnn,7,16,10,1,coherent_overrotation,0.1,/scratch/users/jdehoney/eqnn_thesis/data/noisy_comparisons/qiskit_mixed_odd_21032705/noise_coherent_overrotation_n7/qiskit_mixed/hea_qcnn/n7/train_size_16/epochs_10/noise_coherent_overrotation_0p1/seed_1,/scratch/users/jdehoney/eqnn_thesis/data/noisy_comparisons/qiskit_mixed_odd_21032705/noise_coherent_overrotation_n7/qiskit_mixed/hea_qcnn/n7/train_size_16/epochs_10/noise_coherent_overrotation_0p1/seed_1/metrics.json,completed,,,,,,,,0.4098517795722091,,,,,
/scratch/users/jdehoney/eqnn_thesis/data/noisy_comparisons/qiskit_mixed_odd_21032705,/scratch/users/jdehoney/eqnn_thesis/data/noisy_comparisons/qiskit_mixed_odd_21032705/noise_coherent_overrotation_n7,qiskit_mixed,hea_qcnn,7,16,10,2,coherent_overrotation,0.1,/scratch/users/jdehoney/eqnn_thesis/data/noisy_comparisons/qiskit_mixed_odd_21032705/noise_coherent_overrotation_n7/qiskit_mixed/hea_qcnn/n7/train_size_16/epochs_10/noise_coherent_overrotation_0p1/seed_2,/scratch/users/jdehoney/eqnn_thesis/data/noisy_comparisons/qiskit_mixed_odd_21032705/noise_coherent_overrotation_n7/qiskit_mixed/hea_qcnn/n7/train_size_16/epochs_10/noise_coherent_overrotation_0p1/seed_2/metrics.json,completed,,,,,,,,0.4907122759051654,,,,,
/scratch/users/jdehoney/eqnn_thesis/data/noisy_comparisons/qiskit_mixed_odd_21032705,/scratch/users/jdehoney/eqnn_thesis/data/noisy_comparisons/qiskit_mixed_odd_21032705/noise_coherent_overrotation_n7,qiskit_mixed,su2_qcnn,7,4,10,0,coherent_overrotation,0.0,/scratch/users/jdehoney/eqnn_thesis/data/noisy_comparisons/qiskit_mixed_odd_21032705/noise_coherent_overrotation_n7/qiskit_mixed/su2_qcnn/n7/train_size_4/epochs_10/noise_coherent_overrotation_0/seed_0,/scratch/users/jdehoney/eqnn_thesis/data/noisy_comparisons/qiskit_mixed_odd_21032705/noise_coherent_overrotation_n7/qiskit_mixed/su2_qcnn/n7/train_size_4/epochs_10/noise_coherent_overrotation_0/seed_0/metrics.json,completed,,,,,,,,0.5442191583302161,,,,,
/scratch/users/jdehoney/eqnn_thesis/data/noisy_comparisons/qiskit_mixed_odd_21032705,/scratch/users/jdehoney/eqnn_thesis/data/noisy_comparisons/qiskit_mixed_odd_21032705/noise_coherent_overrotation_n7,qiskit_mixed,su2_qcnn,7,4,10,1,coherent_overrotation,0.0,/scratch/users/jdehoney/eqnn_thesis/data/noisy_comparisons/qiskit_mixed_odd_21032705/noise_coherent_overrotation_n7/qiskit_mixed/su2_qcnn/n7/train_size_4/epochs_10/noise_coherent_overrotation_0/seed_1,/scratch/users/jdehoney/eqnn_thesis/data/noisy_comparisons/qiskit_mixed_odd_21032705/noise_coherent_overrotation_n7/qiskit_mixed/su2_qcnn/n7/train_size_4/epochs_10/noise_coherent_overrotation_0/seed_1/metrics.json,completed,,,,,,,,0.6786520505095874,,,,,
/scratch/users/jdehoney/eqnn_thesis/data/noisy_comparisons/qiskit_mixed_odd_21032705,/scratch/users/jdehoney/eqnn_thesis/data/noisy_comparisons/qiskit_mixed_odd_21032705/noise_coherent_overrotation_n7,qiskit_mixed,su2_qcnn,7,4,10,2,coherent_overrotation,0.0,/scratch/users/jdehoney/eqnn_thesis/data/noisy_comparisons/qiskit_mixed_odd_21032705/noise_coherent_overrotation_n7/qiskit_mixed/su2_qcnn/n7/train_size_4/epochs_10/noise_coherent_overrotation_0/seed_2,/scratch/users/jdehoney/eqnn_thesis/data/noisy_comparisons/qiskit_mixed_odd_21032705/noise_coherent_overrotation_n7/qiskit_mixed/su2_qcnn/n7/train_size_4/epochs_10/noise_coherent_overrotation_0/seed_2/metrics.json,completed,,,,,,,,0.6077679435100466,,,,,
/scratch/users/jdehoney/eqnn_thesis/data/noisy_comparisons/qiskit_mixed_odd_21032705,/scratch/users/jdehoney/eqnn_thesis/data/noisy_comparisons/qiskit_mixed_odd_21032705/noise_coherent_overrotation_n7,qiskit_mixed,su2_qcnn,7,4,10,0,coherent_overrotation,0.001,/scratch/users/jdehoney/eqnn_thesis/data/noisy_comparisons/qiskit_mixed_odd_21032705/noise_coherent_overrotation_n7/qiskit_mixed/su2_qcnn/n7/train_size_4/epochs_10/noise_coherent_overrotation_0p001/seed_0,/scratch/users/jdehoney/eqnn_thesis/data/noisy_comparisons/qiskit_mixed_odd_21032705/noise_coherent_overrotation_n7/qiskit_mixed/su2_qcnn/n7/train_size_4/epochs_10/noise_coherent_overrotation_0p001/seed_0/metrics.json,completed,,,,,,,,0.5441125277635888,,,,,
/scratch/users/jdehoney/eqnn_thesis/data/noisy_comparisons/qiskit_mixed_odd_21032705,/scratch/users/jdehoney/eqnn_thesis/data/noisy_comparisons/qiskit_mixed_odd_21032705/noise_coherent_overrotation_n7,qiskit_mixed,su2_qcnn,7,4,10,1,coherent_overrotation,0.001,/scratch/users/jdehoney/eqnn_thesis/data/noisy_comparisons/qiskit_mixed_odd_21032705/noise_coherent_overrotation_n7/qiskit_mixed/su2_qcnn/n7/train_size_4/epochs_10/noise_coherent_overrotation_0p001/seed_1,/scratch/users/jdehoney/eqnn_thesis/data/noisy_comparisons/qiskit_mixed_odd_21032705/noise_coherent_overrotation_n7/qiskit_mixed/su2_qcnn/n7/train_size_4/epochs_10/noise_coherent_overrotation_0p001/seed_1/metrics.json,completed,,,,,,,,0.6785771337769125,,,,,
/scratch/users/jdehoney/eqnn_thesis/data/noisy_comparisons/qiskit_mixed_odd_21032705,/scratch/users/jdehoney/eqnn_thesis/data/noisy_comparisons/qiskit_mixed_odd_21032705/noise_coherent_overrotation_n7,qiskit_mixed,su2_qcnn,7,4,10,2,coherent_overrotation,0.001,/scratch/users/jdehoney/eqnn_thesis/data/noisy_comparisons/qiskit_mixed_odd_21032705/noise_coherent_overrotation_n7/qiskit_mixed/su2_qcnn/n7/train_size_4/epochs_10/noise_coherent_overrotation_0p001/seed_2,/scratch/users/jdehoney/eqnn_thesis/data/noisy_comparisons/qiskit_mixed_odd_21032705/noise_coherent_overrotation_n7/qiskit_mixed/su2_qcnn/n7/train_size_4/epochs_10/noise_coherent_overrotation_0p001/seed_2/metrics.json,completed,,,,,,,,0.6076338993560616,,,,,
/scratch/users/jdehoney/eqnn_thesis/data/noisy_comparisons/qiskit_mixed_odd_21032705,/scratch/users/jdehoney/eqnn_thesis/data/noisy_comparisons/qiskit_mixed_odd_21032705/noise_coherent_overrotation_n7,qiskit_mixed,su2_qcnn,7,4,10,0,coherent_overrotation,0.005,/scratch/users/jdehoney/eqnn_thesis/data/noisy_comparisons/qiskit_mixed_odd_21032705/noise_coherent_overrotation_n7/qiskit_mixed/su2_qcnn/n7/train_size_4/epochs_10/noise_coherent_overrotation_0p005/seed_0,/scratch/users/jdehoney/eqnn_thesis/data/noisy_comparisons/qiskit_mixed_odd_21032705/noise_coherent_overrotation_n7/qiskit_mixed/su2_qcnn/n7/train_size_4/epochs_10/noise_coherent_overrotation_0p005/seed_0/metrics.json,completed,,,,,,,,0.5436949076714531,,,,,
/scratch/users/jdehoney/eqnn_thesis/data/noisy_comparisons/qiskit_mixed_odd_21032705,/scratch/users/jdehoney/eqnn_thesis/data/noisy_comparisons/qiskit_mixed_odd_21032705/noise_coherent_overrotation_n7,qiskit_mixed,su2_qcnn,7,4,10,1,coherent_overrotation,0.005,/scratch/users/jdehoney/eqnn_thesis/data/noisy_comparisons/qiskit_mixed_odd_21032705/noise_coherent_overrotation_n7/qiskit_mixed/su2_qcnn/n7/train_size_4/epochs_10/noise_coherent_overrotation_0p005/seed_1,/scratch/users/jdehoney/eqnn_thesis/data/noisy_comparisons/qiskit_mixed_odd_21032705/noise_coherent_overrotation_n7/qiskit_mixed/su2_qcnn/n7/train_size_4/epochs_10/noise_coherent_overrotation_0p005/seed_1/metrics.json,completed,,,,,,,,0.6782813520886773,,,,,
/scratch/users/jdehoney/eqnn_thesis/data/noisy_comparisons/qiskit_mixed_odd_21032705,/scratch/users/jdehoney/eqnn_thesis/data/noisy_comparisons/qiskit_mixed_odd_21032705/noise_coherent_overrotation_n7,qiskit_mixed,su2_qcnn,7,4,10,2,coherent_overrotation,0.005,/scratch/users/jdehoney/eqnn_thesis/data/noisy_comparisons/qiskit_mixed_odd_21032705/noise_coherent_overrotation_n7/qiskit_mixed/su2_qcnn/n7/train_size_4/epochs_10/noise_coherent_overrotation_0p005/seed_2,/scratch/users/jdehoney/eqnn_thesis/data/noisy_comparisons/qiskit_mixed_odd_21032705/noise_coherent_overrotation_n7/qiskit_mixed/su2_qcnn/n7/train_size_4/epochs_10/noise_coherent_overrotation_0p005/seed_2/metrics.json,completed,,,,,,,,0.6071041847569503,,,,,
/scratch/users/jdehoney/eqnn_thesis/data/noisy_comparisons/qiskit_mixed_odd_21032705,/scratch/users/jdehoney/eqnn_thesis/data/noisy_comparisons/qiskit_mixed_odd_21032705/noise_coherent_overrotation_n7,qiskit_mixed,su2_qcnn,7,4,10,0,coherent_overrotation,0.01,/scratch/users/jdehoney/eqnn_thesis/data/noisy_comparisons/qiskit_mixed_odd_21032705/noise_coherent_overrotation_n7/qiskit_mixed/su2_qcnn/n7/train_size_4/epochs_10/noise_coherent_overrotation_0p01/seed_0,/scratch/users/jdehoney/eqnn_thesis/data/noisy_comparisons/qiskit_mixed_odd_21032705/noise_coherent_overrotation_n7/qiskit_mixed/su2_qcnn/n7/train_size_4/epochs_10/noise_coherent_overrotation_0p01/seed_0/metrics.json,completed,,,,,,,,0.5431926198774448,,,,,
/scratch/users/jdehoney/eqnn_thesis/data/noisy_comparisons/qiskit_mixed_odd_21032705,/scratch/users/jdehoney/eqnn_thesis/data/noisy_comparisons/qiskit_mixed_odd_21032705/noise_coherent_overrotation_n7,qiskit_mixed,su2_qcnn,7,4,10,1,coherent_overrotation,0.01,/scratch/users/jdehoney/eqnn_thesis/data/noisy_comparisons/qiskit_mixed_odd_21032705/noise_coherent_overrotation_n7/qiskit_mixed/su2_qcnn/n7/train_size_4/epochs_10/noise_coherent_overrotation_0p01/seed_1,/scratch/users/jdehoney/eqnn_thesis/data/noisy_comparisons/qiskit_mixed_odd_21032705/noise_coherent_overrotation_n7/qiskit_mixed/su2_qcnn/n7/train_size_4/epochs_10/noise_coherent_overrotation_0p01/seed_1/metrics.json,completed,,,,,,,,0.6779203380998238,,,,,
/scratch/users/jdehoney/eqnn_thesis/data/noisy_comparisons/qiskit_mixed_odd_21032705,/scratch/users/jdehoney/eqnn_thesis/data/noisy_comparisons/qiskit_mixed_odd_21032705/noise_coherent_overrotation_n7,qiskit_mixed,su2_qcnn,7,4,10,2,coherent_overrotation,0.01,/scratch/users/jdehoney/eqnn_thesis/data/noisy_comparisons/qiskit_mixed_odd_21032705/noise_coherent_overrotation_n7/qiskit_mixed/su2_qcnn/n7/train_size_4/epochs_10/noise_coherent_overrotation_0p01/seed_2,/scratch/users/jdehoney/eqnn_thesis/data/noisy_comparisons/qiskit_mixed_odd_21032705/noise_coherent_overrotation_n7/qiskit_mixed/su2_qcnn/n7/train_size_4/epochs_10/noise_coherent_overrotation_0p01/seed_2/metrics.json,completed,,,,,,,,0.606456827645893,,,,,
/scratch/users/jdehoney/eqnn_thesis/data/noisy_comparisons/qiskit_mixed_odd_21032705,/scratch/users/jdehoney/eqnn_thesis/data/noisy_comparisons/qiskit_mixed_odd_21032705/noise_coherent_overrotation_n7,qiskit_mixed,su2_qcnn,7,4,10,0,coherent_overrotation,0.05,/scratch/users/jdehoney/eqnn_thesis/data/noisy_comparisons/qiskit_mixed_odd_21032705/noise_coherent_overrotation_n7/qiskit_mixed/su2_qcnn/n7/train_size_4/epochs_10/noise_coherent_overrotation_0p05/seed_0,/scratch/users/jdehoney/eqnn_thesis/data/noisy_comparisons/qiskit_mixed_odd_21032705/noise_coherent_overrotation_n7/qiskit_mixed/su2_qcnn/n7/train_size_4/epochs_10/noise_coherent_overrotation_0p05/seed_0/metrics.json,completed,,,,,,,,0.5399094045739496,,,,,
/scratch/users/jdehoney/eqnn_thesis/data/noisy_comparisons/qiskit_mixed_odd_21032705,/scratch/users/jdehoney/eqnn_thesis/data/noisy_comparisons/qiskit_mixed_odd_21032705/noise_coherent_overrotation_n7,qiskit_mixed,su2_qcnn,7,4,10,1,coherent_overrotation,0.05,/scratch/users/jdehoney/eqnn_thesis/data/noisy_comparisons/qiskit_mixed_odd_21032705/noise_coherent_overrotation_n7/qiskit_mixed/su2_qcnn/n7/train_size_4/epochs_10/noise_coherent_overrotation_0p05/seed_1,/scratch/users/jdehoney/eqnn_thesis/data/noisy_comparisons/qiskit_mixed_odd_21032705/noise_coherent_overrotation_n7/qiskit_mixed/su2_qcnn/n7/train_size_4/epochs_10/noise_coherent_overrotation_0p05/seed_1/metrics.json,completed,,,,,,,,0.6753555191436966,,,,,
/scratch/users/jdehoney/eqnn_thesis/data/noisy_comparisons/qiskit_mixed_odd_21032705,/scratch/users/jdehoney/eqnn_thesis/data/noisy_comparisons/qiskit_mixed_odd_21032705/noise_coherent_overrotation_n7,qiskit_mixed,su2_qcnn,7,4,10,2,coherent_overrotation,0.05,/scratch/users/jdehoney/eqnn_thesis/data/noisy_comparisons/qiskit_mixed_odd_21032705/noise_coherent_overrotation_n7/qiskit_mixed/su2_qcnn/n7/train_size_4/epochs_10/noise_coherent_overrotation_0p05/seed_2,/scratch/users/jdehoney/eqnn_thesis/data/noisy_comparisons/qiskit_mixed_odd_21032705/noise_coherent_overrotation_n7/qiskit_mixed/su2_qcnn/n7/train_size_4/epochs_10/noise_coherent_overrotation_0p05/seed_2/metrics.json,completed,,,,,,,,0.6019145847325744,,,,,
/scratch/users/jdehoney/eqnn_thesis/data/noisy_comparisons/qiskit_mixed_odd_21032705,/scratch/users/jdehoney/eqnn_thesis/data/noisy_comparisons/qiskit_mixed_odd_21032705/noise_coherent_overrotation_n7,qiskit_mixed,su2_qcnn,7,4,10,0,coherent_overrotation,0.1,/scratch/users/jdehoney/eqnn_thesis/data/noisy_comparisons/qiskit_mixed_odd_21032705/noise_coherent_overrotation_n7/qiskit_mixed/su2_qcnn/n7/train_size_4/epochs_10/noise_coherent_overrotation_0p1/seed_0,/scratch/users/jdehoney/eqnn_thesis/data/noisy_comparisons/qiskit_mixed_odd_21032705/noise_coherent_overrotation_n7/qiskit_mixed/su2_qcnn/n7/train_size_4/epochs_10/noise_coherent_overrotation_0p1/seed_0/metrics.json,completed,,,,,,,,0.5374124996637164,,,,,
/scratch/users/jdehoney/eqnn_thesis/data/noisy_comparisons/qiskit_mixed_odd_21032705,/scratch/users/jdehoney/eqnn_thesis/data/noisy_comparisons/qiskit_mixed_odd_21032705/noise_coherent_overrotation_n7,qiskit_mixed,su2_qcnn,7,4,10,1,coherent_overrotation,0.1,/scratch/users/jdehoney/eqnn_thesis/data/noisy_comparisons/qiskit_mixed_odd_21032705/noise_coherent_overrotation_n7/qiskit_mixed/su2_qcnn/n7/train_size_4/epochs_10/noise_coherent_overrotation_0p1/seed_1,/scratch/users/jdehoney/eqnn_thesis/data/noisy_comparisons/qiskit_mixed_odd_21032705/noise_coherent_overrotation_n7/qiskit_mixed/su2_qcnn/n7/train_size_4/epochs_10/noise_coherent_overrotation_0p1/seed_1/metrics.json,completed,,,,,,,,0.7022316091190597,,,,,
/scratch/users/jdehoney/eqnn_thesis/data/noisy_comparisons/qiskit_mixed_odd_21032705,/scratch/users/jdehoney/eqnn_thesis/data/noisy_comparisons/qiskit_mixed_odd_21032705/noise_coherent_overrotation_n7,qiskit_mixed,su2_qcnn,7,4,10,2,coherent_overrotation,0.1,/scratch/users/jdehoney/eqnn_thesis/data/noisy_comparisons/qiskit_mixed_odd_21032705/noise_coherent_overrotation_n7/qiskit_mixed/su2_qcnn/n7/train_size_4/epochs_10/noise_coherent_overrotation_0p1/seed_2,/scratch/users/jdehoney/eqnn_thesis/data/noisy_comparisons/qiskit_mixed_odd_21032705/noise_coherent_overrotation_n7/qiskit_mixed/su2_qcnn/n7/train_size_4/epochs_10/noise_coherent_overrotation_0p1/seed_2/metrics.json,completed,,,,,,,,0.5980117660765221,,,,,
/scratch/users/jdehoney/eqnn_thesis/data/noisy_comparisons/qiskit_mixed_odd_21032705,/scratch/users/jdehoney/eqnn_thesis/data/noisy_comparisons/qiskit_mixed_odd_21032705/noise_coherent_overrotation_n7,qiskit_mixed,su2_qcnn,7,8,10,0,coherent_overrotation,0.0,/scratch/users/jdehoney/eqnn_thesis/data/noisy_comparisons/qiskit_mixed_odd_21032705/noise_coherent_overrotation_n7/qiskit_mixed/su2_qcnn/n7/train_size_8/epochs_10/noise_coherent_overrotation_0/seed_0,/scratch/users/jdehoney/eqnn_thesis/data/noisy_comparisons/qiskit_mixed_odd_21032705/noise_coherent_overrotation_n7/qiskit_mixed/su2_qcnn/n7/train_size_8/epochs_10/noise_coherent_overrotation_0/seed_0/metrics.json,completed,,,,,,,,0.5340766446059007,,,,,
/scratch/users/jdehoney/eqnn_thesis/data/noisy_comparisons/qiskit_mixed_odd_21032705,/scratch/users/jdehoney/eqnn_thesis/data/noisy_comparisons/qiskit_mixed_odd_21032705/noise_coherent_overrotation_n7,qiskit_mixed,su2_qcnn,7,8,10,1,coherent_overrotation,0.0,/scratch/users/jdehoney/eqnn_thesis/data/noisy_comparisons/qiskit_mixed_odd_21032705/noise_coherent_overrotation_n7/qiskit_mixed/su2_qcnn/n7/train_size_8/epochs_10/noise_coherent_overrotation_0/seed_1,/scratch/users/jdehoney/eqnn_thesis/data/noisy_comparisons/qiskit_mixed_odd_21032705/noise_coherent_overrotation_n7/qiskit_mixed/su2_qcnn/n7/train_size_8/epochs_10/noise_coherent_overrotation_0/seed_1/metrics.json,completed,,,,,,,,0.4858353425460049,,,,,
/scratch/users/jdehoney/eqnn_thesis/data/noisy_comparisons/qiskit_mixed_odd_21032705,/scratch/users/jdehoney/eqnn_thesis/data/noisy_comparisons/qiskit_mixed_odd_21032705/noise_coherent_overrotation_n7,qiskit_mixed,su2_qcnn,7,8,10,2,coherent_overrotation,0.0,/scratch/users/jdehoney/eqnn_thesis/data/noisy_comparisons/qiskit_mixed_odd_21032705/noise_coherent_overrotation_n7/qiskit_mixed/su2_qcnn/n7/train_size_8/epochs_10/noise_coherent_overrotation_0/seed_2,/scratch/users/jdehoney/eqnn_thesis/data/noisy_comparisons/qiskit_mixed_odd_21032705/noise_coherent_overrotation_n7/qiskit_mixed/su2_qcnn/n7/train_size_8/epochs_10/noise_coherent_overrotation_0/seed_2/metrics.json,completed,,,,,,,,0.5195199988965475,,,,,
/scratch/users/jdehoney/eqnn_thesis/data/noisy_comparisons/qiskit_mixed_odd_21032705,/scratch/users/jdehoney/eqnn_thesis/data/noisy_comparisons/qiskit_mixed_odd_21032705/noise_coherent_overrotation_n7,qiskit_mixed,su2_qcnn,7,8,10,0,coherent_overrotation,0.001,/scratch/users/jdehoney/eqnn_thesis/data/noisy_comparisons/qiskit_mixed_odd_21032705/noise_coherent_overrotation_n7/qiskit_mixed/su2_qcnn/n7/train_size_8/epochs_10/noise_coherent_overrotation_0p001/seed_0,/scratch/users/jdehoney/eqnn_thesis/data/noisy_comparisons/qiskit_mixed_odd_21032705/noise_coherent_overrotation_n7/qiskit_mixed/su2_qcnn/n7/train_size_8/epochs_10/noise_coherent_overrotation_0p001/seed_0/metrics.json,completed,,,,,,,,0.5344962352150968,,,,,
/scratch/users/jdehoney/eqnn_thesis/data/noisy_comparisons/qiskit_mixed_odd_21032705,/scratch/users/jdehoney/eqnn_thesis/data/noisy_comparisons/qiskit_mixed_odd_21032705/noise_coherent_overrotation_n7,qiskit_mixed,su2_qcnn,7,8,10,1,coherent_overrotation,0.001,/scratch/users/jdehoney/eqnn_thesis/data/noisy_comparisons/qiskit_mixed_odd_21032705/noise_coherent_overrotation_n7/qiskit_mixed/su2_qcnn/n7/train_size_8/epochs_10/noise_coherent_overrotation_0p001/seed_1,/scratch/users/jdehoney/eqnn_thesis/data/noisy_comparisons/qiskit_mixed_odd_21032705/noise_coherent_overrotation_n7/qiskit_mixed/su2_qcnn/n7/train_size_8/epochs_10/noise_coherent_overrotation_0p001/seed_1/metrics.json,completed,,,,,,,,0.48575931537004324,,,,,
/scratch/users/jdehoney/eqnn_thesis/data/noisy_comparisons/qiskit_mixed_odd_21032705,/scratch/users/jdehoney/eqnn_thesis/data/noisy_comparisons/qiskit_mixed_odd_21032705/noise_coherent_overrotation_n7,qiskit_mixed,su2_qcnn,7,8,10,2,coherent_overrotation,0.001,/scratch/users/jdehoney/eqnn_thesis/data/noisy_comparisons/qiskit_mixed_odd_21032705/noise_coherent_overrotation_n7/qiskit_mixed/su2_qcnn/n7/train_size_8/epochs_10/noise_coherent_overrotation_0p001/seed_2,/scratch/users/jdehoney/eqnn_thesis/data/noisy_comparisons/qiskit_mixed_odd_21032705/noise_coherent_overrotation_n7/qiskit_mixed/su2_qcnn/n7/train_size_8/epochs_10/noise_coherent_overrotation_0p001/seed_2/metrics.json,completed,,,,,,,,0.5196583173377667,,,,,
/scratch/users/jdehoney/eqnn_thesis/data/noisy_comparisons/qiskit_mixed_odd_21032705,/scratch/users/jdehoney/eqnn_thesis/data/noisy_comparisons/qiskit_mixed_odd_21032705/noise_coherent_overrotation_n7,qiskit_mixed,su2_qcnn,7,8,10,0,coherent_overrotation,0.005,/scratch/users/jdehoney/eqnn_thesis/data/noisy_comparisons/qiskit_mixed_odd_21032705/noise_coherent_overrotation_n7/qiskit_mixed/su2_qcnn/n7/train_size_8/epochs_10/noise_coherent_overrotation_0p005/seed_0,/scratch/users/jdehoney/eqnn_thesis/data/noisy_comparisons/qiskit_mixed_odd_21032705/noise_coherent_overrotation_n7/qiskit_mixed/su2_qcnn/n7/train_size_8/epochs_10/noise_coherent_overrotation_0p005/seed_0/metrics.json,completed,,,,,,,,0.5363299182439268,,,,,
/scratch/users/jdehoney/eqnn_thesis/data/noisy_comparisons/qiskit_mixed_odd_21032705,/scratch/users/jdehoney/eqnn_thesis/data/noisy_comparisons/qiskit_mixed_odd_21032705/noise_coherent_overrotation_n7,qiskit_mixed,su2_qcnn,7,8,10,1,coherent_overrotation,0.005,/scratch/users/jdehoney/eqnn_thesis/data/noisy_comparisons/qiskit_mixed_odd_21032705/noise_coherent_overrotation_n7/qiskit_mixed/su2_qcnn/n7/train_size_8/epochs_10/noise_coherent_overrotation_0p005/seed_1,/scratch/users/jdehoney/eqnn_thesis/data/noisy_comparisons/qiskit_mixed_odd_21032705/noise_coherent_overrotation_n7/qiskit_mixed/su2_qcnn/n7/train_size_8/epochs_10/noise_coherent_overrotation_0p005/seed_1/metrics.json,completed,,,,,,,,0.4854785502199246,,,,,
/scratch/users/jdehoney/eqnn_thesis/data/noisy_comparisons/qiskit_mixed_odd_21032705,/scratch/users/jdehoney/eqnn_thesis/data/noisy_comparisons/qiskit_mixed_odd_21032705/noise_coherent_overrotation_n7,qiskit_mixed,su2_qcnn,7,8,10,2,coherent_overrotation,0.005,/scratch/users/jdehoney/eqnn_thesis/data/noisy_comparisons/qiskit_mixed_odd_21032705/noise_coherent_overrotation_n7/qiskit_mixed/su2_qcnn/n7/train_size_8/epochs_10/noise_coherent_overrotation_0p005/seed_2,/scratch/users/jdehoney/eqnn_thesis/data/noisy_comparisons/qiskit_mixed_odd_21032705/noise_coherent_overrotation_n7/qiskit_mixed/su2_qcnn/n7/train_size_8/epochs_10/noise_coherent_overrotation_0p005/seed_2/metrics.json,completed,,,,,,,,0.5202033112632116,,,,,
/scratch/users/jdehoney/eqnn_thesis/data/noisy_comparisons/qiskit_mixed_odd_21032705,/scratch/users/jdehoney/eqnn_thesis/data/noisy_comparisons/qiskit_mixed_odd_21032705/noise_coherent_overrotation_n7,qiskit_mixed,su2_qcnn,7,8,10,0,coherent_overrotation,0.01,/scratch/users/jdehoney/eqnn_thesis/data/noisy_comparisons/qiskit_mixed_odd_21032705/noise_coherent_overrotation_n7/qiskit_mixed/su2_qcnn/n7/train_size_8/epochs_10/noise_coherent_overrotation_0p01/seed_0,/scratch/users/jdehoney/eqnn_thesis/data/noisy_comparisons/qiskit_mixed_odd_21032705/noise_coherent_overrotation_n7/qiskit_mixed/su2_qcnn/n7/train_size_8/epochs_10/noise_coherent_overrotation_0p01/seed_0/metrics.json,completed,,,,,,,,0.5390345156250813,,,,,
/scratch/users/jdehoney/eqnn_thesis/data/noisy_comparisons/qiskit_mixed_odd_21032705,/scratch/users/jdehoney/eqnn_thesis/data/noisy_comparisons/qiskit_mixed_odd_21032705/noise_coherent_overrotation_n7,qiskit_mixed,su2_qcnn,7,8,10,1,coherent_overrotation,0.01,/scratch/users/jdehoney/eqnn_thesis/data/noisy_comparisons/qiskit_mixed_odd_21032705/noise_coherent_overrotation_n7/qiskit_mixed/su2_qcnn/n7/train_size_8/epochs_10/noise_coherent_overrotation_0p01/seed_1,/scratch/users/jdehoney/eqnn_thesis/data/noisy_comparisons/qiskit_mixed_odd_21032705/noise_coherent_overrotation_n7/qiskit_mixed/su2_qcnn/n7/train_size_8/epochs_10/noise_coherent_overrotation_0p01/seed_1/metrics.json,completed,,,,,,,,0.48517983439420687,,,,,
/scratch/users/jdehoney/eqnn_thesis/data/noisy_comparisons/qiskit_mixed_odd_21032705,/scratch/users/jdehoney/eqnn_thesis/data/noisy_comparisons/qiskit_mixed_odd_21032705/noise_coherent_overrotation_n7,qiskit_mixed,su2_qcnn,7,8,10,2,coherent_overrotation,0.01,/scratch/users/jdehoney/eqnn_thesis/data/noisy_comparisons/qiskit_mixed_odd_21032705/noise_coherent_overrotation_n7/qiskit_mixed/su2_qcnn/n7/train_size_8/epochs_10/noise_coherent_overrotation_0p01/seed_2,/scratch/users/jdehoney/eqnn_thesis/data/noisy_comparisons/qiskit_mixed_odd_21032705/noise_coherent_overrotation_n7/qiskit_mixed/su2_qcnn/n7/train_size_8/epochs_10/noise_coherent_overrotation_0p01/seed_2/metrics.json,completed,,,,,,,,0.5208654746829599,,,,,
/scratch/users/jdehoney/eqnn_thesis/data/noisy_comparisons/qiskit_mixed_odd_21032705,/scratch/users/jdehoney/eqnn_thesis/data/noisy_comparisons/qiskit_mixed_odd_21032705/noise_coherent_overrotation_n7,qiskit_mixed,su2_qcnn,7,8,10,0,coherent_overrotation,0.05,/scratch/users/jdehoney/eqnn_thesis/data/noisy_comparisons/qiskit_mixed_odd_21032705/noise_coherent_overrotation_n7/qiskit_mixed/su2_qcnn/n7/train_size_8/epochs_10/noise_coherent_overrotation_0p05/seed_0,/scratch/users/jdehoney/eqnn_thesis/data/noisy_comparisons/qiskit_mixed_odd_21032705/noise_coherent_overrotation_n7/qiskit_mixed/su2_qcnn/n7/train_size_8/epochs_10/noise_coherent_overrotation_0p05/seed_0/metrics.json,completed,,,,,,,,0.5050091221547369,,,,,
/scratch/users/jdehoney/eqnn_thesis/data/noisy_comparisons/qiskit_mixed_odd_21032705,/scratch/users/jdehoney/eqnn_thesis/data/noisy_comparisons/qiskit_mixed_odd_21032705/noise_coherent_overrotation_n7,qiskit_mixed,su2_qcnn,7,8,10,1,coherent_overrotation,0.05,/scratch/users/jdehoney/eqnn_thesis/data/noisy_comparisons/qiskit_mixed_odd_21032705/noise_coherent_overrotation_n7/qiskit_mixed/su2_qcnn/n7/train_size_8/epochs_10/noise_coherent_overrotation_0p05/seed_1,/scratch/users/jdehoney/eqnn_thesis/data/noisy_comparisons/qiskit_mixed_odd_21032705/noise_coherent_overrotation_n7/qiskit_mixed/su2_qcnn/n7/train_size_8/epochs_10/noise_coherent_overrotation_0p05/seed_1/metrics.json,completed,,,,,,,,0.4905039668032031,,,,,
/scratch/users/jdehoney/eqnn_thesis/data/noisy_comparisons/qiskit_mixed_odd_21032705,/scratch/users/jdehoney/eqnn_thesis/data/noisy_comparisons/qiskit_mixed_odd_21032705/noise_coherent_overrotation_n7,qiskit_mixed,su2_qcnn,7,8,10,2,coherent_overrotation,0.05,/scratch/users/jdehoney/eqnn_thesis/data/noisy_comparisons/qiskit_mixed_odd_21032705/noise_coherent_overrotation_n7/qiskit_mixed/su2_qcnn/n7/train_size_8/epochs_10/noise_coherent_overrotation_0p05/seed_2,/scratch/users/jdehoney/eqnn_thesis/data/noisy_comparisons/qiskit_mixed_odd_21032705/noise_coherent_overrotation_n7/qiskit_mixed/su2_qcnn/n7/train_size_8/epochs_10/noise_coherent_overrotation_0p05/seed_2/metrics.json,completed,,,,,,,,0.5253408490552627,,,,,
/scratch/users/jdehoney/eqnn_thesis/data/noisy_comparisons/qiskit_mixed_odd_21032705,/scratch/users/jdehoney/eqnn_thesis/data/noisy_comparisons/qiskit_mixed_odd_21032705/noise_coherent_overrotation_n7,qiskit_mixed,su2_qcnn,7,8,10,0,coherent_overrotation,0.1,/scratch/users/jdehoney/eqnn_thesis/data/noisy_comparisons/qiskit_mixed_odd_21032705/noise_coherent_overrotation_n7/qiskit_mixed/su2_qcnn/n7/train_size_8/epochs_10/noise_coherent_overrotation_0p1/seed_0,/scratch/users/jdehoney/eqnn_thesis/data/noisy_comparisons/qiskit_mixed_odd_21032705/noise_coherent_overrotation_n7/qiskit_mixed/su2_qcnn/n7/train_size_8/epochs_10/noise_coherent_overrotation_0p1/seed_0/metrics.json,completed,,,,,,,,0.5244818597508907,,,,,
/scratch/users/jdehoney/eqnn_thesis/data/noisy_comparisons/qiskit_mixed_odd_21032705,/scratch/users/jdehoney/eqnn_thesis/data/noisy_comparisons/qiskit_mixed_odd_21032705/noise_coherent_overrotation_n7,qiskit_mixed,su2_qcnn,7,8,10,1,coherent_overrotation,0.1,/scratch/users/jdehoney/eqnn_thesis/data/noisy_comparisons/qiskit_mixed_odd_21032705/noise_coherent_overrotation_n7/qiskit_mixed/su2_qcnn/n7/train_size_8/epochs_10/noise_coherent_overrotation_0p1/seed_1,/scratch/users/jdehoney/eqnn_thesis/data/noisy_comparisons/qiskit_mixed_odd_21032705/noise_coherent_overrotation_n7/qiskit_mixed/su2_qcnn/n7/train_size_8/epochs_10/noise_coherent_overrotation_0p1/seed_1/metrics.json,completed,,,,,,,,0.49312248545964654,,,,,
/scratch/users/jdehoney/eqnn_thesis/data/noisy_comparisons/qiskit_mixed_odd_21032705,/scratch/users/jdehoney/eqnn_thesis/data/noisy_comparisons/qiskit_mixed_odd_21032705/noise_coherent_overrotation_n7,qiskit_mixed,su2_qcnn,7,8,10,2,coherent_overrotation,0.1,/scratch/users/jdehoney/eqnn_thesis/data/noisy_comparisons/qiskit_mixed_odd_21032705/noise_coherent_overrotation_n7/qiskit_mixed/su2_qcnn/n7/train_size_8/epochs_10/noise_coherent_overrotation_0p1/seed_2,/scratch/users/jdehoney/eqnn_thesis/data/noisy_comparisons/qiskit_mixed_odd_21032705/noise_coherent_overrotation_n7/qiskit_mixed/su2_qcnn/n7/train_size_8/epochs_10/noise_coherent_overrotation_0p1/seed_2/metrics.json,completed,,,,,,,,0.5288319848439413,,,,,
/scratch/users/jdehoney/eqnn_thesis/data/noisy_comparisons/qiskit_mixed_odd_21032705,/scratch/users/jdehoney/eqnn_thesis/data/noisy_comparisons/qiskit_mixed_odd_21032705/noise_coherent_overrotation_n7,qiskit_mixed,su2_qcnn,7,12,10,0,coherent_overrotation,0.0,/scratch/users/jdehoney/eqnn_thesis/data/noisy_comparisons/qiskit_mixed_odd_21032705/noise_coherent_overrotation_n7/qiskit_mixed/su2_qcnn/n7/train_size_12/epochs_10/noise_coherent_overrotation_0/seed_0,/scratch/users/jdehoney/eqnn_thesis/data/noisy_comparisons/qiskit_mixed_odd_21032705/noise_coherent_overrotation_n7/qiskit_mixed/su2_qcnn/n7/train_size_12/epochs_10/noise_coherent_overrotation_0/seed_0/metrics.json,completed,,,,,,,,0.46743177556002474,,,,,
/scratch/users/jdehoney/eqnn_thesis/data/noisy_comparisons/qiskit_mixed_odd_21032705,/scratch/users/jdehoney/eqnn_thesis/data/noisy_comparisons/qiskit_mixed_odd_21032705/noise_coherent_overrotation_n7,qiskit_mixed,su2_qcnn,7,12,10,1,coherent_overrotation,0.0,/scratch/users/jdehoney/eqnn_thesis/data/noisy_comparisons/qiskit_mixed_odd_21032705/noise_coherent_overrotation_n7/qiskit_mixed/su2_qcnn/n7/train_size_12/epochs_10/noise_coherent_overrotation_0/seed_1,/scratch/users/jdehoney/eqnn_thesis/data/noisy_comparisons/qiskit_mixed_odd_21032705/noise_coherent_overrotation_n7/qiskit_mixed/su2_qcnn/n7/train_size_12/epochs_10/noise_coherent_overrotation_0/seed_1/metrics.json,completed,,,,,,,,0.459253570959392,,,,,
/scratch/users/jdehoney/eqnn_thesis/data/noisy_comparisons/qiskit_mixed_odd_21032705,/scratch/users/jdehoney/eqnn_thesis/data/noisy_comparisons/qiskit_mixed_odd_21032705/noise_coherent_overrotation_n7,qiskit_mixed,su2_qcnn,7,12,10,2,coherent_overrotation,0.0,/scratch/users/jdehoney/eqnn_thesis/data/noisy_comparisons/qiskit_mixed_odd_21032705/noise_coherent_overrotation_n7/qiskit_mixed/su2_qcnn/n7/train_size_12/epochs_10/noise_coherent_overrotation_0/seed_2,/scratch/users/jdehoney/eqnn_thesis/data/noisy_comparisons/qiskit_mixed_odd_21032705/noise_coherent_overrotation_n7/qiskit_mixed/su2_qcnn/n7/train_size_12/epochs_10/noise_coherent_overrotation_0/seed_2/metrics.json,completed,,,,,,,,0.4651310001547156,,,,,
/scratch/users/jdehoney/eqnn_thesis/data/noisy_comparisons/qiskit_mixed_odd_21032705,/scratch/users/jdehoney/eqnn_thesis/data/noisy_comparisons/qiskit_mixed_odd_21032705/noise_coherent_overrotation_n7,qiskit_mixed,su2_qcnn,7,12,10,0,coherent_overrotation,0.001,/scratch/users/jdehoney/eqnn_thesis/data/noisy_comparisons/qiskit_mixed_odd_21032705/noise_coherent_overrotation_n7/qiskit_mixed/su2_qcnn/n7/train_size_12/epochs_10/noise_coherent_overrotation_0p001/seed_0,/scratch/users/jdehoney/eqnn_thesis/data/noisy_comparisons/qiskit_mixed_odd_21032705/noise_coherent_overrotation_n7/qiskit_mixed/su2_qcnn/n7/train_size_12/epochs_10/noise_coherent_overrotation_0p001/seed_0/metrics.json,completed,,,,,,,,0.4674272768141349,,,,,
/scratch/users/jdehoney/eqnn_thesis/data/noisy_comparisons/qiskit_mixed_odd_21032705,/scratch/users/jdehoney/eqnn_thesis/data/noisy_comparisons/qiskit_mixed_odd_21032705/noise_coherent_overrotation_n7,qiskit_mixed,su2_qcnn,7,12,10,1,coherent_overrotation,0.001,/scratch/users/jdehoney/eqnn_thesis/data/noisy_comparisons/qiskit_mixed_odd_21032705/noise_coherent_overrotation_n7/qiskit_mixed/su2_qcnn/n7/train_size_12/epochs_10/noise_coherent_overrotation_0p001/seed_1,/scratch/users/jdehoney/eqnn_thesis/data/noisy_comparisons/qiskit_mixed_odd_21032705/noise_coherent_overrotation_n7/qiskit_mixed/su2_qcnn/n7/train_size_12/epochs_10/noise_coherent_overrotation_0p001/seed_1/metrics.json,completed,,,,,,,,0.45932338907707126,,,,,
/scratch/users/jdehoney/eqnn_thesis/data/noisy_comparisons/qiskit_mixed_odd_21032705,/scratch/users/jdehoney/eqnn_thesis/data/noisy_comparisons/qiskit_mixed_odd_21032705/noise_coherent_overrotation_n7,qiskit_mixed,su2_qcnn,7,12,10,2,coherent_overrotation,0.001,/scratch/users/jdehoney/eqnn_thesis/data/noisy_comparisons/qiskit_mixed_odd_21032705/noise_coherent_overrotation_n7/qiskit_mixed/su2_qcnn/n7/train_size_12/epochs_10/noise_coherent_overrotation_0p001/seed_2,/scratch/users/jdehoney/eqnn_thesis/data/noisy_comparisons/qiskit_mixed_odd_21032705/noise_coherent_overrotation_n7/qiskit_mixed/su2_qcnn/n7/train_size_12/epochs_10/noise_coherent_overrotation_0p001/seed_2/metrics.json,completed,,,,,,,,0.46515754349282723,,,,,
/scratch/users/jdehoney/eqnn_thesis/data/noisy_comparisons/qiskit_mixed_odd_21032705,/scratch/users/jdehoney/eqnn_thesis/data/noisy_comparisons/qiskit_mixed_odd_21032705/noise_coherent_overrotation_n7,qiskit_mixed,su2_qcnn,7,12,10,0,coherent_overrotation,0.005,/scratch/users/jdehoney/eqnn_thesis/data/noisy_comparisons/qiskit_mixed_odd_21032705/noise_coherent_overrotation_n7/qiskit_mixed/su2_qcnn/n7/train_size_12/epochs_10/noise_coherent_overrotation_0p005/seed_0,/scratch/users/jdehoney/eqnn_thesis/data/noisy_comparisons/qiskit_mixed_odd_21032705/noise_coherent_overrotation_n7/qiskit_mixed/su2_qcnn/n7/train_size_12/epochs_10/noise_coherent_overrotation_0p005/seed_0/metrics.json,completed,,,,,,,,0.46738845084598,,,,,
/scratch/users/jdehoney/eqnn_thesis/data/noisy_comparisons/qiskit_mixed_odd_21032705,/scratch/users/jdehoney/eqnn_thesis/data/noisy_comparisons/qiskit_mixed_odd_21032705/noise_coherent_overrotation_n7,qiskit_mixed,su2_qcnn,7,12,10,1,coherent_overrotation,0.005,/scratch/users/jdehoney/eqnn_thesis/data/noisy_comparisons/qiskit_mixed_odd_21032705/noise_coherent_overrotation_n7/qiskit_mixed/su2_qcnn/n7/train_size_12/epochs_10/noise_coherent_overrotation_0p005/seed_1,/scratch/users/jdehoney/eqnn_thesis/data/noisy_comparisons/qiskit_mixed_odd_21032705/noise_coherent_overrotation_n7/qiskit_mixed/su2_qcnn/n7/train_size_12/epochs_10/noise_coherent_overrotation_0p005/seed_1/metrics.json,completed,,,,,,,,0.4596884414934046,,,,,
/scratch/users/jdehoney/eqnn_thesis/data/noisy_comparisons/qiskit_mixed_odd_21032705,/scratch/users/jdehoney/eqnn_thesis/data/noisy_comparisons/qiskit_mixed_odd_21032705/noise_coherent_overrotation_n7,qiskit_mixed,su2_qcnn,7,12,10,2,coherent_overrotation,0.005,/scratch/users/jdehoney/eqnn_thesis/data/noisy_comparisons/qiskit_mixed_odd_21032705/noise_coherent_overrotation_n7/qiskit_mixed/su2_qcnn/n7/train_size_12/epochs_10/noise_coherent_overrotation_0p005/seed_2,/scratch/users/jdehoney/eqnn_thesis/data/noisy_comparisons/qiskit_mixed_odd_21032705/noise_coherent_overrotation_n7/qiskit_mixed/su2_qcnn/n7/train_size_12/epochs_10/noise_coherent_overrotation_0p005/seed_2/metrics.json,completed,,,,,,,,0.46526111228508094,,,,,
/scratch/users/jdehoney/eqnn_thesis/data/noisy_comparisons/qiskit_mixed_odd_21032705,/scratch/users/jdehoney/eqnn_thesis/data/noisy_comparisons/qiskit_mixed_odd_21032705/noise_coherent_overrotation_n7,qiskit_mixed,su2_qcnn,7,12,10,0,coherent_overrotation,0.01,/scratch/users/jdehoney/eqnn_thesis/data/noisy_comparisons/qiskit_mixed_odd_21032705/noise_coherent_overrotation_n7/qiskit_mixed/su2_qcnn/n7/train_size_12/epochs_10/noise_coherent_overrotation_0p01/seed_0,/scratch/users/jdehoney/eqnn_thesis/data/noisy_comparisons/qiskit_mixed_odd_21032705/noise_coherent_overrotation_n7/qiskit_mixed/su2_qcnn/n7/train_size_12/epochs_10/noise_coherent_overrotation_0p01/seed_0/metrics.json,completed,,,,,,,,0.46729608009778856,,,,,
/scratch/users/jdehoney/eqnn_thesis/data/noisy_comparisons/qiskit_mixed_odd_21032705,/scratch/users/jdehoney/eqnn_thesis/data/noisy_comparisons/qiskit_mixed_odd_21032705/noise_coherent_overrotation_n7,qiskit_mixed,su2_qcnn,7,12,10,1,coherent_overrotation,0.01,/scratch/users/jdehoney/eqnn_thesis/data/noisy_comparisons/qiskit_mixed_odd_21032705/noise_coherent_overrotation_n7/qiskit_mixed/su2_qcnn/n7/train_size_12/epochs_10/noise_coherent_overrotation_0p01/seed_1,/scratch/users/jdehoney/eqnn_thesis/data/noisy_comparisons/qiskit_mixed_odd_21032705/noise_coherent_overrotation_n7/qiskit_mixed/su2_qcnn/n7/train_size_12/epochs_10/noise_coherent_overrotation_0p01/seed_1/metrics.json,completed,,,,,,,,0.46038821562790544,,,,,
/scratch/users/jdehoney/eqnn_thesis/data/noisy_comparisons/qiskit_mixed_odd_21032705,/scratch/users/jdehoney/eqnn_thesis/data/noisy_comparisons/qiskit_mixed_odd_21032705/noise_coherent_overrotation_n7,qiskit_mixed,su2_qcnn,7,12,10,2,coherent_overrotation,0.01,/scratch/users/jdehoney/eqnn_thesis/data/noisy_comparisons/qiskit_mixed_odd_21032705/noise_coherent_overrotation_n7/qiskit_mixed/su2_qcnn/n7/train_size_12/epochs_10/noise_coherent_overrotation_0p01/seed_2,/scratch/users/jdehoney/eqnn_thesis/data/noisy_comparisons/qiskit_mixed_odd_21032705/noise_coherent_overrotation_n7/qiskit_mixed/su2_qcnn/n7/train_size_12/epochs_10/noise_coherent_overrotation_0p01/seed_2/metrics.json,completed,,,,,,,,0.4653844500075219,,,,,
/scratch/users/jdehoney/eqnn_thesis/data/noisy_comparisons/qiskit_mixed_odd_21032705,/scratch/users/jdehoney/eqnn_thesis/data/noisy_comparisons/qiskit_mixed_odd_21032705/noise_coherent_overrotation_n7,qiskit_mixed,su2_qcnn,7,12,10,0,coherent_overrotation,0.05,/scratch/users/jdehoney/eqnn_thesis/data/noisy_comparisons/qiskit_mixed_odd_21032705/noise_coherent_overrotation_n7/qiskit_mixed/su2_qcnn/n7/train_size_12/epochs_10/noise_coherent_overrotation_0p05/seed_0,/scratch/users/jdehoney/eqnn_thesis/data/noisy_comparisons/qiskit_mixed_odd_21032705/noise_coherent_overrotation_n7/qiskit_mixed/su2_qcnn/n7/train_size_12/epochs_10/noise_coherent_overrotation_0p05/seed_0/metrics.json,completed,,,,,,,,0.46543006400863296,,,,,
/scratch/users/jdehoney/eqnn_thesis/data/noisy_comparisons/qiskit_mixed_odd_21032705,/scratch/users/jdehoney/eqnn_thesis/data/noisy_comparisons/qiskit_mixed_odd_21032705/noise_coherent_overrotation_n7,qiskit_mixed,su2_qcnn,7,12,10,1,coherent_overrotation,0.05,/scratch/users/jdehoney/eqnn_thesis/data/noisy_comparisons/qiskit_mixed_odd_21032705/noise_coherent_overrotation_n7/qiskit_mixed/su2_qcnn/n7/train_size_12/epochs_10/noise_coherent_overrotation_0p05/seed_1,/scratch/users/jdehoney/eqnn_thesis/data/noisy_comparisons/qiskit_mixed_odd_21032705/noise_coherent_overrotation_n7/qiskit_mixed/su2_qcnn/n7/train_size_12/epochs_10/noise_coherent_overrotation_0p05/seed_1/metrics.json,completed,,,,,,,,0.4835973024696927,,,,,
/scratch/users/jdehoney/eqnn_thesis/data/noisy_comparisons/qiskit_mixed_odd_21032705,/scratch/users/jdehoney/eqnn_thesis/data/noisy_comparisons/qiskit_mixed_odd_21032705/noise_coherent_overrotation_n7,qiskit_mixed,su2_qcnn,7,12,10,2,coherent_overrotation,0.05,/scratch/users/jdehoney/eqnn_thesis/data/noisy_comparisons/qiskit_mixed_odd_21032705/noise_coherent_overrotation_n7/qiskit_mixed/su2_qcnn/n7/train_size_12/epochs_10/noise_coherent_overrotation_0p05/seed_2,/scratch/users/jdehoney/eqnn_thesis/data/noisy_comparisons/qiskit_mixed_odd_21032705/noise_coherent_overrotation_n7/qiskit_mixed/su2_qcnn/n7/train_size_12/epochs_10/noise_coherent_overrotation_0p05/seed_2/metrics.json,completed,,,,,,,,0.4661031749727719,,,,,
/scratch/users/jdehoney/eqnn_thesis/data/noisy_comparisons/qiskit_mixed_odd_21032705,/scratch/users/jdehoney/eqnn_thesis/data/noisy_comparisons/qiskit_mixed_odd_21032705/noise_coherent_overrotation_n7,qiskit_mixed,su2_qcnn,7,12,10,0,coherent_overrotation,0.1,/scratch/users/jdehoney/eqnn_thesis/data/noisy_comparisons/qiskit_mixed_odd_21032705/noise_coherent_overrotation_n7/qiskit_mixed/su2_qcnn/n7/train_size_12/epochs_10/noise_coherent_overrotation_0p1/seed_0,/scratch/users/jdehoney/eqnn_thesis/data/noisy_comparisons/qiskit_mixed_odd_21032705/noise_coherent_overrotation_n7/qiskit_mixed/su2_qcnn/n7/train_size_12/epochs_10/noise_coherent_overrotation_0p1/seed_0/metrics.json,completed,,,,,,,,0.4628377843150997,,,,,
/scratch/users/jdehoney/eqnn_thesis/data/noisy_comparisons/qiskit_mixed_odd_21032705,/scratch/users/jdehoney/eqnn_thesis/data/noisy_comparisons/qiskit_mixed_odd_21032705/noise_coherent_overrotation_n7,qiskit_mixed,su2_qcnn,7,12,10,1,coherent_overrotation,0.1,/scratch/users/jdehoney/eqnn_thesis/data/noisy_comparisons/qiskit_mixed_odd_21032705/noise_coherent_overrotation_n7/qiskit_mixed/su2_qcnn/n7/train_size_12/epochs_10/noise_coherent_overrotation_0p1/seed_1,/scratch/users/jdehoney/eqnn_thesis/data/noisy_comparisons/qiskit_mixed_odd_21032705/noise_coherent_overrotation_n7/qiskit_mixed/su2_qcnn/n7/train_size_12/epochs_10/noise_coherent_overrotation_0p1/seed_1/metrics.json,completed,,,,,,,,0.48863805398416715,,,,,
/scratch/users/jdehoney/eqnn_thesis/data/noisy_comparisons/qiskit_mixed_odd_21032705,/scratch/users/jdehoney/eqnn_thesis/data/noisy_comparisons/qiskit_mixed_odd_21032705/noise_coherent_overrotation_n7,qiskit_mixed,su2_qcnn,7,12,10,2,coherent_overrotation,0.1,/scratch/users/jdehoney/eqnn_thesis/data/noisy_comparisons/qiskit_mixed_odd_21032705/noise_coherent_overrotation_n7/qiskit_mixed/su2_qcnn/n7/train_size_12/epochs_10/noise_coherent_overrotation_0p1/seed_2,/scratch/users/jdehoney/eqnn_thesis/data/noisy_comparisons/qiskit_mixed_odd_21032705/noise_coherent_overrotation_n7/qiskit_mixed/su2_qcnn/n7/train_size_12/epochs_10/noise_coherent_overrotation_0p1/seed_2/metrics.json,completed,,,,,,,,0.46646832085491796,,,,,
/scratch/users/jdehoney/eqnn_thesis/data/noisy_comparisons/qiskit_mixed_odd_21032705,/scratch/users/jdehoney/eqnn_thesis/data/noisy_comparisons/qiskit_mixed_odd_21032705/noise_coherent_overrotation_n7,qiskit_mixed,su2_qcnn,7,16,10,0,coherent_overrotation,0.0,/scratch/users/jdehoney/eqnn_thesis/data/noisy_comparisons/qiskit_mixed_odd_21032705/noise_coherent_overrotation_n7/qiskit_mixed/su2_qcnn/n7/train_size_16/epochs_10/noise_coherent_overrotation_0/seed_0,/scratch/users/jdehoney/eqnn_thesis/data/noisy_comparisons/qiskit_mixed_odd_21032705/noise_coherent_overrotation_n7/qiskit_mixed/su2_qcnn/n7/train_size_16/epochs_10/noise_coherent_overrotation_0/seed_0/metrics.json,completed,,,,,,,,0.49955576036632243,,,,,
/scratch/users/jdehoney/eqnn_thesis/data/noisy_comparisons/qiskit_mixed_odd_21032705,/scratch/users/jdehoney/eqnn_thesis/data/noisy_comparisons/qiskit_mixed_odd_21032705/noise_coherent_overrotation_n7,qiskit_mixed,su2_qcnn,7,16,10,1,coherent_overrotation,0.0,/scratch/users/jdehoney/eqnn_thesis/data/noisy_comparisons/qiskit_mixed_odd_21032705/noise_coherent_overrotation_n7/qiskit_mixed/su2_qcnn/n7/train_size_16/epochs_10/noise_coherent_overrotation_0/seed_1,/scratch/users/jdehoney/eqnn_thesis/data/noisy_comparisons/qiskit_mixed_odd_21032705/noise_coherent_overrotation_n7/qiskit_mixed/su2_qcnn/n7/train_size_16/epochs_10/noise_coherent_overrotation_0/seed_1/metrics.json,completed,,,,,,,,0.48294707396058467,,,,,
/scratch/users/jdehoney/eqnn_thesis/data/noisy_comparisons/qiskit_mixed_odd_21032705,/scratch/users/jdehoney/eqnn_thesis/data/noisy_comparisons/qiskit_mixed_odd_21032705/noise_coherent_overrotation_n7,qiskit_mixed,su2_qcnn,7,16,10,2,coherent_overrotation,0.0,/scratch/users/jdehoney/eqnn_thesis/data/noisy_comparisons/qiskit_mixed_odd_21032705/noise_coherent_overrotation_n7/qiskit_mixed/su2_qcnn/n7/train_size_16/epochs_10/noise_coherent_overrotation_0/seed_2,/scratch/users/jdehoney/eqnn_thesis/data/noisy_comparisons/qiskit_mixed_odd_21032705/noise_coherent_overrotation_n7/qiskit_mixed/su2_qcnn/n7/train_size_16/epochs_10/noise_coherent_overrotation_0/seed_2/metrics.json,completed,,,,,,,,0.4681214165979988,,,,,
/scratch/users/jdehoney/eqnn_thesis/data/noisy_comparisons/qiskit_mixed_odd_21032705,/scratch/users/jdehoney/eqnn_thesis/data/noisy_comparisons/qiskit_mixed_odd_21032705/noise_coherent_overrotation_n7,qiskit_mixed,su2_qcnn,7,16,10,0,coherent_overrotation,0.001,/scratch/users/jdehoney/eqnn_thesis/data/noisy_comparisons/qiskit_mixed_odd_21032705/noise_coherent_overrotation_n7/qiskit_mixed/su2_qcnn/n7/train_size_16/epochs_10/noise_coherent_overrotation_0p001/seed_0,/scratch/users/jdehoney/eqnn_thesis/data/noisy_comparisons/qiskit_mixed_odd_21032705/noise_coherent_overrotation_n7/qiskit_mixed/su2_qcnn/n7/train_size_16/epochs_10/noise_coherent_overrotation_0p001/seed_0/metrics.json,completed,,,,,,,,0.49932170657275105,,,,,
/scratch/users/jdehoney/eqnn_thesis/data/noisy_comparisons/qiskit_mixed_odd_21032705,/scratch/users/jdehoney/eqnn_thesis/data/noisy_comparisons/qiskit_mixed_odd_21032705/noise_coherent_overrotation_n7,qiskit_mixed,su2_qcnn,7,16,10,1,coherent_overrotation,0.001,/scratch/users/jdehoney/eqnn_thesis/data/noisy_comparisons/qiskit_mixed_odd_21032705/noise_coherent_overrotation_n7/qiskit_mixed/su2_qcnn/n7/train_size_16/epochs_10/noise_coherent_overrotation_0p001/seed_1,/scratch/users/jdehoney/eqnn_thesis/data/noisy_comparisons/qiskit_mixed_odd_21032705/noise_coherent_overrotation_n7/qiskit_mixed/su2_qcnn/n7/train_size_16/epochs_10/noise_coherent_overrotation_0p001/seed_1/metrics.json,completed,,,,,,,,0.48314474185788636,,,,,
/scratch/users/jdehoney/eqnn_thesis/data/noisy_comparisons/qiskit_mixed_odd_21032705,/scratch/users/jdehoney/eqnn_thesis/data/noisy_comparisons/qiskit_mixed_odd_21032705/noise_coherent_overrotation_n7,qiskit_mixed,su2_qcnn,7,16,10,2,coherent_overrotation,0.001,/scratch/users/jdehoney/eqnn_thesis/data/noisy_comparisons/qiskit_mixed_odd_21032705/noise_coherent_overrotation_n7/qiskit_mixed/su2_qcnn/n7/train_size_16/epochs_10/noise_coherent_overrotation_0p001/seed_2,/scratch/users/jdehoney/eqnn_thesis/data/noisy_comparisons/qiskit_mixed_odd_21032705/noise_coherent_overrotation_n7/qiskit_mixed/su2_qcnn/n7/train_size_16/epochs_10/noise_coherent_overrotation_0p001/seed_2/metrics.json,completed,,,,,,,,0.46815975981452007,,,,,
/scratch/users/jdehoney/eqnn_thesis/data/noisy_comparisons/qiskit_mixed_odd_21032705,/scratch/users/jdehoney/eqnn_thesis/data/noisy_comparisons/qiskit_mixed_odd_21032705/noise_coherent_overrotation_n7,qiskit_mixed,su2_qcnn,7,16,10,0,coherent_overrotation,0.005,/scratch/users/jdehoney/eqnn_thesis/data/noisy_comparisons/qiskit_mixed_odd_21032705/noise_coherent_overrotation_n7/qiskit_mixed/su2_qcnn/n7/train_size_16/epochs_10/noise_coherent_overrotation_0p005/seed_0,/scratch/users/jdehoney/eqnn_thesis/data/noisy_comparisons/qiskit_mixed_odd_21032705/noise_coherent_overrotation_n7/qiskit_mixed/su2_qcnn/n7/train_size_16/epochs_10/noise_coherent_overrotation_0p005/seed_0/metrics.json,completed,,,,,,,,0.49840250694292776,,,,,
/scratch/users/jdehoney/eqnn_thesis/data/noisy_comparisons/qiskit_mixed_odd_21032705,/scratch/users/jdehoney/eqnn_thesis/data/noisy_comparisons/qiskit_mixed_odd_21032705/noise_coherent_overrotation_n7,qiskit_mixed,su2_qcnn,7,16,10,1,coherent_overrotation,0.005,/scratch/users/jdehoney/eqnn_thesis/data/noisy_comparisons/qiskit_mixed_odd_21032705/noise_coherent_overrotation_n7/qiskit_mixed/su2_qcnn/n7/train_size_16/epochs_10/noise_coherent_overrotation_0p005/seed_1,/scratch/users/jdehoney/eqnn_thesis/data/noisy_comparisons/qiskit_mixed_odd_21032705/noise_coherent_overrotation_n7/qiskit_mixed/su2_qcnn/n7/train_size_16/epochs_10/noise_coherent_overrotation_0p005/seed_1/metrics.json,completed,,,,,,,,0.4836686020218023,,,,,
/scratch/users/jdehoney/eqnn_thesis/data/noisy_comparisons/qiskit_mixed_odd_21032705,/scratch/users/jdehoney/eqnn_thesis/data/noisy_comparisons/qiskit_mixed_odd_21032705/noise_coherent_overrotation_n7,qiskit_mixed,su2_qcnn,7,16,10,2,coherent_overrotation,0.005,/scratch/users/jdehoney/eqnn_thesis/data/noisy_comparisons/qiskit_mixed_odd_21032705/noise_coherent_overrotation_n7/qiskit_mixed/su2_qcnn/n7/train_size_16/epochs_10/noise_coherent_overrotation_0p005/seed_2,/scratch/users/jdehoney/eqnn_thesis/data/noisy_comparisons/qiskit_mixed_odd_21032705/noise_coherent_overrotation_n7/qiskit_mixed/su2_qcnn/n7/train_size_16/epochs_10/noise_coherent_overrotation_0p005/seed_2/metrics.json,completed,,,,,,,,0.46823499809900715,,,,,
/scratch/users/jdehoney/eqnn_thesis/data/noisy_comparisons/qiskit_mixed_odd_21032705,/scratch/users/jdehoney/eqnn_thesis/data/noisy_comparisons/qiskit_mixed_odd_21032705/noise_coherent_overrotation_n7,qiskit_mixed,su2_qcnn,7,16,10,0,coherent_overrotation,0.01,/scratch/users/jdehoney/eqnn_thesis/data/noisy_comparisons/qiskit_mixed_odd_21032705/noise_coherent_overrotation_n7/qiskit_mixed/su2_qcnn/n7/train_size_16/epochs_10/noise_coherent_overrotation_0p01/seed_0,/scratch/users/jdehoney/eqnn_thesis/data/noisy_comparisons/qiskit_mixed_odd_21032705/noise_coherent_overrotation_n7/qiskit_mixed/su2_qcnn/n7/train_size_16/epochs_10/noise_coherent_overrotation_0p01/seed_0/metrics.json,completed,,,,,,,,0.49729245927944743,,,,,
/scratch/users/jdehoney/eqnn_thesis/data/noisy_comparisons/qiskit_mixed_odd_21032705,/scratch/users/jdehoney/eqnn_thesis/data/noisy_comparisons/qiskit_mixed_odd_21032705/noise_coherent_overrotation_n7,qiskit_mixed,su2_qcnn,7,16,10,1,coherent_overrotation,0.01,/scratch/users/jdehoney/eqnn_thesis/data/noisy_comparisons/qiskit_mixed_odd_21032705/noise_coherent_overrotation_n7/qiskit_mixed/su2_qcnn/n7/train_size_16/epochs_10/noise_coherent_overrotation_0p01/seed_1,/scratch/users/jdehoney/eqnn_thesis/data/noisy_comparisons/qiskit_mixed_odd_21032705/noise_coherent_overrotation_n7/qiskit_mixed/su2_qcnn/n7/train_size_16/epochs_10/noise_coherent_overrotation_0p01/seed_1/metrics.json,completed,,,,,,,,0.4837899260704061,,,,,
/scratch/users/jdehoney/eqnn_thesis/data/noisy_comparisons/qiskit_mixed_odd_21032705,/scratch/users/jdehoney/eqnn_thesis/data/noisy_comparisons/qiskit_mixed_odd_21032705/noise_coherent_overrotation_n7,qiskit_mixed,su2_qcnn,7,16,10,2,coherent_overrotation,0.01,/scratch/users/jdehoney/eqnn_thesis/data/noisy_comparisons/qiskit_mixed_odd_21032705/noise_coherent_overrotation_n7/qiskit_mixed/su2_qcnn/n7/train_size_16/epochs_10/noise_coherent_overrotation_0p01/seed_2,/scratch/users/jdehoney/eqnn_thesis/data/noisy_comparisons/qiskit_mixed_odd_21032705/noise_coherent_overrotation_n7/qiskit_mixed/su2_qcnn/n7/train_size_16/epochs_10/noise_coherent_overrotation_0p01/seed_2/metrics.json,completed,,,,,,,,0.46817599849419855,,,,,
/scratch/users/jdehoney/eqnn_thesis/data/noisy_comparisons/qiskit_mixed_odd_21032705,/scratch/users/jdehoney/eqnn_thesis/data/noisy_comparisons/qiskit_mixed_odd_21032705/noise_coherent_overrotation_n7,qiskit_mixed,su2_qcnn,7,16,10,0,coherent_overrotation,0.05,/scratch/users/jdehoney/eqnn_thesis/data/noisy_comparisons/qiskit_mixed_odd_21032705/noise_coherent_overrotation_n7/qiskit_mixed/su2_qcnn/n7/train_size_16/epochs_10/noise_coherent_overrotation_0p05/seed_0,/scratch/users/jdehoney/eqnn_thesis/data/noisy_comparisons/qiskit_mixed_odd_21032705/noise_coherent_overrotation_n7/qiskit_mixed/su2_qcnn/n7/train_size_16/epochs_10/noise_coherent_overrotation_0p05/seed_0/metrics.json,completed,,,,,,,,0.49006032741969885,,,,,
/scratch/users/jdehoney/eqnn_thesis/data/noisy_comparisons/qiskit_mixed_odd_21032705,/scratch/users/jdehoney/eqnn_thesis/data/noisy_comparisons/qiskit_mixed_odd_21032705/noise_coherent_overrotation_n7,qiskit_mixed,su2_qcnn,7,16,10,1,coherent_overrotation,0.05,/scratch/users/jdehoney/eqnn_thesis/data/noisy_comparisons/qiskit_mixed_odd_21032705/noise_coherent_overrotation_n7/qiskit_mixed/su2_qcnn/n7/train_size_16/epochs_10/noise_coherent_overrotation_0p05/seed_1,/scratch/users/jdehoney/eqnn_thesis/data/noisy_comparisons/qiskit_mixed_odd_21032705/noise_coherent_overrotation_n7/qiskit_mixed/su2_qcnn/n7/train_size_16/epochs_10/noise_coherent_overrotation_0p05/seed_1/metrics.json,completed,,,,,,,,0.4757167592714574,,,,,
/scratch/users/jdehoney/eqnn_thesis/data/noisy_comparisons/qiskit_mixed_odd_21032705,/scratch/users/jdehoney/eqnn_thesis/data/noisy_comparisons/qiskit_mixed_odd_21032705/noise_coherent_overrotation_n7,qiskit_mixed,su2_qcnn,7,16,10,2,coherent_overrotation,0.05,/scratch/users/jdehoney/eqnn_thesis/data/noisy_comparisons/qiskit_mixed_odd_21032705/noise_coherent_overrotation_n7/qiskit_mixed/su2_qcnn/n7/train_size_16/epochs_10/noise_coherent_overrotation_0p05/seed_2,/scratch/users/jdehoney/eqnn_thesis/data/noisy_comparisons/qiskit_mixed_odd_21032705/noise_coherent_overrotation_n7/qiskit_mixed/su2_qcnn/n7/train_size_16/epochs_10/noise_coherent_overrotation_0p05/seed_2/metrics.json,completed,,,,,,,,0.4648324713178028,,,,,
/scratch/users/jdehoney/eqnn_thesis/data/noisy_comparisons/qiskit_mixed_odd_21032705,/scratch/users/jdehoney/eqnn_thesis/data/noisy_comparisons/qiskit_mixed_odd_21032705/noise_coherent_overrotation_n7,qiskit_mixed,su2_qcnn,7,16,10,0,coherent_overrotation,0.1,/scratch/users/jdehoney/eqnn_thesis/data/noisy_comparisons/qiskit_mixed_odd_21032705/noise_coherent_overrotation_n7/qiskit_mixed/su2_qcnn/n7/train_size_16/epochs_10/noise_coherent_overrotation_0p1/seed_0,/scratch/users/jdehoney/eqnn_thesis/data/noisy_comparisons/qiskit_mixed_odd_21032705/noise_coherent_overrotation_n7/qiskit_mixed/su2_qcnn/n7/train_size_16/epochs_10/noise_coherent_overrotation_0p1/seed_0/metrics.json,completed,,,,,,,,0.48544124520514115,,,,,
/scratch/users/jdehoney/eqnn_thesis/data/noisy_comparisons/qiskit_mixed_odd_21032705,/scratch/users/jdehoney/eqnn_thesis/data/noisy_comparisons/qiskit_mixed_odd_21032705/noise_coherent_overrotation_n7,qiskit_mixed,su2_qcnn,7,16,10,1,coherent_overrotation,0.1,/scratch/users/jdehoney/eqnn_thesis/data/noisy_comparisons/qiskit_mixed_odd_21032705/noise_coherent_overrotation_n7/qiskit_mixed/su2_qcnn/n7/train_size_16/epochs_10/noise_coherent_overrotation_0p1/seed_1,/scratch/users/jdehoney/eqnn_thesis/data/noisy_comparisons/qiskit_mixed_odd_21032705/noise_coherent_overrotation_n7/qiskit_mixed/su2_qcnn/n7/train_size_16/epochs_10/noise_coherent_overrotation_0p1/seed_1/metrics.json,completed,,,,,,,,0.4696970943377824,,,,,
/scratch/users/jdehoney/eqnn_thesis/data/noisy_comparisons/qiskit_mixed_odd_21032705,/scratch/users/jdehoney/eqnn_thesis/data/noisy_comparisons/qiskit_mixed_odd_21032705/noise_coherent_overrotation_n7,qiskit_mixed,su2_qcnn,7,16,10,2,coherent_overrotation,0.1,/scratch/users/jdehoney/eqnn_thesis/data/noisy_comparisons/qiskit_mixed_odd_21032705/noise_coherent_overrotation_n7/qiskit_mixed/su2_qcnn/n7/train_size_16/epochs_10/noise_coherent_overrotation_0p1/seed_2,/scratch/users/jdehoney/eqnn_thesis/data/noisy_comparisons/qiskit_mixed_odd_21032705/noise_coherent_overrotation_n7/qiskit_mixed/su2_qcnn/n7/train_size_16/epochs_10/noise_coherent_overrotation_0p1/seed_2/metrics.json,completed,,,,,,,,0.46066099658994586,,,,,
/scratch/users/jdehoney/eqnn_thesis/data/noisy_comparisons/qiskit_mixed_odd_21032705,/scratch/users/jdehoney/eqnn_thesis/data/noisy_comparisons/qiskit_mixed_odd_21032705/noise_depolarizing_n7,qiskit_mixed,hea_qcnn,7,4,10,0,depolarizing,0.0,/scratch/users/jdehoney/eqnn_thesis/data/noisy_comparisons/qiskit_mixed_odd_21032705/noise_depolarizing_n7/qiskit_mixed/hea_qcnn/n7/train_size_4/epochs_10/noise_depolarizing_0/seed_0,/scratch/users/jdehoney/eqnn_thesis/data/noisy_comparisons/qiskit_mixed_odd_21032705/noise_depolarizing_n7/qiskit_mixed/hea_qcnn/n7/train_size_4/epochs_10/noise_depolarizing_0/seed_0/metrics.json,completed,,,,,,,,0.6911106618159293,,,,,
/scratch/users/jdehoney/eqnn_thesis/data/noisy_comparisons/qiskit_mixed_odd_21032705,/scratch/users/jdehoney/eqnn_thesis/data/noisy_comparisons/qiskit_mixed_odd_21032705/noise_depolarizing_n7,qiskit_mixed,hea_qcnn,7,4,10,1,depolarizing,0.0,/scratch/users/jdehoney/eqnn_thesis/data/noisy_comparisons/qiskit_mixed_odd_21032705/noise_depolarizing_n7/qiskit_mixed/hea_qcnn/n7/train_size_4/epochs_10/noise_depolarizing_0/seed_1,/scratch/users/jdehoney/eqnn_thesis/data/noisy_comparisons/qiskit_mixed_odd_21032705/noise_depolarizing_n7/qiskit_mixed/hea_qcnn/n7/train_size_4/epochs_10/noise_depolarizing_0/seed_1/metrics.json,completed,,,,,,,,0.6380343297615148,,,,,
/scratch/users/jdehoney/eqnn_thesis/data/noisy_comparisons/qiskit_mixed_odd_21032705,/scratch/users/jdehoney/eqnn_thesis/data/noisy_comparisons/qiskit_mixed_odd_21032705/noise_depolarizing_n7,qiskit_mixed,hea_qcnn,7,4,10,2,depolarizing,0.0,/scratch/users/jdehoney/eqnn_thesis/data/noisy_comparisons/qiskit_mixed_odd_21032705/noise_depolarizing_n7/qiskit_mixed/hea_qcnn/n7/train_size_4/epochs_10/noise_depolarizing_0/seed_2,/scratch/users/jdehoney/eqnn_thesis/data/noisy_comparisons/qiskit_mixed_odd_21032705/noise_depolarizing_n7/qiskit_mixed/hea_qcnn/n7/train_size_4/epochs_10/noise_depolarizing_0/seed_2/metrics.json,completed,,,,,,,,0.6703927625181701,,,,,
/scratch/users/jdehoney/eqnn_thesis/data/noisy_comparisons/qiskit_mixed_odd_21032705,/scratch/users/jdehoney/eqnn_thesis/data/noisy_comparisons/qiskit_mixed_odd_21032705/noise_depolarizing_n7,qiskit_mixed,hea_qcnn,7,4,10,0,depolarizing,0.001,/scratch/users/jdehoney/eqnn_thesis/data/noisy_comparisons/qiskit_mixed_odd_21032705/noise_depolarizing_n7/qiskit_mixed/hea_qcnn/n7/train_size_4/epochs_10/noise_depolarizing_0p001/seed_0,/scratch/users/jdehoney/eqnn_thesis/data/noisy_comparisons/qiskit_mixed_odd_21032705/noise_depolarizing_n7/qiskit_mixed/hea_qcnn/n7/train_size_4/epochs_10/noise_depolarizing_0p001/seed_0/metrics.json,completed,,,,,,,,0.6923258652723219,,,,,
/scratch/users/jdehoney/eqnn_thesis/data/noisy_comparisons/qiskit_mixed_odd_21032705,/scratch/users/jdehoney/eqnn_thesis/data/noisy_comparisons/qiskit_mixed_odd_21032705/noise_depolarizing_n7,qiskit_mixed,hea_qcnn,7,4,10,1,depolarizing,0.001,/scratch/users/jdehoney/eqnn_thesis/data/noisy_comparisons/qiskit_mixed_odd_21032705/noise_depolarizing_n7/qiskit_mixed/hea_qcnn/n7/train_size_4/epochs_10/noise_depolarizing_0p001/seed_1,/scratch/users/jdehoney/eqnn_thesis/data/noisy_comparisons/qiskit_mixed_odd_21032705/noise_depolarizing_n7/qiskit_mixed/hea_qcnn/n7/train_size_4/epochs_10/noise_depolarizing_0p001/seed_1/metrics.json,completed,,,,,,,,0.638684468758195,,,,,
/scratch/users/jdehoney/eqnn_thesis/data/noisy_comparisons/qiskit_mixed_odd_21032705,/scratch/users/jdehoney/eqnn_thesis/data/noisy_comparisons/qiskit_mixed_odd_21032705/noise_depolarizing_n7,qiskit_mixed,hea_qcnn,7,4,10,2,depolarizing,0.001,/scratch/users/jdehoney/eqnn_thesis/data/noisy_comparisons/qiskit_mixed_odd_21032705/noise_depolarizing_n7/qiskit_mixed/hea_qcnn/n7/train_size_4/epochs_10/noise_depolarizing_0p001/seed_2,/scratch/users/jdehoney/eqnn_thesis/data/noisy_comparisons/qiskit_mixed_odd_21032705/noise_depolarizing_n7/qiskit_mixed/hea_qcnn/n7/train_size_4/epochs_10/noise_depolarizing_0p001/seed_2/metrics.json,completed,,,,,,,,0.6709566275510233,,,,,
/scratch/users/jdehoney/eqnn_thesis/data/noisy_comparisons/qiskit_mixed_odd_21032705,/scratch/users/jdehoney/eqnn_thesis/data/noisy_comparisons/qiskit_mixed_odd_21032705/noise_depolarizing_n7,qiskit_mixed,hea_qcnn,7,4,10,0,depolarizing,0.005,/scratch/users/jdehoney/eqnn_thesis/data/noisy_comparisons/qiskit_mixed_odd_21032705/noise_depolarizing_n7/qiskit_mixed/hea_qcnn/n7/train_size_4/epochs_10/noise_depolarizing_0p005/seed_0,/scratch/users/jdehoney/eqnn_thesis/data/noisy_comparisons/qiskit_mixed_odd_21032705/noise_depolarizing_n7/qiskit_mixed/hea_qcnn/n7/train_size_4/epochs_10/noise_depolarizing_0p005/seed_0/metrics.json,completed,,,,,,,,0.6970809092413701,,,,,
/scratch/users/jdehoney/eqnn_thesis/data/noisy_comparisons/qiskit_mixed_odd_21032705,/scratch/users/jdehoney/eqnn_thesis/data/noisy_comparisons/qiskit_mixed_odd_21032705/noise_depolarizing_n7,qiskit_mixed,hea_qcnn,7,4,10,1,depolarizing,0.005,/scratch/users/jdehoney/eqnn_thesis/data/noisy_comparisons/qiskit_mixed_odd_21032705/noise_depolarizing_n7/qiskit_mixed/hea_qcnn/n7/train_size_4/epochs_10/noise_depolarizing_0p005/seed_1,/scratch/users/jdehoney/eqnn_thesis/data/noisy_comparisons/qiskit_mixed_odd_21032705/noise_depolarizing_n7/qiskit_mixed/hea_qcnn/n7/train_size_4/epochs_10/noise_depolarizing_0p005/seed_1/metrics.json,completed,,,,,,,,0.6414748850134129,,,,,
/scratch/users/jdehoney/eqnn_thesis/data/noisy_comparisons/qiskit_mixed_odd_21032705,/scratch/users/jdehoney/eqnn_thesis/data/noisy_comparisons/qiskit_mixed_odd_21032705/noise_depolarizing_n7,qiskit_mixed,hea_qcnn,7,4,10,2,depolarizing,0.005,/scratch/users/jdehoney/eqnn_thesis/data/noisy_comparisons/qiskit_mixed_odd_21032705/noise_depolarizing_n7/qiskit_mixed/hea_qcnn/n7/train_size_4/epochs_10/noise_depolarizing_0p005/seed_2,/scratch/users/jdehoney/eqnn_thesis/data/noisy_comparisons/qiskit_mixed_odd_21032705/noise_depolarizing_n7/qiskit_mixed/hea_qcnn/n7/train_size_4/epochs_10/noise_depolarizing_0p005/seed_2/metrics.json,completed,,,,,,,,0.6732466937653594,,,,,
/scratch/users/jdehoney/eqnn_thesis/data/noisy_comparisons/qiskit_mixed_odd_21032705,/scratch/users/jdehoney/eqnn_thesis/data/noisy_comparisons/qiskit_mixed_odd_21032705/noise_depolarizing_n7,qiskit_mixed,hea_qcnn,7,4,10,0,depolarizing,0.01,/scratch/users/jdehoney/eqnn_thesis/data/noisy_comparisons/qiskit_mixed_odd_21032705/noise_depolarizing_n7/qiskit_mixed/hea_qcnn/n7/train_size_4/epochs_10/noise_depolarizing_0p01/seed_0,/scratch/users/jdehoney/eqnn_thesis/data/noisy_comparisons/qiskit_mixed_odd_21032705/noise_depolarizing_n7/qiskit_mixed/hea_qcnn/n7/train_size_4/epochs_10/noise_depolarizing_0p01/seed_0/metrics.json,completed,,,,,,,,0.7027486301473236,,,,,
/scratch/users/jdehoney/eqnn_thesis/data/noisy_comparisons/qiskit_mixed_odd_21032705,/scratch/users/jdehoney/eqnn_thesis/data/noisy_comparisons/qiskit_mixed_odd_21032705/noise_depolarizing_n7,qiskit_mixed,hea_qcnn,7,4,10,1,depolarizing,0.01,/scratch/users/jdehoney/eqnn_thesis/data/noisy_comparisons/qiskit_mixed_odd_21032705/noise_depolarizing_n7/qiskit_mixed/hea_qcnn/n7/train_size_4/epochs_10/noise_depolarizing_0p01/seed_1,/scratch/users/jdehoney/eqnn_thesis/data/noisy_comparisons/qiskit_mixed_odd_21032705/noise_depolarizing_n7/qiskit_mixed/hea_qcnn/n7/train_size_4/epochs_10/noise_depolarizing_0p01/seed_1/metrics.json,completed,,,,,,,,0.6451663971135791,,,,,
/scratch/users/jdehoney/eqnn_thesis/data/noisy_comparisons/qiskit_mixed_odd_21032705,/scratch/users/jdehoney/eqnn_thesis/data/noisy_comparisons/qiskit_mixed_odd_21032705/noise_depolarizing_n7,qiskit_mixed,hea_qcnn,7,4,10,2,depolarizing,0.01,/scratch/users/jdehoney/eqnn_thesis/data/noisy_comparisons/qiskit_mixed_odd_21032705/noise_depolarizing_n7/qiskit_mixed/hea_qcnn/n7/train_size_4/epochs_10/noise_depolarizing_0p01/seed_2,/scratch/users/jdehoney/eqnn_thesis/data/noisy_comparisons/qiskit_mixed_odd_21032705/noise_depolarizing_n7/qiskit_mixed/hea_qcnn/n7/train_size_4/epochs_10/noise_depolarizing_0p01/seed_2/metrics.json,completed,,,,,,,,0.6761765504951884,,,,,
/scratch/users/jdehoney/eqnn_thesis/data/noisy_comparisons/qiskit_mixed_odd_21032705,/scratch/users/jdehoney/eqnn_thesis/data/noisy_comparisons/qiskit_mixed_odd_21032705/noise_depolarizing_n7,qiskit_mixed,hea_qcnn,7,4,10,0,depolarizing,0.05,/scratch/users/jdehoney/eqnn_thesis/data/noisy_comparisons/qiskit_mixed_odd_21032705/noise_depolarizing_n7/qiskit_mixed/hea_qcnn/n7/train_size_4/epochs_10/noise_depolarizing_0p05/seed_0,/scratch/users/jdehoney/eqnn_thesis/data/noisy_comparisons/qiskit_mixed_odd_21032705/noise_depolarizing_n7/qiskit_mixed/hea_qcnn/n7/train_size_4/epochs_10/noise_depolarizing_0p05/seed_0/metrics.json,completed,,,,,,,,0.7346710033330968,,,,,
/scratch/users/jdehoney/eqnn_thesis/data/noisy_comparisons/qiskit_mixed_odd_21032705,/scratch/users/jdehoney/eqnn_thesis/data/noisy_comparisons/qiskit_mixed_odd_21032705/noise_depolarizing_n7,qiskit_mixed,hea_qcnn,7,4,10,1,depolarizing,0.05,/scratch/users/jdehoney/eqnn_thesis/data/noisy_comparisons/qiskit_mixed_odd_21032705/noise_depolarizing_n7/qiskit_mixed/hea_qcnn/n7/train_size_4/epochs_10/noise_depolarizing_0p05/seed_1,/scratch/users/jdehoney/eqnn_thesis/data/noisy_comparisons/qiskit_mixed_odd_21032705/noise_depolarizing_n7/qiskit_mixed/hea_qcnn/n7/train_size_4/epochs_10/noise_depolarizing_0p05/seed_1/metrics.json,completed,,,,,,,,0.670775713154082,,,,,
/scratch/users/jdehoney/eqnn_thesis/data/noisy_comparisons/qiskit_mixed_odd_21032705,/scratch/users/jdehoney/eqnn_thesis/data/noisy_comparisons/qiskit_mixed_odd_21032705/noise_depolarizing_n7,qiskit_mixed,hea_qcnn,7,4,10,2,depolarizing,0.05,/scratch/users/jdehoney/eqnn_thesis/data/noisy_comparisons/qiskit_mixed_odd_21032705/noise_depolarizing_n7/qiskit_mixed/hea_qcnn/n7/train_size_4/epochs_10/noise_depolarizing_0p05/seed_2,/scratch/users/jdehoney/eqnn_thesis/data/noisy_comparisons/qiskit_mixed_odd_21032705/noise_depolarizing_n7/qiskit_mixed/hea_qcnn/n7/train_size_4/epochs_10/noise_depolarizing_0p05/seed_2/metrics.json,completed,,,,,,,,0.7000699287415095,,,,,
/scratch/users/jdehoney/eqnn_thesis/data/noisy_comparisons/qiskit_mixed_odd_21032705,/scratch/users/jdehoney/eqnn_thesis/data/noisy_comparisons/qiskit_mixed_odd_21032705/noise_depolarizing_n7,qiskit_mixed,hea_qcnn,7,4,10,0,depolarizing,0.1,/scratch/users/jdehoney/eqnn_thesis/data/noisy_comparisons/qiskit_mixed_odd_21032705/noise_depolarizing_n7/qiskit_mixed/hea_qcnn/n7/train_size_4/epochs_10/noise_depolarizing_0p1/seed_0,/scratch/users/jdehoney/eqnn_thesis/data/noisy_comparisons/qiskit_mixed_odd_21032705/noise_depolarizing_n7/qiskit_mixed/hea_qcnn/n7/train_size_4/epochs_10/noise_depolarizing_0p1/seed_0/metrics.json,completed,,,,,,,,0.7458290025668287,,,,,
/scratch/users/jdehoney/eqnn_thesis/data/noisy_comparisons/qiskit_mixed_odd_21032705,/scratch/users/jdehoney/eqnn_thesis/data/noisy_comparisons/qiskit_mixed_odd_21032705/noise_depolarizing_n7,qiskit_mixed,hea_qcnn,7,4,10,1,depolarizing,0.1,/scratch/users/jdehoney/eqnn_thesis/data/noisy_comparisons/qiskit_mixed_odd_21032705/noise_depolarizing_n7/qiskit_mixed/hea_qcnn/n7/train_size_4/epochs_10/noise_depolarizing_0p1/seed_1,/scratch/users/jdehoney/eqnn_thesis/data/noisy_comparisons/qiskit_mixed_odd_21032705/noise_depolarizing_n7/qiskit_mixed/hea_qcnn/n7/train_size_4/epochs_10/noise_depolarizing_0p1/seed_1/metrics.json,completed,,,,,,,,0.7002361949357351,,,,,
/scratch/users/jdehoney/eqnn_thesis/data/noisy_comparisons/qiskit_mixed_odd_21032705,/scratch/users/jdehoney/eqnn_thesis/data/noisy_comparisons/qiskit_mixed_odd_21032705/noise_depolarizing_n7,qiskit_mixed,hea_qcnn,7,4,10,2,depolarizing,0.1,/scratch/users/jdehoney/eqnn_thesis/data/noisy_comparisons/qiskit_mixed_odd_21032705/noise_depolarizing_n7/qiskit_mixed/hea_qcnn/n7/train_size_4/epochs_10/noise_depolarizing_0p1/seed_2,/scratch/users/jdehoney/eqnn_thesis/data/noisy_comparisons/qiskit_mixed_odd_21032705/noise_depolarizing_n7/qiskit_mixed/hea_qcnn/n7/train_size_4/epochs_10/noise_depolarizing_0p1/seed_2/metrics.json,completed,,,,,,,,0.7263302172967816,,,,,
/scratch/users/jdehoney/eqnn_thesis/data/noisy_comparisons/qiskit_mixed_odd_21032705,/scratch/users/jdehoney/eqnn_thesis/data/noisy_comparisons/qiskit_mixed_odd_21032705/noise_depolarizing_n7,qiskit_mixed,hea_qcnn,7,8,10,0,depolarizing,0.0,/scratch/users/jdehoney/eqnn_thesis/data/noisy_comparisons/qiskit_mixed_odd_21032705/noise_depolarizing_n7/qiskit_mixed/hea_qcnn/n7/train_size_8/epochs_10/noise_depolarizing_0/seed_0,/scratch/users/jdehoney/eqnn_thesis/data/noisy_comparisons/qiskit_mixed_odd_21032705/noise_depolarizing_n7/qiskit_mixed/hea_qcnn/n7/train_size_8/epochs_10/noise_depolarizing_0/seed_0/metrics.json,completed,,,,,,,,0.600645933958391,,,,,
/scratch/users/jdehoney/eqnn_thesis/data/noisy_comparisons/qiskit_mixed_odd_21032705,/scratch/users/jdehoney/eqnn_thesis/data/noisy_comparisons/qiskit_mixed_odd_21032705/noise_depolarizing_n7,qiskit_mixed,hea_qcnn,7,8,10,1,depolarizing,0.0,/scratch/users/jdehoney/eqnn_thesis/data/noisy_comparisons/qiskit_mixed_odd_21032705/noise_depolarizing_n7/qiskit_mixed/hea_qcnn/n7/train_size_8/epochs_10/noise_depolarizing_0/seed_1,/scratch/users/jdehoney/eqnn_thesis/data/noisy_comparisons/qiskit_mixed_odd_21032705/noise_depolarizing_n7/qiskit_mixed/hea_qcnn/n7/train_size_8/epochs_10/noise_depolarizing_0/seed_1/metrics.json,completed,,,,,,,,0.5470757346961532,,,,,
/scratch/users/jdehoney/eqnn_thesis/data/noisy_comparisons/qiskit_mixed_odd_21032705,/scratch/users/jdehoney/eqnn_thesis/data/noisy_comparisons/qiskit_mixed_odd_21032705/noise_depolarizing_n7,qiskit_mixed,hea_qcnn,7,8,10,2,depolarizing,0.0,/scratch/users/jdehoney/eqnn_thesis/data/noisy_comparisons/qiskit_mixed_odd_21032705/noise_depolarizing_n7/qiskit_mixed/hea_qcnn/n7/train_size_8/epochs_10/noise_depolarizing_0/seed_2,/scratch/users/jdehoney/eqnn_thesis/data/noisy_comparisons/qiskit_mixed_odd_21032705/noise_depolarizing_n7/qiskit_mixed/hea_qcnn/n7/train_size_8/epochs_10/noise_depolarizing_0/seed_2/metrics.json,completed,,,,,,,,0.583051384427888,,,,,
/scratch/users/jdehoney/eqnn_thesis/data/noisy_comparisons/qiskit_mixed_odd_21032705,/scratch/users/jdehoney/eqnn_thesis/data/noisy_comparisons/qiskit_mixed_odd_21032705/noise_depolarizing_n7,qiskit_mixed,hea_qcnn,7,8,10,0,depolarizing,0.001,/scratch/users/jdehoney/eqnn_thesis/data/noisy_comparisons/qiskit_mixed_odd_21032705/noise_depolarizing_n7/qiskit_mixed/hea_qcnn/n7/train_size_8/epochs_10/noise_depolarizing_0p001/seed_0,/scratch/users/jdehoney/eqnn_thesis/data/noisy_comparisons/qiskit_mixed_odd_21032705/noise_depolarizing_n7/qiskit_mixed/hea_qcnn/n7/train_size_8/epochs_10/noise_depolarizing_0p001/seed_0/metrics.json,completed,,,,,,,,0.6019639833032769,,,,,
/scratch/users/jdehoney/eqnn_thesis/data/noisy_comparisons/qiskit_mixed_odd_21032705,/scratch/users/jdehoney/eqnn_thesis/data/noisy_comparisons/qiskit_mixed_odd_21032705/noise_depolarizing_n7,qiskit_mixed,hea_qcnn,7,8,10,1,depolarizing,0.001,/scratch/users/jdehoney/eqnn_thesis/data/noisy_comparisons/qiskit_mixed_odd_21032705/noise_depolarizing_n7/qiskit_mixed/hea_qcnn/n7/train_size_8/epochs_10/noise_depolarizing_0p001/seed_1,/scratch/users/jdehoney/eqnn_thesis/data/noisy_comparisons/qiskit_mixed_odd_21032705/noise_depolarizing_n7/qiskit_mixed/hea_qcnn/n7/train_size_8/epochs_10/noise_depolarizing_0p001/seed_1/metrics.json,completed,,,,,,,,0.5487596535042677,,,,,
/scratch/users/jdehoney/eqnn_thesis/data/noisy_comparisons/qiskit_mixed_odd_21032705,/scratch/users/jdehoney/eqnn_thesis/data/noisy_comparisons/qiskit_mixed_odd_21032705/noise_depolarizing_n7,qiskit_mixed,hea_qcnn,7,8,10,2,depolarizing,0.001,/scratch/users/jdehoney/eqnn_thesis/data/noisy_comparisons/qiskit_mixed_odd_21032705/noise_depolarizing_n7/qiskit_mixed/hea_qcnn/n7/train_size_8/epochs_10/noise_depolarizing_0p001/seed_2,/scratch/users/jdehoney/eqnn_thesis/data/noisy_comparisons/qiskit_mixed_odd_21032705/noise_depolarizing_n7/qiskit_mixed/hea_qcnn/n7/train_size_8/epochs_10/noise_depolarizing_0p001/seed_2/metrics.json,completed,,,,,,,,0.5854190358129964,,,,,
/scratch/users/jdehoney/eqnn_thesis/data/noisy_comparisons/qiskit_mixed_odd_21032705,/scratch/users/jdehoney/eqnn_thesis/data/noisy_comparisons/qiskit_mixed_odd_21032705/noise_depolarizing_n7,qiskit_mixed,hea_qcnn,7,8,10,0,depolarizing,0.005,/scratch/users/jdehoney/eqnn_thesis/data/noisy_comparisons/qiskit_mixed_odd_21032705/noise_depolarizing_n7/qiskit_mixed/hea_qcnn/n7/train_size_8/epochs_10/noise_depolarizing_0p005/seed_0,/scratch/users/jdehoney/eqnn_thesis/data/noisy_comparisons/qiskit_mixed_odd_21032705/noise_depolarizing_n7/qiskit_mixed/hea_qcnn/n7/train_size_8/epochs_10/noise_depolarizing_0p005/seed_0/metrics.json,completed,,,,,,,,0.6116383423787162,,,,,
/scratch/users/jdehoney/eqnn_thesis/data/noisy_comparisons/qiskit_mixed_odd_21032705,/scratch/users/jdehoney/eqnn_thesis/data/noisy_comparisons/qiskit_mixed_odd_21032705/noise_depolarizing_n7,qiskit_mixed,hea_qcnn,7,8,10,1,depolarizing,0.005,/scratch/users/jdehoney/eqnn_thesis/data/noisy_comparisons/qiskit_mixed_odd_21032705/noise_depolarizing_n7/qiskit_mixed/hea_qcnn/n7/train_size_8/epochs_10/noise_depolarizing_0p005/seed_1,/scratch/users/jdehoney/eqnn_thesis/data/noisy_comparisons/qiskit_mixed_odd_21032705/noise_depolarizing_n7/qiskit_mixed/hea_qcnn/n7/train_size_8/epochs_10/noise_depolarizing_0p005/seed_1/metrics.json,completed,,,,,,,,0.5558707923740454,,,,,
/scratch/users/jdehoney/eqnn_thesis/data/noisy_comparisons/qiskit_mixed_odd_21032705,/scratch/users/jdehoney/eqnn_thesis/data/noisy_comparisons/qiskit_mixed_odd_21032705/noise_depolarizing_n7,qiskit_mixed,hea_qcnn,7,8,10,2,depolarizing,0.005,/scratch/users/jdehoney/eqnn_thesis/data/noisy_comparisons/qiskit_mixed_odd_21032705/noise_depolarizing_n7/qiskit_mixed/hea_qcnn/n7/train_size_8/epochs_10/noise_depolarizing_0p005/seed_2,/scratch/users/jdehoney/eqnn_thesis/data/noisy_comparisons/qiskit_mixed_odd_21032705/noise_depolarizing_n7/qiskit_mixed/hea_qcnn/n7/train_size_8/epochs_10/noise_depolarizing_0p005/seed_2/metrics.json,completed,,,,,,,,0.5944714928031907,,,,,
/scratch/users/jdehoney/eqnn_thesis/data/noisy_comparisons/qiskit_mixed_odd_21032705,/scratch/users/jdehoney/eqnn_thesis/data/noisy_comparisons/qiskit_mixed_odd_21032705/noise_depolarizing_n7,qiskit_mixed,hea_qcnn,7,8,10,0,depolarizing,0.01,/scratch/users/jdehoney/eqnn_thesis/data/noisy_comparisons/qiskit_mixed_odd_21032705/noise_depolarizing_n7/qiskit_mixed/hea_qcnn/n7/train_size_8/epochs_10/noise_depolarizing_0p01/seed_0,/scratch/users/jdehoney/eqnn_thesis/data/noisy_comparisons/qiskit_mixed_odd_21032705/noise_depolarizing_n7/qiskit_mixed/hea_qcnn/n7/train_size_8/epochs_10/noise_depolarizing_0p01/seed_0/metrics.json,completed,,,,,,,,0.6224706491621896,,,,,
/scratch/users/jdehoney/eqnn_thesis/data/noisy_comparisons/qiskit_mixed_odd_21032705,/scratch/users/jdehoney/eqnn_thesis/data/noisy_comparisons/qiskit_mixed_odd_21032705/noise_depolarizing_n7,qiskit_mixed,hea_qcnn,7,8,10,1,depolarizing,0.01,/scratch/users/jdehoney/eqnn_thesis/data/noisy_comparisons/qiskit_mixed_odd_21032705/noise_depolarizing_n7/qiskit_mixed/hea_qcnn/n7/train_size_8/epochs_10/noise_depolarizing_0p01/seed_1,/scratch/users/jdehoney/eqnn_thesis/data/noisy_comparisons/qiskit_mixed_odd_21032705/noise_depolarizing_n7/qiskit_mixed/hea_qcnn/n7/train_size_8/epochs_10/noise_depolarizing_0p01/seed_1/metrics.json,completed,,,,,,,,0.5653253872976869,,,,,
/scratch/users/jdehoney/eqnn_thesis/data/noisy_comparisons/qiskit_mixed_odd_21032705,/scratch/users/jdehoney/eqnn_thesis/data/noisy_comparisons/qiskit_mixed_odd_21032705/noise_depolarizing_n7,qiskit_mixed,hea_qcnn,7,8,10,2,depolarizing,0.01,/scratch/users/jdehoney/eqnn_thesis/data/noisy_comparisons/qiskit_mixed_odd_21032705/noise_depolarizing_n7/qiskit_mixed/hea_qcnn/n7/train_size_8/epochs_10/noise_depolarizing_0p01/seed_2,/scratch/users/jdehoney/eqnn_thesis/data/noisy_comparisons/qiskit_mixed_odd_21032705/noise_depolarizing_n7/qiskit_mixed/hea_qcnn/n7/train_size_8/epochs_10/noise_depolarizing_0p01/seed_2/metrics.json,completed,,,,,,,,0.6047866425156296,,,,,
/scratch/users/jdehoney/eqnn_thesis/data/noisy_comparisons/qiskit_mixed_odd_21032705,/scratch/users/jdehoney/eqnn_thesis/data/noisy_comparisons/qiskit_mixed_odd_21032705/noise_depolarizing_n7,qiskit_mixed,hea_qcnn,7,8,10,0,depolarizing,0.05,/scratch/users/jdehoney/eqnn_thesis/data/noisy_comparisons/qiskit_mixed_odd_21032705/noise_depolarizing_n7/qiskit_mixed/hea_qcnn/n7/train_size_8/epochs_10/noise_depolarizing_0p05/seed_0,/scratch/users/jdehoney/eqnn_thesis/data/noisy_comparisons/qiskit_mixed_odd_21032705/noise_depolarizing_n7/qiskit_mixed/hea_qcnn/n7/train_size_8/epochs_10/noise_depolarizing_0p05/seed_0/metrics.json,completed,,,,,,,,0.6841598098793907,,,,,
/scratch/users/jdehoney/eqnn_thesis/data/noisy_comparisons/qiskit_mixed_odd_21032705,/scratch/users/jdehoney/eqnn_thesis/data/noisy_comparisons/qiskit_mixed_odd_21032705/noise_depolarizing_n7,qiskit_mixed,hea_qcnn,7,8,10,1,depolarizing,0.05,/scratch/users/jdehoney/eqnn_thesis/data/noisy_comparisons/qiskit_mixed_odd_21032705/noise_depolarizing_n7/qiskit_mixed/hea_qcnn/n7/train_size_8/epochs_10/noise_depolarizing_0p05/seed_1,/scratch/users/jdehoney/eqnn_thesis/data/noisy_comparisons/qiskit_mixed_odd_21032705/noise_depolarizing_n7/qiskit_mixed/hea_qcnn/n7/train_size_8/epochs_10/noise_depolarizing_0p05/seed_1/metrics.json,completed,,,,,,,,0.6376360239489505,,,,,
/scratch/users/jdehoney/eqnn_thesis/data/noisy_comparisons/qiskit_mixed_odd_21032705,/scratch/users/jdehoney/eqnn_thesis/data/noisy_comparisons/qiskit_mixed_odd_21032705/noise_depolarizing_n7,qiskit_mixed,hea_qcnn,7,8,10,2,depolarizing,0.05,/scratch/users/jdehoney/eqnn_thesis/data/noisy_comparisons/qiskit_mixed_odd_21032705/noise_depolarizing_n7/qiskit_mixed/hea_qcnn/n7/train_size_8/epochs_10/noise_depolarizing_0p05/seed_2,/scratch/users/jdehoney/eqnn_thesis/data/noisy_comparisons/qiskit_mixed_odd_21032705/noise_depolarizing_n7/qiskit_mixed/hea_qcnn/n7/train_size_8/epochs_10/noise_depolarizing_0p05/seed_2/metrics.json,completed,,,,,,,,0.6551694836808961,,,,,
/scratch/users/jdehoney/eqnn_thesis/data/noisy_comparisons/qiskit_mixed_odd_21032705,/scratch/users/jdehoney/eqnn_thesis/data/noisy_comparisons/qiskit_mixed_odd_21032705/noise_depolarizing_n7,qiskit_mixed,hea_qcnn,7,8,10,0,depolarizing,0.1,/scratch/users/jdehoney/eqnn_thesis/data/noisy_comparisons/qiskit_mixed_odd_21032705/noise_depolarizing_n7/qiskit_mixed/hea_qcnn/n7/train_size_8/epochs_10/noise_depolarizing_0p1/seed_0,/scratch/users/jdehoney/eqnn_thesis/data/noisy_comparisons/qiskit_mixed_odd_21032705/noise_depolarizing_n7/qiskit_mixed/hea_qcnn/n7/train_size_8/epochs_10/noise_depolarizing_0p1/seed_0/metrics.json,completed,,,,,,,,0.6833608468142132,,,,,
/scratch/users/jdehoney/eqnn_thesis/data/noisy_comparisons/qiskit_mixed_odd_21032705,/scratch/users/jdehoney/eqnn_thesis/data/noisy_comparisons/qiskit_mixed_odd_21032705/noise_depolarizing_n7,qiskit_mixed,hea_qcnn,7,8,10,1,depolarizing,0.1,/scratch/users/jdehoney/eqnn_thesis/data/noisy_comparisons/qiskit_mixed_odd_21032705/noise_depolarizing_n7/qiskit_mixed/hea_qcnn/n7/train_size_8/epochs_10/noise_depolarizing_0p1/seed_1,/scratch/users/jdehoney/eqnn_thesis/data/noisy_comparisons/qiskit_mixed_odd_21032705/noise_depolarizing_n7/qiskit_mixed/hea_qcnn/n7/train_size_8/epochs_10/noise_depolarizing_0p1/seed_1/metrics.json,completed,,,,,,,,0.6985083789937288,,,,,
/scratch/users/jdehoney/eqnn_thesis/data/noisy_comparisons/qiskit_mixed_odd_21032705,/scratch/users/jdehoney/eqnn_thesis/data/noisy_comparisons/qiskit_mixed_odd_21032705/noise_depolarizing_n7,qiskit_mixed,hea_qcnn,7,8,10,2,depolarizing,0.1,/scratch/users/jdehoney/eqnn_thesis/data/noisy_comparisons/qiskit_mixed_odd_21032705/noise_depolarizing_n7/qiskit_mixed/hea_qcnn/n7/train_size_8/epochs_10/noise_depolarizing_0p1/seed_2,/scratch/users/jdehoney/eqnn_thesis/data/noisy_comparisons/qiskit_mixed_odd_21032705/noise_depolarizing_n7/qiskit_mixed/hea_qcnn/n7/train_size_8/epochs_10/noise_depolarizing_0p1/seed_2/metrics.json,completed,,,,,,,,0.6901045858088481,,,,,
/scratch/users/jdehoney/eqnn_thesis/data/noisy_comparisons/qiskit_mixed_odd_21032705,/scratch/users/jdehoney/eqnn_thesis/data/noisy_comparisons/qiskit_mixed_odd_21032705/noise_depolarizing_n7,qiskit_mixed,hea_qcnn,7,12,10,0,depolarizing,0.0,/scratch/users/jdehoney/eqnn_thesis/data/noisy_comparisons/qiskit_mixed_odd_21032705/noise_depolarizing_n7/qiskit_mixed/hea_qcnn/n7/train_size_12/epochs_10/noise_depolarizing_0/seed_0,/scratch/users/jdehoney/eqnn_thesis/data/noisy_comparisons/qiskit_mixed_odd_21032705/noise_depolarizing_n7/qiskit_mixed/hea_qcnn/n7/train_size_12/epochs_10/noise_depolarizing_0/seed_0/metrics.json,completed,,,,,,,,0.6127333077449396,,,,,
/scratch/users/jdehoney/eqnn_thesis/data/noisy_comparisons/qiskit_mixed_odd_21032705,/scratch/users/jdehoney/eqnn_thesis/data/noisy_comparisons/qiskit_mixed_odd_21032705/noise_depolarizing_n7,qiskit_mixed,hea_qcnn,7,12,10,1,depolarizing,0.0,/scratch/users/jdehoney/eqnn_thesis/data/noisy_comparisons/qiskit_mixed_odd_21032705/noise_depolarizing_n7/qiskit_mixed/hea_qcnn/n7/train_size_12/epochs_10/noise_depolarizing_0/seed_1,/scratch/users/jdehoney/eqnn_thesis/data/noisy_comparisons/qiskit_mixed_odd_21032705/noise_depolarizing_n7/qiskit_mixed/hea_qcnn/n7/train_size_12/epochs_10/noise_depolarizing_0/seed_1/metrics.json,completed,,,,,,,,0.7230074606599162,,,,,
/scratch/users/jdehoney/eqnn_thesis/data/noisy_comparisons/qiskit_mixed_odd_21032705,/scratch/users/jdehoney/eqnn_thesis/data/noisy_comparisons/qiskit_mixed_odd_21032705/noise_depolarizing_n7,qiskit_mixed,hea_qcnn,7,12,10,2,depolarizing,0.0,/scratch/users/jdehoney/eqnn_thesis/data/noisy_comparisons/qiskit_mixed_odd_21032705/noise_depolarizing_n7/qiskit_mixed/hea_qcnn/n7/train_size_12/epochs_10/noise_depolarizing_0/seed_2,/scratch/users/jdehoney/eqnn_thesis/data/noisy_comparisons/qiskit_mixed_odd_21032705/noise_depolarizing_n7/qiskit_mixed/hea_qcnn/n7/train_size_12/epochs_10/noise_depolarizing_0/seed_2/metrics.json,completed,,,,,,,,0.6198578455595483,,,,,
/scratch/users/jdehoney/eqnn_thesis/data/noisy_comparisons/qiskit_mixed_odd_21032705,/scratch/users/jdehoney/eqnn_thesis/data/noisy_comparisons/qiskit_mixed_odd_21032705/noise_depolarizing_n7,qiskit_mixed,hea_qcnn,7,12,10,0,depolarizing,0.001,/scratch/users/jdehoney/eqnn_thesis/data/noisy_comparisons/qiskit_mixed_odd_21032705/noise_depolarizing_n7/qiskit_mixed/hea_qcnn/n7/train_size_12/epochs_10/noise_depolarizing_0p001/seed_0,/scratch/users/jdehoney/eqnn_thesis/data/noisy_comparisons/qiskit_mixed_odd_21032705/noise_depolarizing_n7/qiskit_mixed/hea_qcnn/n7/train_size_12/epochs_10/noise_depolarizing_0p001/seed_0/metrics.json,completed,,,,,,,,0.6145733046997442,,,,,
/scratch/users/jdehoney/eqnn_thesis/data/noisy_comparisons/qiskit_mixed_odd_21032705,/scratch/users/jdehoney/eqnn_thesis/data/noisy_comparisons/qiskit_mixed_odd_21032705/noise_depolarizing_n7,qiskit_mixed,hea_qcnn,7,12,10,1,depolarizing,0.001,/scratch/users/jdehoney/eqnn_thesis/data/noisy_comparisons/qiskit_mixed_odd_21032705/noise_depolarizing_n7/qiskit_mixed/hea_qcnn/n7/train_size_12/epochs_10/noise_depolarizing_0p001/seed_1,/scratch/users/jdehoney/eqnn_thesis/data/noisy_comparisons/qiskit_mixed_odd_21032705/noise_depolarizing_n7/qiskit_mixed/hea_qcnn/n7/train_size_12/epochs_10/noise_depolarizing_0p001/seed_1/metrics.json,completed,,,,,,,,0.7216023236701599,,,,,
/scratch/users/jdehoney/eqnn_thesis/data/noisy_comparisons/qiskit_mixed_odd_21032705,/scratch/users/jdehoney/eqnn_thesis/data/noisy_comparisons/qiskit_mixed_odd_21032705/noise_depolarizing_n7,qiskit_mixed,hea_qcnn,7,12,10,2,depolarizing,0.001,/scratch/users/jdehoney/eqnn_thesis/data/noisy_comparisons/qiskit_mixed_odd_21032705/noise_depolarizing_n7/qiskit_mixed/hea_qcnn/n7/train_size_12/epochs_10/noise_depolarizing_0p001/seed_2,/scratch/users/jdehoney/eqnn_thesis/data/noisy_comparisons/qiskit_mixed_odd_21032705/noise_depolarizing_n7/qiskit_mixed/hea_qcnn/n7/train_size_12/epochs_10/noise_depolarizing_0p001/seed_2/metrics.json,completed,,,,,,,,0.6205836874721974,,,,,
/scratch/users/jdehoney/eqnn_thesis/data/noisy_comparisons/qiskit_mixed_odd_21032705,/scratch/users/jdehoney/eqnn_thesis/data/noisy_comparisons/qiskit_mixed_odd_21032705/noise_depolarizing_n7,qiskit_mixed,hea_qcnn,7,12,10,0,depolarizing,0.005,/scratch/users/jdehoney/eqnn_thesis/data/noisy_comparisons/qiskit_mixed_odd_21032705/noise_depolarizing_n7/qiskit_mixed/hea_qcnn/n7/train_size_12/epochs_10/noise_depolarizing_0p005/seed_0,/scratch/users/jdehoney/eqnn_thesis/data/noisy_comparisons/qiskit_mixed_odd_21032705/noise_depolarizing_n7/qiskit_mixed/hea_qcnn/n7/train_size_12/epochs_10/noise_depolarizing_0p005/seed_0/metrics.json,completed,,,,,,,,0.6225573234572295,,,,,
/scratch/users/jdehoney/eqnn_thesis/data/noisy_comparisons/qiskit_mixed_odd_21032705,/scratch/users/jdehoney/eqnn_thesis/data/noisy_comparisons/qiskit_mixed_odd_21032705/noise_depolarizing_n7,qiskit_mixed,hea_qcnn,7,12,10,1,depolarizing,0.005,/scratch/users/jdehoney/eqnn_thesis/data/noisy_comparisons/qiskit_mixed_odd_21032705/noise_depolarizing_n7/qiskit_mixed/hea_qcnn/n7/train_size_12/epochs_10/noise_depolarizing_0p005/seed_1,/scratch/users/jdehoney/eqnn_thesis/data/noisy_comparisons/qiskit_mixed_odd_21032705/noise_depolarizing_n7/qiskit_mixed/hea_qcnn/n7/train_size_12/epochs_10/noise_depolarizing_0p005/seed_1/metrics.json,completed,,,,,,,,0.7170294793090417,,,,,
/scratch/users/jdehoney/eqnn_thesis/data/noisy_comparisons/qiskit_mixed_odd_21032705,/scratch/users/jdehoney/eqnn_thesis/data/noisy_comparisons/qiskit_mixed_odd_21032705/noise_depolarizing_n7,qiskit_mixed,hea_qcnn,7,12,10,2,depolarizing,0.005,/scratch/users/jdehoney/eqnn_thesis/data/noisy_comparisons/qiskit_mixed_odd_21032705/noise_depolarizing_n7/qiskit_mixed/hea_qcnn/n7/train_size_12/epochs_10/noise_depolarizing_0p005/seed_2,/scratch/users/jdehoney/eqnn_thesis/data/noisy_comparisons/qiskit_mixed_odd_21032705/noise_depolarizing_n7/qiskit_mixed/hea_qcnn/n7/train_size_12/epochs_10/noise_depolarizing_0p005/seed_2/metrics.json,completed,,,,,,,,0.6239834254108576,,,,,
/scratch/users/jdehoney/eqnn_thesis/data/noisy_comparisons/qiskit_mixed_odd_21032705,/scratch/users/jdehoney/eqnn_thesis/data/noisy_comparisons/qiskit_mixed_odd_21032705/noise_depolarizing_n7,qiskit_mixed,hea_qcnn,7,12,10,0,depolarizing,0.01,/scratch/users/jdehoney/eqnn_thesis/data/noisy_comparisons/qiskit_mixed_odd_21032705/noise_depolarizing_n7/qiskit_mixed/hea_qcnn/n7/train_size_12/epochs_10/noise_depolarizing_0p01/seed_0,/scratch/users/jdehoney/eqnn_thesis/data/noisy_comparisons/qiskit_mixed_odd_21032705/noise_depolarizing_n7/qiskit_mixed/hea_qcnn/n7/train_size_12/epochs_10/noise_depolarizing_0p01/seed_0/metrics.json,completed,,,,,,,,0.633059303613322,,,,,
/scratch/users/jdehoney/eqnn_thesis/data/noisy_comparisons/qiskit_mixed_odd_21032705,/scratch/users/jdehoney/eqnn_thesis/data/noisy_comparisons/qiskit_mixed_odd_21032705/noise_depolarizing_n7,qiskit_mixed,hea_qcnn,7,12,10,1,depolarizing,0.01,/scratch/users/jdehoney/eqnn_thesis/data/noisy_comparisons/qiskit_mixed_odd_21032705/noise_depolarizing_n7/qiskit_mixed/hea_qcnn/n7/train_size_12/epochs_10/noise_depolarizing_0p01/seed_1,/scratch/users/jdehoney/eqnn_thesis/data/noisy_comparisons/qiskit_mixed_odd_21032705/noise_depolarizing_n7/qiskit_mixed/hea_qcnn/n7/train_size_12/epochs_10/noise_depolarizing_0p01/seed_1/metrics.json,completed,,,,,,,,0.7132708831290975,,,,,
/scratch/users/jdehoney/eqnn_thesis/data/noisy_comparisons/qiskit_mixed_odd_21032705,/scratch/users/jdehoney/eqnn_thesis/data/noisy_comparisons/qiskit_mixed_odd_21032705/noise_depolarizing_n7,qiskit_mixed,hea_qcnn,7,12,10,2,depolarizing,0.01,/scratch/users/jdehoney/eqnn_thesis/data/noisy_comparisons/qiskit_mixed_odd_21032705/noise_depolarizing_n7/qiskit_mixed/hea_qcnn/n7/train_size_12/epochs_10/noise_depolarizing_0p01/seed_2,/scratch/users/jdehoney/eqnn_thesis/data/noisy_comparisons/qiskit_mixed_odd_21032705/noise_depolarizing_n7/qiskit_mixed/hea_qcnn/n7/train_size_12/epochs_10/noise_depolarizing_0p01/seed_2/metrics.json,completed,,,,,,,,0.6302403087284134,,,,,
/scratch/users/jdehoney/eqnn_thesis/data/noisy_comparisons/qiskit_mixed_odd_21032705,/scratch/users/jdehoney/eqnn_thesis/data/noisy_comparisons/qiskit_mixed_odd_21032705/noise_depolarizing_n7,qiskit_mixed,hea_qcnn,7,12,10,0,depolarizing,0.05,/scratch/users/jdehoney/eqnn_thesis/data/noisy_comparisons/qiskit_mixed_odd_21032705/noise_depolarizing_n7/qiskit_mixed/hea_qcnn/n7/train_size_12/epochs_10/noise_depolarizing_0p05/seed_0,/scratch/users/jdehoney/eqnn_thesis/data/noisy_comparisons/qiskit_mixed_odd_21032705/noise_depolarizing_n7/qiskit_mixed/hea_qcnn/n7/train_size_12/epochs_10/noise_depolarizing_0p05/seed_0/metrics.json,completed,,,,,,,,0.6968496848513446,,,,,
/scratch/users/jdehoney/eqnn_thesis/data/noisy_comparisons/qiskit_mixed_odd_21032705,/scratch/users/jdehoney/eqnn_thesis/data/noisy_comparisons/qiskit_mixed_odd_21032705/noise_depolarizing_n7,qiskit_mixed,hea_qcnn,7,12,10,1,depolarizing,0.05,/scratch/users/jdehoney/eqnn_thesis/data/noisy_comparisons/qiskit_mixed_odd_21032705/noise_depolarizing_n7/qiskit_mixed/hea_qcnn/n7/train_size_12/epochs_10/noise_depolarizing_0p05/seed_1,/scratch/users/jdehoney/eqnn_thesis/data/noisy_comparisons/qiskit_mixed_odd_21032705/noise_depolarizing_n7/qiskit_mixed/hea_qcnn/n7/train_size_12/epochs_10/noise_depolarizing_0p05/seed_1/metrics.json,completed,,,,,,,,0.708380489714177,,,,,
/scratch/users/jdehoney/eqnn_thesis/data/noisy_comparisons/qiskit_mixed_odd_21032705,/scratch/users/jdehoney/eqnn_thesis/data/noisy_comparisons/qiskit_mixed_odd_21032705/noise_depolarizing_n7,qiskit_mixed,hea_qcnn,7,12,10,2,depolarizing,0.05,/scratch/users/jdehoney/eqnn_thesis/data/noisy_comparisons/qiskit_mixed_odd_21032705/noise_depolarizing_n7/qiskit_mixed/hea_qcnn/n7/train_size_12/epochs_10/noise_depolarizing_0p05/seed_2,/scratch/users/jdehoney/eqnn_thesis/data/noisy_comparisons/qiskit_mixed_odd_21032705/noise_depolarizing_n7/qiskit_mixed/hea_qcnn/n7/train_size_12/epochs_10/noise_depolarizing_0p05/seed_2/metrics.json,completed,,,,,,,,0.6989643604252151,,,,,
/scratch/users/jdehoney/eqnn_thesis/data/noisy_comparisons/qiskit_mixed_odd_21032705,/scratch/users/jdehoney/eqnn_thesis/data/noisy_comparisons/qiskit_mixed_odd_21032705/noise_depolarizing_n7,qiskit_mixed,hea_qcnn,7,12,10,0,depolarizing,0.1,/scratch/users/jdehoney/eqnn_thesis/data/noisy_comparisons/qiskit_mixed_odd_21032705/noise_depolarizing_n7/qiskit_mixed/hea_qcnn/n7/train_size_12/epochs_10/noise_depolarizing_0p1/seed_0,/scratch/users/jdehoney/eqnn_thesis/data/noisy_comparisons/qiskit_mixed_odd_21032705/noise_depolarizing_n7/qiskit_mixed/hea_qcnn/n7/train_size_12/epochs_10/noise_depolarizing_0p1/seed_0/metrics.json,completed,,,,,,,,0.7547968251687014,,,,,
/scratch/users/jdehoney/eqnn_thesis/data/noisy_comparisons/qiskit_mixed_odd_21032705,/scratch/users/jdehoney/eqnn_thesis/data/noisy_comparisons/qiskit_mixed_odd_21032705/noise_depolarizing_n7,qiskit_mixed,hea_qcnn,7,12,10,1,depolarizing,0.1,/scratch/users/jdehoney/eqnn_thesis/data/noisy_comparisons/qiskit_mixed_odd_21032705/noise_depolarizing_n7/qiskit_mixed/hea_qcnn/n7/train_size_12/epochs_10/noise_depolarizing_0p1/seed_1,/scratch/users/jdehoney/eqnn_thesis/data/noisy_comparisons/qiskit_mixed_odd_21032705/noise_depolarizing_n7/qiskit_mixed/hea_qcnn/n7/train_size_12/epochs_10/noise_depolarizing_0p1/seed_1/metrics.json,completed,,,,,,,,0.7134186688923412,,,,,
/scratch/users/jdehoney/eqnn_thesis/data/noisy_comparisons/qiskit_mixed_odd_21032705,/scratch/users/jdehoney/eqnn_thesis/data/noisy_comparisons/qiskit_mixed_odd_21032705/noise_depolarizing_n7,qiskit_mixed,hea_qcnn,7,12,10,2,depolarizing,0.1,/scratch/users/jdehoney/eqnn_thesis/data/noisy_comparisons/qiskit_mixed_odd_21032705/noise_depolarizing_n7/qiskit_mixed/hea_qcnn/n7/train_size_12/epochs_10/noise_depolarizing_0p1/seed_2,/scratch/users/jdehoney/eqnn_thesis/data/noisy_comparisons/qiskit_mixed_odd_21032705/noise_depolarizing_n7/qiskit_mixed/hea_qcnn/n7/train_size_12/epochs_10/noise_depolarizing_0p1/seed_2/metrics.json,completed,,,,,,,,0.7423008780756741,,,,,
/scratch/users/jdehoney/eqnn_thesis/data/noisy_comparisons/qiskit_mixed_odd_21032705,/scratch/users/jdehoney/eqnn_thesis/data/noisy_comparisons/qiskit_mixed_odd_21032705/noise_depolarizing_n7,qiskit_mixed,hea_qcnn,7,16,10,0,depolarizing,0.0,/scratch/users/jdehoney/eqnn_thesis/data/noisy_comparisons/qiskit_mixed_odd_21032705/noise_depolarizing_n7/qiskit_mixed/hea_qcnn/n7/train_size_16/epochs_10/noise_depolarizing_0/seed_0,/scratch/users/jdehoney/eqnn_thesis/data/noisy_comparisons/qiskit_mixed_odd_21032705/noise_depolarizing_n7/qiskit_mixed/hea_qcnn/n7/train_size_16/epochs_10/noise_depolarizing_0/seed_0/metrics.json,completed,,,,,,,,0.5913736046131198,,,,,
/scratch/users/jdehoney/eqnn_thesis/data/noisy_comparisons/qiskit_mixed_odd_21032705,/scratch/users/jdehoney/eqnn_thesis/data/noisy_comparisons/qiskit_mixed_odd_21032705/noise_depolarizing_n7,qiskit_mixed,hea_qcnn,7,16,10,1,depolarizing,0.0,/scratch/users/jdehoney/eqnn_thesis/data/noisy_comparisons/qiskit_mixed_odd_21032705/noise_depolarizing_n7/qiskit_mixed/hea_qcnn/n7/train_size_16/epochs_10/noise_depolarizing_0/seed_1,/scratch/users/jdehoney/eqnn_thesis/data/noisy_comparisons/qiskit_mixed_odd_21032705/noise_depolarizing_n7/qiskit_mixed/hea_qcnn/n7/train_size_16/epochs_10/noise_depolarizing_0/seed_1/metrics.json,completed,,,,,,,,0.3987122638233774,,,,,
/scratch/users/jdehoney/eqnn_thesis/data/noisy_comparisons/qiskit_mixed_odd_21032705,/scratch/users/jdehoney/eqnn_thesis/data/noisy_comparisons/qiskit_mixed_odd_21032705/noise_depolarizing_n7,qiskit_mixed,hea_qcnn,7,16,10,2,depolarizing,0.0,/scratch/users/jdehoney/eqnn_thesis/data/noisy_comparisons/qiskit_mixed_odd_21032705/noise_depolarizing_n7/qiskit_mixed/hea_qcnn/n7/train_size_16/epochs_10/noise_depolarizing_0/seed_2,/scratch/users/jdehoney/eqnn_thesis/data/noisy_comparisons/qiskit_mixed_odd_21032705/noise_depolarizing_n7/qiskit_mixed/hea_qcnn/n7/train_size_16/epochs_10/noise_depolarizing_0/seed_2/metrics.json,completed,,,,,,,,0.4998699189118331,,,,,
/scratch/users/jdehoney/eqnn_thesis/data/noisy_comparisons/qiskit_mixed_odd_21032705,/scratch/users/jdehoney/eqnn_thesis/data/noisy_comparisons/qiskit_mixed_odd_21032705/noise_depolarizing_n7,qiskit_mixed,hea_qcnn,7,16,10,0,depolarizing,0.001,/scratch/users/jdehoney/eqnn_thesis/data/noisy_comparisons/qiskit_mixed_odd_21032705/noise_depolarizing_n7/qiskit_mixed/hea_qcnn/n7/train_size_16/epochs_10/noise_depolarizing_0p001/seed_0,/scratch/users/jdehoney/eqnn_thesis/data/noisy_comparisons/qiskit_mixed_odd_21032705/noise_depolarizing_n7/qiskit_mixed/hea_qcnn/n7/train_size_16/epochs_10/noise_depolarizing_0p001/seed_0/metrics.json,completed,,,,,,,,0.5924951716381913,,,,,
/scratch/users/jdehoney/eqnn_thesis/data/noisy_comparisons/qiskit_mixed_odd_21032705,/scratch/users/jdehoney/eqnn_thesis/data/noisy_comparisons/qiskit_mixed_odd_21032705/noise_depolarizing_n7,qiskit_mixed,hea_qcnn,7,16,10,1,depolarizing,0.001,/scratch/users/jdehoney/eqnn_thesis/data/noisy_comparisons/qiskit_mixed_odd_21032705/noise_depolarizing_n7/qiskit_mixed/hea_qcnn/n7/train_size_16/epochs_10/noise_depolarizing_0p001/seed_1,/scratch/users/jdehoney/eqnn_thesis/data/noisy_comparisons/qiskit_mixed_odd_21032705/noise_depolarizing_n7/qiskit_mixed/hea_qcnn/n7/train_size_16/epochs_10/noise_depolarizing_0p001/seed_1/metrics.json,completed,,,,,,,,0.4037409157270156,,,,,
/scratch/users/jdehoney/eqnn_thesis/data/noisy_comparisons/qiskit_mixed_odd_21032705,/scratch/users/jdehoney/eqnn_thesis/data/noisy_comparisons/qiskit_mixed_odd_21032705/noise_depolarizing_n7,qiskit_mixed,hea_qcnn,7,16,10,2,depolarizing,0.001,/scratch/users/jdehoney/eqnn_thesis/data/noisy_comparisons/qiskit_mixed_odd_21032705/noise_depolarizing_n7/qiskit_mixed/hea_qcnn/n7/train_size_16/epochs_10/noise_depolarizing_0p001/seed_2,/scratch/users/jdehoney/eqnn_thesis/data/noisy_comparisons/qiskit_mixed_odd_21032705/noise_depolarizing_n7/qiskit_mixed/hea_qcnn/n7/train_size_16/epochs_10/noise_depolarizing_0p001/seed_2/metrics.json,completed,,,,,,,,0.5027422209683947,,,,,
/scratch/users/jdehoney/eqnn_thesis/data/noisy_comparisons/qiskit_mixed_odd_21032705,/scratch/users/jdehoney/eqnn_thesis/data/noisy_comparisons/qiskit_mixed_odd_21032705/noise_depolarizing_n7,qiskit_mixed,hea_qcnn,7,16,10,0,depolarizing,0.005,/scratch/users/jdehoney/eqnn_thesis/data/noisy_comparisons/qiskit_mixed_odd_21032705/noise_depolarizing_n7/qiskit_mixed/hea_qcnn/n7/train_size_16/epochs_10/noise_depolarizing_0p005/seed_0,/scratch/users/jdehoney/eqnn_thesis/data/noisy_comparisons/qiskit_mixed_odd_21032705/noise_depolarizing_n7/qiskit_mixed/hea_qcnn/n7/train_size_16/epochs_10/noise_depolarizing_0p005/seed_0/metrics.json,completed,,,,,,,,0.5966518286006636,,,,,
/scratch/users/jdehoney/eqnn_thesis/data/noisy_comparisons/qiskit_mixed_odd_21032705,/scratch/users/jdehoney/eqnn_thesis/data/noisy_comparisons/qiskit_mixed_odd_21032705/noise_depolarizing_n7,qiskit_mixed,hea_qcnn,7,16,10,1,depolarizing,0.005,/scratch/users/jdehoney/eqnn_thesis/data/noisy_comparisons/qiskit_mixed_odd_21032705/noise_depolarizing_n7/qiskit_mixed/hea_qcnn/n7/train_size_16/epochs_10/noise_depolarizing_0p005/seed_1,/scratch/users/jdehoney/eqnn_thesis/data/noisy_comparisons/qiskit_mixed_odd_21032705/noise_depolarizing_n7/qiskit_mixed/hea_qcnn/n7/train_size_16/epochs_10/noise_depolarizing_0p005/seed_1/metrics.json,completed,,,,,,,,0.4233182137525749,,,,,
/scratch/users/jdehoney/eqnn_thesis/data/noisy_comparisons/qiskit_mixed_odd_21032705,/scratch/users/jdehoney/eqnn_thesis/data/noisy_comparisons/qiskit_mixed_odd_21032705/noise_depolarizing_n7,qiskit_mixed,hea_qcnn,7,16,10,2,depolarizing,0.005,/scratch/users/jdehoney/eqnn_thesis/data/noisy_comparisons/qiskit_mixed_odd_21032705/noise_depolarizing_n7/qiskit_mixed/hea_qcnn/n7/train_size_16/epochs_10/noise_depolarizing_0p005/seed_2,/scratch/users/jdehoney/eqnn_thesis/data/noisy_comparisons/qiskit_mixed_odd_21032705/noise_depolarizing_n7/qiskit_mixed/hea_qcnn/n7/train_size_16/epochs_10/noise_depolarizing_0p005/seed_2/metrics.json,completed,,,,,,,,0.5137247699090987,,,,,
/scratch/users/jdehoney/eqnn_thesis/data/noisy_comparisons/qiskit_mixed_odd_21032705,/scratch/users/jdehoney/eqnn_thesis/data/noisy_comparisons/qiskit_mixed_odd_21032705/noise_depolarizing_n7,qiskit_mixed,hea_qcnn,7,16,10,0,depolarizing,0.01,/scratch/users/jdehoney/eqnn_thesis/data/noisy_comparisons/qiskit_mixed_odd_21032705/noise_depolarizing_n7/qiskit_mixed/hea_qcnn/n7/train_size_16/epochs_10/noise_depolarizing_0p01/seed_0,/scratch/users/jdehoney/eqnn_thesis/data/noisy_comparisons/qiskit_mixed_odd_21032705/noise_depolarizing_n7/qiskit_mixed/hea_qcnn/n7/train_size_16/epochs_10/noise_depolarizing_0p01/seed_0/metrics.json,completed,,,,,,,,0.6011180751017255,,,,,
/scratch/users/jdehoney/eqnn_thesis/data/noisy_comparisons/qiskit_mixed_odd_21032705,/scratch/users/jdehoney/eqnn_thesis/data/noisy_comparisons/qiskit_mixed_odd_21032705/noise_depolarizing_n7,qiskit_mixed,hea_qcnn,7,16,10,1,depolarizing,0.01,/scratch/users/jdehoney/eqnn_thesis/data/noisy_comparisons/qiskit_mixed_odd_21032705/noise_depolarizing_n7/qiskit_mixed/hea_qcnn/n7/train_size_16/epochs_10/noise_depolarizing_0p01/seed_1,/scratch/users/jdehoney/eqnn_thesis/data/noisy_comparisons/qiskit_mixed_odd_21032705/noise_depolarizing_n7/qiskit_mixed/hea_qcnn/n7/train_size_16/epochs_10/noise_depolarizing_0p01/seed_1/metrics.json,completed,,,,,,,,0.4485336542749313,,,,,
/scratch/users/jdehoney/eqnn_thesis/data/noisy_comparisons/qiskit_mixed_odd_21032705,/scratch/users/jdehoney/eqnn_thesis/data/noisy_comparisons/qiskit_mixed_odd_21032705/noise_depolarizing_n7,qiskit_mixed,hea_qcnn,7,16,10,2,depolarizing,0.01,/scratch/users/jdehoney/eqnn_thesis/data/noisy_comparisons/qiskit_mixed_odd_21032705/noise_depolarizing_n7/qiskit_mixed/hea_qcnn/n7/train_size_16/epochs_10/noise_depolarizing_0p01/seed_2,/scratch/users/jdehoney/eqnn_thesis/data/noisy_comparisons/qiskit_mixed_odd_21032705/noise_depolarizing_n7/qiskit_mixed/hea_qcnn/n7/train_size_16/epochs_10/noise_depolarizing_0p01/seed_2/metrics.json,completed,,,,,,,,0.5249237035699484,,,,,
/scratch/users/jdehoney/eqnn_thesis/data/noisy_comparisons/qiskit_mixed_odd_21032705,/scratch/users/jdehoney/eqnn_thesis/data/noisy_comparisons/qiskit_mixed_odd_21032705/noise_depolarizing_n7,qiskit_mixed,hea_qcnn,7,16,10,0,depolarizing,0.05,/scratch/users/jdehoney/eqnn_thesis/data/noisy_comparisons/qiskit_mixed_odd_21032705/noise_depolarizing_n7/qiskit_mixed/hea_qcnn/n7/train_size_16/epochs_10/noise_depolarizing_0p05/seed_0,/scratch/users/jdehoney/eqnn_thesis/data/noisy_comparisons/qiskit_mixed_odd_21032705/noise_depolarizing_n7/qiskit_mixed/hea_qcnn/n7/train_size_16/epochs_10/noise_depolarizing_0p05/seed_0/metrics.json,completed,,,,,,,,0.6318898771012018,,,,,
/scratch/users/jdehoney/eqnn_thesis/data/noisy_comparisons/qiskit_mixed_odd_21032705,/scratch/users/jdehoney/eqnn_thesis/data/noisy_comparisons/qiskit_mixed_odd_21032705/noise_depolarizing_n7,qiskit_mixed,hea_qcnn,7,16,10,1,depolarizing,0.05,/scratch/users/jdehoney/eqnn_thesis/data/noisy_comparisons/qiskit_mixed_odd_21032705/noise_depolarizing_n7/qiskit_mixed/hea_qcnn/n7/train_size_16/epochs_10/noise_depolarizing_0p05/seed_1,/scratch/users/jdehoney/eqnn_thesis/data/noisy_comparisons/qiskit_mixed_odd_21032705/noise_depolarizing_n7/qiskit_mixed/hea_qcnn/n7/train_size_16/epochs_10/noise_depolarizing_0p05/seed_1/metrics.json,completed,,,,,,,,0.6050554691627443,,,,,
/scratch/users/jdehoney/eqnn_thesis/data/noisy_comparisons/qiskit_mixed_odd_21032705,/scratch/users/jdehoney/eqnn_thesis/data/noisy_comparisons/qiskit_mixed_odd_21032705/noise_depolarizing_n7,qiskit_mixed,hea_qcnn,7,16,10,2,depolarizing,0.05,/scratch/users/jdehoney/eqnn_thesis/data/noisy_comparisons/qiskit_mixed_odd_21032705/noise_depolarizing_n7/qiskit_mixed/hea_qcnn/n7/train_size_16/epochs_10/noise_depolarizing_0p05/seed_2,/scratch/users/jdehoney/eqnn_thesis/data/noisy_comparisons/qiskit_mixed_odd_21032705/noise_depolarizing_n7/qiskit_mixed/hea_qcnn/n7/train_size_16/epochs_10/noise_depolarizing_0p05/seed_2/metrics.json,completed,,,,,,,,0.6364723863514483,,,,,
/scratch/users/jdehoney/eqnn_thesis/data/noisy_comparisons/qiskit_mixed_odd_21032705,/scratch/users/jdehoney/eqnn_thesis/data/noisy_comparisons/qiskit_mixed_odd_21032705/noise_depolarizing_n7,qiskit_mixed,hea_qcnn,7,16,10,0,depolarizing,0.1,/scratch/users/jdehoney/eqnn_thesis/data/noisy_comparisons/qiskit_mixed_odd_21032705/noise_depolarizing_n7/qiskit_mixed/hea_qcnn/n7/train_size_16/epochs_10/noise_depolarizing_0p1/seed_0,/scratch/users/jdehoney/eqnn_thesis/data/noisy_comparisons/qiskit_mixed_odd_21032705/noise_depolarizing_n7/qiskit_mixed/hea_qcnn/n7/train_size_16/epochs_10/noise_depolarizing_0p1/seed_0/metrics.json,completed,,,,,,,,0.6690078475589463,,,,,
/scratch/users/jdehoney/eqnn_thesis/data/noisy_comparisons/qiskit_mixed_odd_21032705,/scratch/users/jdehoney/eqnn_thesis/data/noisy_comparisons/qiskit_mixed_odd_21032705/noise_depolarizing_n7,qiskit_mixed,hea_qcnn,7,16,10,1,depolarizing,0.1,/scratch/users/jdehoney/eqnn_thesis/data/noisy_comparisons/qiskit_mixed_odd_21032705/noise_depolarizing_n7/qiskit_mixed/hea_qcnn/n7/train_size_16/epochs_10/noise_depolarizing_0p1/seed_1,/scratch/users/jdehoney/eqnn_thesis/data/noisy_comparisons/qiskit_mixed_odd_21032705/noise_depolarizing_n7/qiskit_mixed/hea_qcnn/n7/train_size_16/epochs_10/noise_depolarizing_0p1/seed_1/metrics.json,completed,,,,,,,,0.6935940034494923,,,,,
/scratch/users/jdehoney/eqnn_thesis/data/noisy_comparisons/qiskit_mixed_odd_21032705,/scratch/users/jdehoney/eqnn_thesis/data/noisy_comparisons/qiskit_mixed_odd_21032705/noise_depolarizing_n7,qiskit_mixed,hea_qcnn,7,16,10,2,depolarizing,0.1,/scratch/users/jdehoney/eqnn_thesis/data/noisy_comparisons/qiskit_mixed_odd_21032705/noise_depolarizing_n7/qiskit_mixed/hea_qcnn/n7/train_size_16/epochs_10/noise_depolarizing_0p1/seed_2,/scratch/users/jdehoney/eqnn_thesis/data/noisy_comparisons/qiskit_mixed_odd_21032705/noise_depolarizing_n7/qiskit_mixed/hea_qcnn/n7/train_size_16/epochs_10/noise_depolarizing_0p1/seed_2/metrics.json,completed,,,,,,,,0.7042806354309172,,,,,
/scratch/users/jdehoney/eqnn_thesis/data/noisy_comparisons/qiskit_mixed_odd_21032705,/scratch/users/jdehoney/eqnn_thesis/data/noisy_comparisons/qiskit_mixed_odd_21032705/noise_depolarizing_n7,qiskit_mixed,su2_qcnn,7,4,10,0,depolarizing,0.0,/scratch/users/jdehoney/eqnn_thesis/data/noisy_comparisons/qiskit_mixed_odd_21032705/noise_depolarizing_n7/qiskit_mixed/su2_qcnn/n7/train_size_4/epochs_10/noise_depolarizing_0/seed_0,/scratch/users/jdehoney/eqnn_thesis/data/noisy_comparisons/qiskit_mixed_odd_21032705/noise_depolarizing_n7/qiskit_mixed/su2_qcnn/n7/train_size_4/epochs_10/noise_depolarizing_0/seed_0/metrics.json,completed,,,,,,,,0.5442191583302161,,,,,
/scratch/users/jdehoney/eqnn_thesis/data/noisy_comparisons/qiskit_mixed_odd_21032705,/scratch/users/jdehoney/eqnn_thesis/data/noisy_comparisons/qiskit_mixed_odd_21032705/noise_depolarizing_n7,qiskit_mixed,su2_qcnn,7,4,10,1,depolarizing,0.0,/scratch/users/jdehoney/eqnn_thesis/data/noisy_comparisons/qiskit_mixed_odd_21032705/noise_depolarizing_n7/qiskit_mixed/su2_qcnn/n7/train_size_4/epochs_10/noise_depolarizing_0/seed_1,/scratch/users/jdehoney/eqnn_thesis/data/noisy_comparisons/qiskit_mixed_odd_21032705/noise_depolarizing_n7/qiskit_mixed/su2_qcnn/n7/train_size_4/epochs_10/noise_depolarizing_0/seed_1/metrics.json,completed,,,,,,,,0.6786520505095874,,,,,
/scratch/users/jdehoney/eqnn_thesis/data/noisy_comparisons/qiskit_mixed_odd_21032705,/scratch/users/jdehoney/eqnn_thesis/data/noisy_comparisons/qiskit_mixed_odd_21032705/noise_depolarizing_n7,qiskit_mixed,su2_qcnn,7,4,10,2,depolarizing,0.0,/scratch/users/jdehoney/eqnn_thesis/data/noisy_comparisons/qiskit_mixed_odd_21032705/noise_depolarizing_n7/qiskit_mixed/su2_qcnn/n7/train_size_4/epochs_10/noise_depolarizing_0/seed_2,/scratch/users/jdehoney/eqnn_thesis/data/noisy_comparisons/qiskit_mixed_odd_21032705/noise_depolarizing_n7/qiskit_mixed/su2_qcnn/n7/train_size_4/epochs_10/noise_depolarizing_0/seed_2/metrics.json,completed,,,,,,,,0.6077679435100466,,,,,
/scratch/users/jdehoney/eqnn_thesis/data/noisy_comparisons/qiskit_mixed_odd_21032705,/scratch/users/jdehoney/eqnn_thesis/data/noisy_comparisons/qiskit_mixed_odd_21032705/noise_depolarizing_n7,qiskit_mixed,su2_qcnn,7,4,10,0,depolarizing,0.001,/scratch/users/jdehoney/eqnn_thesis/data/noisy_comparisons/qiskit_mixed_odd_21032705/noise_depolarizing_n7/qiskit_mixed/su2_qcnn/n7/train_size_4/epochs_10/noise_depolarizing_0p001/seed_0,/scratch/users/jdehoney/eqnn_thesis/data/noisy_comparisons/qiskit_mixed_odd_21032705/noise_depolarizing_n7/qiskit_mixed/su2_qcnn/n7/train_size_4/epochs_10/noise_depolarizing_0p001/seed_0/metrics.json,completed,,,,,,,,0.5464439347165523,,,,,
/scratch/users/jdehoney/eqnn_thesis/data/noisy_comparisons/qiskit_mixed_odd_21032705,/scratch/users/jdehoney/eqnn_thesis/data/noisy_comparisons/qiskit_mixed_odd_21032705/noise_depolarizing_n7,qiskit_mixed,su2_qcnn,7,4,10,1,depolarizing,0.001,/scratch/users/jdehoney/eqnn_thesis/data/noisy_comparisons/qiskit_mixed_odd_21032705/noise_depolarizing_n7/qiskit_mixed/su2_qcnn/n7/train_size_4/epochs_10/noise_depolarizing_0p001/seed_1,/scratch/users/jdehoney/eqnn_thesis/data/noisy_comparisons/qiskit_mixed_odd_21032705/noise_depolarizing_n7/qiskit_mixed/su2_qcnn/n7/train_size_4/epochs_10/noise_depolarizing_0p001/seed_1/metrics.json,completed,,,,,,,,0.679346591021998,,,,,
/scratch/users/jdehoney/eqnn_thesis/data/noisy_comparisons/qiskit_mixed_odd_21032705,/scratch/users/jdehoney/eqnn_thesis/data/noisy_comparisons/qiskit_mixed_odd_21032705/noise_depolarizing_n7,qiskit_mixed,su2_qcnn,7,4,10,2,depolarizing,0.001,/scratch/users/jdehoney/eqnn_thesis/data/noisy_comparisons/qiskit_mixed_odd_21032705/noise_depolarizing_n7/qiskit_mixed/su2_qcnn/n7/train_size_4/epochs_10/noise_depolarizing_0p001/seed_2,/scratch/users/jdehoney/eqnn_thesis/data/noisy_comparisons/qiskit_mixed_odd_21032705/noise_depolarizing_n7/qiskit_mixed/su2_qcnn/n7/train_size_4/epochs_10/noise_depolarizing_0p001/seed_2/metrics.json,completed,,,,,,,,0.6092358475727162,,,,,
/scratch/users/jdehoney/eqnn_thesis/data/noisy_comparisons/qiskit_mixed_odd_21032705,/scratch/users/jdehoney/eqnn_thesis/data/noisy_comparisons/qiskit_mixed_odd_21032705/noise_depolarizing_n7,qiskit_mixed,su2_qcnn,7,4,10,0,depolarizing,0.005,/scratch/users/jdehoney/eqnn_thesis/data/noisy_comparisons/qiskit_mixed_odd_21032705/noise_depolarizing_n7/qiskit_mixed/su2_qcnn/n7/train_size_4/epochs_10/noise_depolarizing_0p005/seed_0,/scratch/users/jdehoney/eqnn_thesis/data/noisy_comparisons/qiskit_mixed_odd_21032705/noise_depolarizing_n7/qiskit_mixed/su2_qcnn/n7/train_size_4/epochs_10/noise_depolarizing_0p005/seed_0/metrics.json,completed,,,,,,,,0.5552198082906206,,,,,
/scratch/users/jdehoney/eqnn_thesis/data/noisy_comparisons/qiskit_mixed_odd_21032705,/scratch/users/jdehoney/eqnn_thesis/data/noisy_comparisons/qiskit_mixed_odd_21032705/noise_depolarizing_n7,qiskit_mixed,su2_qcnn,7,4,10,1,depolarizing,0.005,/scratch/users/jdehoney/eqnn_thesis/data/noisy_comparisons/qiskit_mixed_odd_21032705/noise_depolarizing_n7/qiskit_mixed/su2_qcnn/n7/train_size_4/epochs_10/noise_depolarizing_0p005/seed_1,/scratch/users/jdehoney/eqnn_thesis/data/noisy_comparisons/qiskit_mixed_odd_21032705/noise_depolarizing_n7/qiskit_mixed/su2_qcnn/n7/train_size_4/epochs_10/noise_depolarizing_0p005/seed_1/metrics.json,completed,,,,,,,,0.6820828421297812,,,,,
/scratch/users/jdehoney/eqnn_thesis/data/noisy_comparisons/qiskit_mixed_odd_21032705,/scratch/users/jdehoney/eqnn_thesis/data/noisy_comparisons/qiskit_mixed_odd_21032705/noise_depolarizing_n7,qiskit_mixed,su2_qcnn,7,4,10,2,depolarizing,0.005,/scratch/users/jdehoney/eqnn_thesis/data/noisy_comparisons/qiskit_mixed_odd_21032705/noise_depolarizing_n7/qiskit_mixed/su2_qcnn/n7/train_size_4/epochs_10/noise_depolarizing_0p005/seed_2,/scratch/users/jdehoney/eqnn_thesis/data/noisy_comparisons/qiskit_mixed_odd_21032705/noise_depolarizing_n7/qiskit_mixed/su2_qcnn/n7/train_size_4/epochs_10/noise_depolarizing_0p005/seed_2/metrics.json,completed,,,,,,,,0.6150312449686826,,,,,
/scratch/users/jdehoney/eqnn_thesis/data/noisy_comparisons/qiskit_mixed_odd_21032705,/scratch/users/jdehoney/eqnn_thesis/data/noisy_comparisons/qiskit_mixed_odd_21032705/noise_depolarizing_n7,qiskit_mixed,su2_qcnn,7,4,10,0,depolarizing,0.01,/scratch/users/jdehoney/eqnn_thesis/data/noisy_comparisons/qiskit_mixed_odd_21032705/noise_depolarizing_n7/qiskit_mixed/su2_qcnn/n7/train_size_4/epochs_10/noise_depolarizing_0p01/seed_0,/scratch/users/jdehoney/eqnn_thesis/data/noisy_comparisons/qiskit_mixed_odd_21032705/noise_depolarizing_n7/qiskit_mixed/su2_qcnn/n7/train_size_4/epochs_10/noise_depolarizing_0p01/seed_0/metrics.json,completed,,,,,,,,0.5658952237843817,,,,,
/scratch/users/jdehoney/eqnn_thesis/data/noisy_comparisons/qiskit_mixed_odd_21032705,/scratch/users/jdehoney/eqnn_thesis/data/noisy_comparisons/qiskit_mixed_odd_21032705/noise_depolarizing_n7,qiskit_mixed,su2_qcnn,7,4,10,1,depolarizing,0.01,/scratch/users/jdehoney/eqnn_thesis/data/noisy_comparisons/qiskit_mixed_odd_21032705/noise_depolarizing_n7/qiskit_mixed/su2_qcnn/n7/train_size_4/epochs_10/noise_depolarizing_0p01/seed_1,/scratch/users/jdehoney/eqnn_thesis/data/noisy_comparisons/qiskit_mixed_odd_21032705/noise_depolarizing_n7/qiskit_mixed/su2_qcnn/n7/train_size_4/epochs_10/noise_depolarizing_0p01/seed_1/metrics.json,completed,,,,,,,,0.6854078666164971,,,,,
/scratch/users/jdehoney/eqnn_thesis/data/noisy_comparisons/qiskit_mixed_odd_21032705,/scratch/users/jdehoney/eqnn_thesis/data/noisy_comparisons/qiskit_mixed_odd_21032705/noise_depolarizing_n7,qiskit_mixed,su2_qcnn,7,4,10,2,depolarizing,0.01,/scratch/users/jdehoney/eqnn_thesis/data/noisy_comparisons/qiskit_mixed_odd_21032705/noise_depolarizing_n7/qiskit_mixed/su2_qcnn/n7/train_size_4/epochs_10/noise_depolarizing_0p01/seed_2,/scratch/users/jdehoney/eqnn_thesis/data/noisy_comparisons/qiskit_mixed_odd_21032705/noise_depolarizing_n7/qiskit_mixed/su2_qcnn/n7/train_size_4/epochs_10/noise_depolarizing_0p01/seed_2/metrics.json,completed,,,,,,,,0.6220952424650352,,,,,
/scratch/users/jdehoney/eqnn_thesis/data/noisy_comparisons/qiskit_mixed_odd_21032705,/scratch/users/jdehoney/eqnn_thesis/data/noisy_comparisons/qiskit_mixed_odd_21032705/noise_depolarizing_n7,qiskit_mixed,su2_qcnn,7,4,10,0,depolarizing,0.05,/scratch/users/jdehoney/eqnn_thesis/data/noisy_comparisons/qiskit_mixed_odd_21032705/noise_depolarizing_n7/qiskit_mixed/su2_qcnn/n7/train_size_4/epochs_10/noise_depolarizing_0p05/seed_0,/scratch/users/jdehoney/eqnn_thesis/data/noisy_comparisons/qiskit_mixed_odd_21032705/noise_depolarizing_n7/qiskit_mixed/su2_qcnn/n7/train_size_4/epochs_10/noise_depolarizing_0p05/seed_0/metrics.json,completed,,,,,,,,0.6377031561290434,,,,,
/scratch/users/jdehoney/eqnn_thesis/data/noisy_comparisons/qiskit_mixed_odd_21032705,/scratch/users/jdehoney/eqnn_thesis/data/noisy_comparisons/qiskit_mixed_odd_21032705/noise_depolarizing_n7,qiskit_mixed,su2_qcnn,7,4,10,1,depolarizing,0.05,/scratch/users/jdehoney/eqnn_thesis/data/noisy_comparisons/qiskit_mixed_odd_21032705/noise_depolarizing_n7/qiskit_mixed/su2_qcnn/n7/train_size_4/epochs_10/noise_depolarizing_0p05/seed_1,/scratch/users/jdehoney/eqnn_thesis/data/noisy_comparisons/qiskit_mixed_odd_21032705/noise_depolarizing_n7/qiskit_mixed/su2_qcnn/n7/train_size_4/epochs_10/noise_depolarizing_0p05/seed_1/metrics.json,completed,,,,,,,,0.7081247619113689,,,,,
/scratch/users/jdehoney/eqnn_thesis/data/noisy_comparisons/qiskit_mixed_odd_21032705,/scratch/users/jdehoney/eqnn_thesis/data/noisy_comparisons/qiskit_mixed_odd_21032705/noise_depolarizing_n7,qiskit_mixed,su2_qcnn,7,4,10,2,depolarizing,0.05,/scratch/users/jdehoney/eqnn_thesis/data/noisy_comparisons/qiskit_mixed_odd_21032705/noise_depolarizing_n7/qiskit_mixed/su2_qcnn/n7/train_size_4/epochs_10/noise_depolarizing_0p05/seed_2,/scratch/users/jdehoney/eqnn_thesis/data/noisy_comparisons/qiskit_mixed_odd_21032705/noise_depolarizing_n7/qiskit_mixed/su2_qcnn/n7/train_size_4/epochs_10/noise_depolarizing_0p05/seed_2/metrics.json,completed,,,,,,,,0.6703678620865621,,,,,
/scratch/users/jdehoney/eqnn_thesis/data/noisy_comparisons/qiskit_mixed_odd_21032705,/scratch/users/jdehoney/eqnn_thesis/data/noisy_comparisons/qiskit_mixed_odd_21032705/noise_depolarizing_n7,qiskit_mixed,su2_qcnn,7,4,10,0,depolarizing,0.1,/scratch/users/jdehoney/eqnn_thesis/data/noisy_comparisons/qiskit_mixed_odd_21032705/noise_depolarizing_n7/qiskit_mixed/su2_qcnn/n7/train_size_4/epochs_10/noise_depolarizing_0p1/seed_0,/scratch/users/jdehoney/eqnn_thesis/data/noisy_comparisons/qiskit_mixed_odd_21032705/noise_depolarizing_n7/qiskit_mixed/su2_qcnn/n7/train_size_4/epochs_10/noise_depolarizing_0p1/seed_0/metrics.json,completed,,,,,,,,0.694233959262833,,,,,
/scratch/users/jdehoney/eqnn_thesis/data/noisy_comparisons/qiskit_mixed_odd_21032705,/scratch/users/jdehoney/eqnn_thesis/data/noisy_comparisons/qiskit_mixed_odd_21032705/noise_depolarizing_n7,qiskit_mixed,su2_qcnn,7,4,10,1,depolarizing,0.1,/scratch/users/jdehoney/eqnn_thesis/data/noisy_comparisons/qiskit_mixed_odd_21032705/noise_depolarizing_n7/qiskit_mixed/su2_qcnn/n7/train_size_4/epochs_10/noise_depolarizing_0p1/seed_1,/scratch/users/jdehoney/eqnn_thesis/data/noisy_comparisons/qiskit_mixed_odd_21032705/noise_depolarizing_n7/qiskit_mixed/su2_qcnn/n7/train_size_4/epochs_10/noise_depolarizing_0p1/seed_1/metrics.json,completed,,,,,,,,0.7273948074175169,,,,,
/scratch/users/jdehoney/eqnn_thesis/data/noisy_comparisons/qiskit_mixed_odd_21032705,/scratch/users/jdehoney/eqnn_thesis/data/noisy_comparisons/qiskit_mixed_odd_21032705/noise_depolarizing_n7,qiskit_mixed,su2_qcnn,7,4,10,2,depolarizing,0.1,/scratch/users/jdehoney/eqnn_thesis/data/noisy_comparisons/qiskit_mixed_odd_21032705/noise_depolarizing_n7/qiskit_mixed/su2_qcnn/n7/train_size_4/epochs_10/noise_depolarizing_0p1/seed_2,/scratch/users/jdehoney/eqnn_thesis/data/noisy_comparisons/qiskit_mixed_odd_21032705/noise_depolarizing_n7/qiskit_mixed/su2_qcnn/n7/train_size_4/epochs_10/noise_depolarizing_0p1/seed_2/metrics.json,completed,,,,,,,,0.7098922112757751,,,,,
/scratch/users/jdehoney/eqnn_thesis/data/noisy_comparisons/qiskit_mixed_odd_21032705,/scratch/users/jdehoney/eqnn_thesis/data/noisy_comparisons/qiskit_mixed_odd_21032705/noise_depolarizing_n7,qiskit_mixed,su2_qcnn,7,8,10,0,depolarizing,0.0,/scratch/users/jdehoney/eqnn_thesis/data/noisy_comparisons/qiskit_mixed_odd_21032705/noise_depolarizing_n7/qiskit_mixed/su2_qcnn/n7/train_size_8/epochs_10/noise_depolarizing_0/seed_0,/scratch/users/jdehoney/eqnn_thesis/data/noisy_comparisons/qiskit_mixed_odd_21032705/noise_depolarizing_n7/qiskit_mixed/su2_qcnn/n7/train_size_8/epochs_10/noise_depolarizing_0/seed_0/metrics.json,completed,,,,,,,,0.5340766446059007,,,,,
/scratch/users/jdehoney/eqnn_thesis/data/noisy_comparisons/qiskit_mixed_odd_21032705,/scratch/users/jdehoney/eqnn_thesis/data/noisy_comparisons/qiskit_mixed_odd_21032705/noise_depolarizing_n7,qiskit_mixed,su2_qcnn,7,8,10,1,depolarizing,0.0,/scratch/users/jdehoney/eqnn_thesis/data/noisy_comparisons/qiskit_mixed_odd_21032705/noise_depolarizing_n7/qiskit_mixed/su2_qcnn/n7/train_size_8/epochs_10/noise_depolarizing_0/seed_1,/scratch/users/jdehoney/eqnn_thesis/data/noisy_comparisons/qiskit_mixed_odd_21032705/noise_depolarizing_n7/qiskit_mixed/su2_qcnn/n7/train_size_8/epochs_10/noise_depolarizing_0/seed_1/metrics.json,completed,,,,,,,,0.4858353425460049,,,,,
/scratch/users/jdehoney/eqnn_thesis/data/noisy_comparisons/qiskit_mixed_odd_21032705,/scratch/users/jdehoney/eqnn_thesis/data/noisy_comparisons/qiskit_mixed_odd_21032705/noise_depolarizing_n7,qiskit_mixed,su2_qcnn,7,8,10,2,depolarizing,0.0,/scratch/users/jdehoney/eqnn_thesis/data/noisy_comparisons/qiskit_mixed_odd_21032705/noise_depolarizing_n7/qiskit_mixed/su2_qcnn/n7/train_size_8/epochs_10/noise_depolarizing_0/seed_2,/scratch/users/jdehoney/eqnn_thesis/data/noisy_comparisons/qiskit_mixed_odd_21032705/noise_depolarizing_n7/qiskit_mixed/su2_qcnn/n7/train_size_8/epochs_10/noise_depolarizing_0/seed_2/metrics.json,completed,,,,,,,,0.5195199988965475,,,,,
/scratch/users/jdehoney/eqnn_thesis/data/noisy_comparisons/qiskit_mixed_odd_21032705,/scratch/users/jdehoney/eqnn_thesis/data/noisy_comparisons/qiskit_mixed_odd_21032705/noise_depolarizing_n7,qiskit_mixed,su2_qcnn,7,8,10,0,depolarizing,0.001,/scratch/users/jdehoney/eqnn_thesis/data/noisy_comparisons/qiskit_mixed_odd_21032705/noise_depolarizing_n7/qiskit_mixed/su2_qcnn/n7/train_size_8/epochs_10/noise_depolarizing_0p001/seed_0,/scratch/users/jdehoney/eqnn_thesis/data/noisy_comparisons/qiskit_mixed_odd_21032705/noise_depolarizing_n7/qiskit_mixed/su2_qcnn/n7/train_size_8/epochs_10/noise_depolarizing_0p001/seed_0/metrics.json,completed,,,,,,,,0.5343170765214817,,,,,
/scratch/users/jdehoney/eqnn_thesis/data/noisy_comparisons/qiskit_mixed_odd_21032705,/scratch/users/jdehoney/eqnn_thesis/data/noisy_comparisons/qiskit_mixed_odd_21032705/noise_depolarizing_n7,qiskit_mixed,su2_qcnn,7,8,10,1,depolarizing,0.001,/scratch/users/jdehoney/eqnn_thesis/data/noisy_comparisons/qiskit_mixed_odd_21032705/noise_depolarizing_n7/qiskit_mixed/su2_qcnn/n7/train_size_8/epochs_10/noise_depolarizing_0p001/seed_1,/scratch/users/jdehoney/eqnn_thesis/data/noisy_comparisons/qiskit_mixed_odd_21032705/noise_depolarizing_n7/qiskit_mixed/su2_qcnn/n7/train_size_8/epochs_10/noise_depolarizing_0p001/seed_1/metrics.json,completed,,,,,,,,0.4869056964823793,,,,,
/scratch/users/jdehoney/eqnn_thesis/data/noisy_comparisons/qiskit_mixed_odd_21032705,/scratch/users/jdehoney/eqnn_thesis/data/noisy_comparisons/qiskit_mixed_odd_21032705/noise_depolarizing_n7,qiskit_mixed,su2_qcnn,7,8,10,2,depolarizing,0.001,/scratch/users/jdehoney/eqnn_thesis/data/noisy_comparisons/qiskit_mixed_odd_21032705/noise_depolarizing_n7/qiskit_mixed/su2_qcnn/n7/train_size_8/epochs_10/noise_depolarizing_0p001/seed_2,/scratch/users/jdehoney/eqnn_thesis/data/noisy_comparisons/qiskit_mixed_odd_21032705/noise_depolarizing_n7/qiskit_mixed/su2_qcnn/n7/train_size_8/epochs_10/noise_depolarizing_0p001/seed_2/metrics.json,completed,,,,,,,,0.5213073821478382,,,,,
/scratch/users/jdehoney/eqnn_thesis/data/noisy_comparisons/qiskit_mixed_odd_21032705,/scratch/users/jdehoney/eqnn_thesis/data/noisy_comparisons/qiskit_mixed_odd_21032705/noise_depolarizing_n7,qiskit_mixed,su2_qcnn,7,8,10,0,depolarizing,0.005,/scratch/users/jdehoney/eqnn_thesis/data/noisy_comparisons/qiskit_mixed_odd_21032705/noise_depolarizing_n7/qiskit_mixed/su2_qcnn/n7/train_size_8/epochs_10/noise_depolarizing_0p005/seed_0,/scratch/users/jdehoney/eqnn_thesis/data/noisy_comparisons/qiskit_mixed_odd_21032705/noise_depolarizing_n7/qiskit_mixed/su2_qcnn/n7/train_size_8/epochs_10/noise_depolarizing_0p005/seed_0/metrics.json,completed,,,,,,,,0.5360008727242105,,,,,
/scratch/users/jdehoney/eqnn_thesis/data/noisy_comparisons/qiskit_mixed_odd_21032705,/scratch/users/jdehoney/eqnn_thesis/data/noisy_comparisons/qiskit_mixed_odd_21032705/noise_depolarizing_n7,qiskit_mixed,su2_qcnn,7,8,10,1,depolarizing,0.005,/scratch/users/jdehoney/eqnn_thesis/data/noisy_comparisons/qiskit_mixed_odd_21032705/noise_depolarizing_n7/qiskit_mixed/su2_qcnn/n7/train_size_8/epochs_10/noise_depolarizing_0p005/seed_1,/scratch/users/jdehoney/eqnn_thesis/data/noisy_comparisons/qiskit_mixed_odd_21032705/noise_depolarizing_n7/qiskit_mixed/su2_qcnn/n7/train_size_8/epochs_10/noise_depolarizing_0p005/seed_1/metrics.json,completed,,,,,,,,0.4913683459331941,,,,,
/scratch/users/jdehoney/eqnn_thesis/data/noisy_comparisons/qiskit_mixed_odd_21032705,/scratch/users/jdehoney/eqnn_thesis/data/noisy_comparisons/qiskit_mixed_odd_21032705/noise_depolarizing_n7,qiskit_mixed,su2_qcnn,7,8,10,2,depolarizing,0.005,/scratch/users/jdehoney/eqnn_thesis/data/noisy_comparisons/qiskit_mixed_odd_21032705/noise_depolarizing_n7/qiskit_mixed/su2_qcnn/n7/train_size_8/epochs_10/noise_depolarizing_0p005/seed_2,/scratch/users/jdehoney/eqnn_thesis/data/noisy_comparisons/qiskit_mixed_odd_21032705/noise_depolarizing_n7/qiskit_mixed/su2_qcnn/n7/train_size_8/epochs_10/noise_depolarizing_0p005/seed_2/metrics.json,completed,,,,,,,,0.52846984181367,,,,,
/scratch/users/jdehoney/eqnn_thesis/data/noisy_comparisons/qiskit_mixed_odd_21032705,/scratch/users/jdehoney/eqnn_thesis/data/noisy_comparisons/qiskit_mixed_odd_21032705/noise_depolarizing_n7,qiskit_mixed,su2_qcnn,7,8,10,0,depolarizing,0.01,/scratch/users/jdehoney/eqnn_thesis/data/noisy_comparisons/qiskit_mixed_odd_21032705/noise_depolarizing_n7/qiskit_mixed/su2_qcnn/n7/train_size_8/epochs_10/noise_depolarizing_0p01/seed_0,/scratch/users/jdehoney/eqnn_thesis/data/noisy_comparisons/qiskit_mixed_odd_21032705/noise_depolarizing_n7/qiskit_mixed/su2_qcnn/n7/train_size_8/epochs_10/noise_depolarizing_0p01/seed_0/metrics.json,completed,,,,,,,,0.5392131673985299,,,,,
/scratch/users/jdehoney/eqnn_thesis/data/noisy_comparisons/qiskit_mixed_odd_21032705,/scratch/users/jdehoney/eqnn_thesis/data/noisy_comparisons/qiskit_mixed_odd_21032705/noise_depolarizing_n7,qiskit_mixed,su2_qcnn,7,8,10,1,depolarizing,0.01,/scratch/users/jdehoney/eqnn_thesis/data/noisy_comparisons/qiskit_mixed_odd_21032705/noise_depolarizing_n7/qiskit_mixed/su2_qcnn/n7/train_size_8/epochs_10/noise_depolarizing_0p01/seed_1,/scratch/users/jdehoney/eqnn_thesis/data/noisy_comparisons/qiskit_mixed_odd_21032705/noise_depolarizing_n7/qiskit_mixed/su2_qcnn/n7/train_size_8/epochs_10/noise_depolarizing_0p01/seed_1/metrics.json,completed,,,,,,,,0.49732479042879674,,,,,
/scratch/users/jdehoney/eqnn_thesis/data/noisy_comparisons/qiskit_mixed_odd_21032705,/scratch/users/jdehoney/eqnn_thesis/data/noisy_comparisons/qiskit_mixed_odd_21032705/noise_depolarizing_n7,qiskit_mixed,su2_qcnn,7,8,10,2,depolarizing,0.01,/scratch/users/jdehoney/eqnn_thesis/data/noisy_comparisons/qiskit_mixed_odd_21032705/noise_depolarizing_n7/qiskit_mixed/su2_qcnn/n7/train_size_8/epochs_10/noise_depolarizing_0p01/seed_2,/scratch/users/jdehoney/eqnn_thesis/data/noisy_comparisons/qiskit_mixed_odd_21032705/noise_depolarizing_n7/qiskit_mixed/su2_qcnn/n7/train_size_8/epochs_10/noise_depolarizing_0p01/seed_2/metrics.json,completed,,,,,,,,0.5372875615221657,,,,,
/scratch/users/jdehoney/eqnn_thesis/data/noisy_comparisons/qiskit_mixed_odd_21032705,/scratch/users/jdehoney/eqnn_thesis/data/noisy_comparisons/qiskit_mixed_odd_21032705/noise_depolarizing_n7,qiskit_mixed,su2_qcnn,7,8,10,0,depolarizing,0.05,/scratch/users/jdehoney/eqnn_thesis/data/noisy_comparisons/qiskit_mixed_odd_21032705/noise_depolarizing_n7/qiskit_mixed/su2_qcnn/n7/train_size_8/epochs_10/noise_depolarizing_0p05/seed_0,/scratch/users/jdehoney/eqnn_thesis/data/noisy_comparisons/qiskit_mixed_odd_21032705/noise_depolarizing_n7/qiskit_mixed/su2_qcnn/n7/train_size_8/epochs_10/noise_depolarizing_0p05/seed_0/metrics.json,completed,,,,,,,,0.5813371483444265,,,,,
/scratch/users/jdehoney/eqnn_thesis/data/noisy_comparisons/qiskit_mixed_odd_21032705,/scratch/users/jdehoney/eqnn_thesis/data/noisy_comparisons/qiskit_mixed_odd_21032705/noise_depolarizing_n7,qiskit_mixed,su2_qcnn,7,8,10,1,depolarizing,0.05,/scratch/users/jdehoney/eqnn_thesis/data/noisy_comparisons/qiskit_mixed_odd_21032705/noise_depolarizing_n7/qiskit_mixed/su2_qcnn/n7/train_size_8/epochs_10/noise_depolarizing_0p05/seed_1,/scratch/users/jdehoney/eqnn_thesis/data/noisy_comparisons/qiskit_mixed_odd_21032705/noise_depolarizing_n7/qiskit_mixed/su2_qcnn/n7/train_size_8/epochs_10/noise_depolarizing_0p05/seed_1/metrics.json,completed,,,,,,,,0.5589257785129753,,,,,
/scratch/users/jdehoney/eqnn_thesis/data/noisy_comparisons/qiskit_mixed_odd_21032705,/scratch/users/jdehoney/eqnn_thesis/data/noisy_comparisons/qiskit_mixed_odd_21032705/noise_depolarizing_n7,qiskit_mixed,su2_qcnn,7,8,10,2,depolarizing,0.05,/scratch/users/jdehoney/eqnn_thesis/data/noisy_comparisons/qiskit_mixed_odd_21032705/noise_depolarizing_n7/qiskit_mixed/su2_qcnn/n7/train_size_8/epochs_10/noise_depolarizing_0p05/seed_2,/scratch/users/jdehoney/eqnn_thesis/data/noisy_comparisons/qiskit_mixed_odd_21032705/noise_depolarizing_n7/qiskit_mixed/su2_qcnn/n7/train_size_8/epochs_10/noise_depolarizing_0p05/seed_2/metrics.json,completed,,,,,,,,0.5895386971444259,,,,,
/scratch/users/jdehoney/eqnn_thesis/data/noisy_comparisons/qiskit_mixed_odd_21032705,/scratch/users/jdehoney/eqnn_thesis/data/noisy_comparisons/qiskit_mixed_odd_21032705/noise_depolarizing_n7,qiskit_mixed,su2_qcnn,7,8,10,0,depolarizing,0.1,/scratch/users/jdehoney/eqnn_thesis/data/noisy_comparisons/qiskit_mixed_odd_21032705/noise_depolarizing_n7/qiskit_mixed/su2_qcnn/n7/train_size_8/epochs_10/noise_depolarizing_0p1/seed_0,/scratch/users/jdehoney/eqnn_thesis/data/noisy_comparisons/qiskit_mixed_odd_21032705/noise_depolarizing_n7/qiskit_mixed/su2_qcnn/n7/train_size_8/epochs_10/noise_depolarizing_0p1/seed_0/metrics.json,completed,,,,,,,,0.6491665922048246,,,,,
/scratch/users/jdehoney/eqnn_thesis/data/noisy_comparisons/qiskit_mixed_odd_21032705,/scratch/users/jdehoney/eqnn_thesis/data/noisy_comparisons/qiskit_mixed_odd_21032705/noise_depolarizing_n7,qiskit_mixed,su2_qcnn,7,8,10,1,depolarizing,0.1,/scratch/users/jdehoney/eqnn_thesis/data/noisy_comparisons/qiskit_mixed_odd_21032705/noise_depolarizing_n7/qiskit_mixed/su2_qcnn/n7/train_size_8/epochs_10/noise_depolarizing_0p1/seed_1,/scratch/users/jdehoney/eqnn_thesis/data/noisy_comparisons/qiskit_mixed_odd_21032705/noise_depolarizing_n7/qiskit_mixed/su2_qcnn/n7/train_size_8/epochs_10/noise_depolarizing_0p1/seed_1/metrics.json,completed,,,,,,,,0.6406952354711999,,,,,
/scratch/users/jdehoney/eqnn_thesis/data/noisy_comparisons/qiskit_mixed_odd_21032705,/scratch/users/jdehoney/eqnn_thesis/data/noisy_comparisons/qiskit_mixed_odd_21032705/noise_depolarizing_n7,qiskit_mixed,su2_qcnn,7,8,10,2,depolarizing,0.1,/scratch/users/jdehoney/eqnn_thesis/data/noisy_comparisons/qiskit_mixed_odd_21032705/noise_depolarizing_n7/qiskit_mixed/su2_qcnn/n7/train_size_8/epochs_10/noise_depolarizing_0p1/seed_2,/scratch/users/jdehoney/eqnn_thesis/data/noisy_comparisons/qiskit_mixed_odd_21032705/noise_depolarizing_n7/qiskit_mixed/su2_qcnn/n7/train_size_8/epochs_10/noise_depolarizing_0p1/seed_2/metrics.json,completed,,,,,,,,0.6470405147377345,,,,,
/scratch/users/jdehoney/eqnn_thesis/data/noisy_comparisons/qiskit_mixed_odd_21032705,/scratch/users/jdehoney/eqnn_thesis/data/noisy_comparisons/qiskit_mixed_odd_21032705/noise_depolarizing_n7,qiskit_mixed,su2_qcnn,7,12,10,0,depolarizing,0.0,/scratch/users/jdehoney/eqnn_thesis/data/noisy_comparisons/qiskit_mixed_odd_21032705/noise_depolarizing_n7/qiskit_mixed/su2_qcnn/n7/train_size_12/epochs_10/noise_depolarizing_0/seed_0,/scratch/users/jdehoney/eqnn_thesis/data/noisy_comparisons/qiskit_mixed_odd_21032705/noise_depolarizing_n7/qiskit_mixed/su2_qcnn/n7/train_size_12/epochs_10/noise_depolarizing_0/seed_0/metrics.json,completed,,,,,,,,0.46743177556002474,,,,,
/scratch/users/jdehoney/eqnn_thesis/data/noisy_comparisons/qiskit_mixed_odd_21032705,/scratch/users/jdehoney/eqnn_thesis/data/noisy_comparisons/qiskit_mixed_odd_21032705/noise_depolarizing_n7,qiskit_mixed,su2_qcnn,7,12,10,1,depolarizing,0.0,/scratch/users/jdehoney/eqnn_thesis/data/noisy_comparisons/qiskit_mixed_odd_21032705/noise_depolarizing_n7/qiskit_mixed/su2_qcnn/n7/train_size_12/epochs_10/noise_depolarizing_0/seed_1,/scratch/users/jdehoney/eqnn_thesis/data/noisy_comparisons/qiskit_mixed_odd_21032705/noise_depolarizing_n7/qiskit_mixed/su2_qcnn/n7/train_size_12/epochs_10/noise_depolarizing_0/seed_1/metrics.json,completed,,,,,,,,0.459253570959392,,,,,
/scratch/users/jdehoney/eqnn_thesis/data/noisy_comparisons/qiskit_mixed_odd_21032705,/scratch/users/jdehoney/eqnn_thesis/data/noisy_comparisons/qiskit_mixed_odd_21032705/noise_depolarizing_n7,qiskit_mixed,su2_qcnn,7,12,10,2,depolarizing,0.0,/scratch/users/jdehoney/eqnn_thesis/data/noisy_comparisons/qiskit_mixed_odd_21032705/noise_depolarizing_n7/qiskit_mixed/su2_qcnn/n7/train_size_12/epochs_10/noise_depolarizing_0/seed_2,/scratch/users/jdehoney/eqnn_thesis/data/noisy_comparisons/qiskit_mixed_odd_21032705/noise_depolarizing_n7/qiskit_mixed/su2_qcnn/n7/train_size_12/epochs_10/noise_depolarizing_0/seed_2/metrics.json,completed,,,,,,,,0.4651310001547156,,,,,
/scratch/users/jdehoney/eqnn_thesis/data/noisy_comparisons/qiskit_mixed_odd_21032705,/scratch/users/jdehoney/eqnn_thesis/data/noisy_comparisons/qiskit_mixed_odd_21032705/noise_depolarizing_n7,qiskit_mixed,su2_qcnn,7,12,10,0,depolarizing,0.001,/scratch/users/jdehoney/eqnn_thesis/data/noisy_comparisons/qiskit_mixed_odd_21032705/noise_depolarizing_n7/qiskit_mixed/su2_qcnn/n7/train_size_12/epochs_10/noise_depolarizing_0p001/seed_0,/scratch/users/jdehoney/eqnn_thesis/data/noisy_comparisons/qiskit_mixed_odd_21032705/noise_depolarizing_n7/qiskit_mixed/su2_qcnn/n7/train_size_12/epochs_10/noise_depolarizing_0p001/seed_0/metrics.json,completed,,,,,,,,0.46814095449651494,,,,,
/scratch/users/jdehoney/eqnn_thesis/data/noisy_comparisons/qiskit_mixed_odd_21032705,/scratch/users/jdehoney/eqnn_thesis/data/noisy_comparisons/qiskit_mixed_odd_21032705/noise_depolarizing_n7,qiskit_mixed,su2_qcnn,7,12,10,1,depolarizing,0.001,/scratch/users/jdehoney/eqnn_thesis/data/noisy_comparisons/qiskit_mixed_odd_21032705/noise_depolarizing_n7/qiskit_mixed/su2_qcnn/n7/train_size_12/epochs_10/noise_depolarizing_0p001/seed_1,/scratch/users/jdehoney/eqnn_thesis/data/noisy_comparisons/qiskit_mixed_odd_21032705/noise_depolarizing_n7/qiskit_mixed/su2_qcnn/n7/train_size_12/epochs_10/noise_depolarizing_0p001/seed_1/metrics.json,completed,,,,,,,,0.46006869359673624,,,,,
/scratch/users/jdehoney/eqnn_thesis/data/noisy_comparisons/qiskit_mixed_odd_21032705,/scratch/users/jdehoney/eqnn_thesis/data/noisy_comparisons/qiskit_mixed_odd_21032705/noise_depolarizing_n7,qiskit_mixed,su2_qcnn,7,12,10,2,depolarizing,0.001,/scratch/users/jdehoney/eqnn_thesis/data/noisy_comparisons/qiskit_mixed_odd_21032705/noise_depolarizing_n7/qiskit_mixed/su2_qcnn/n7/train_size_12/epochs_10/noise_depolarizing_0p001/seed_2,/scratch/users/jdehoney/eqnn_thesis/data/noisy_comparisons/qiskit_mixed_odd_21032705/noise_depolarizing_n7/qiskit_mixed/su2_qcnn/n7/train_size_12/epochs_10/noise_depolarizing_0p001/seed_2/metrics.json,completed,,,,,,,,0.4659189771639204,,,,,
/scratch/users/jdehoney/eqnn_thesis/data/noisy_comparisons/qiskit_mixed_odd_21032705,/scratch/users/jdehoney/eqnn_thesis/data/noisy_comparisons/qiskit_mixed_odd_21032705/noise_depolarizing_n7,qiskit_mixed,su2_qcnn,7,12,10,0,depolarizing,0.005,/scratch/users/jdehoney/eqnn_thesis/data/noisy_comparisons/qiskit_mixed_odd_21032705/noise_depolarizing_n7/qiskit_mixed/su2_qcnn/n7/train_size_12/epochs_10/noise_depolarizing_0p005/seed_0,/scratch/users/jdehoney/eqnn_thesis/data/noisy_comparisons/qiskit_mixed_odd_21032705/noise_depolarizing_n7/qiskit_mixed/su2_qcnn/n7/train_size_12/epochs_10/noise_depolarizing_0p005/seed_0/metrics.json,completed,,,,,,,,0.4713618079920401,,,,,
/scratch/users/jdehoney/eqnn_thesis/data/noisy_comparisons/qiskit_mixed_odd_21032705,/scratch/users/jdehoney/eqnn_thesis/data/noisy_comparisons/qiskit_mixed_odd_21032705/noise_depolarizing_n7,qiskit_mixed,su2_qcnn,7,12,10,1,depolarizing,0.005,/scratch/users/jdehoney/eqnn_thesis/data/noisy_comparisons/qiskit_mixed_odd_21032705/noise_depolarizing_n7/qiskit_mixed/su2_qcnn/n7/train_size_12/epochs_10/noise_depolarizing_0p005/seed_1,/scratch/users/jdehoney/eqnn_thesis/data/noisy_comparisons/qiskit_mixed_odd_21032705/noise_depolarizing_n7/qiskit_mixed/su2_qcnn/n7/train_size_12/epochs_10/noise_depolarizing_0p005/seed_1/metrics.json,completed,,,,,,,,0.46385284428368284,,,,,
/scratch/users/jdehoney/eqnn_thesis/data/noisy_comparisons/qiskit_mixed_odd_21032705,/scratch/users/jdehoney/eqnn_thesis/data/noisy_comparisons/qiskit_mixed_odd_21032705/noise_depolarizing_n7,qiskit_mixed,su2_qcnn,7,12,10,2,depolarizing,0.005,/scratch/users/jdehoney/eqnn_thesis/data/noisy_comparisons/qiskit_mixed_odd_21032705/noise_depolarizing_n7/qiskit_mixed/su2_qcnn/n7/train_size_12/epochs_10/noise_depolarizing_0p005/seed_2,/scratch/users/jdehoney/eqnn_thesis/data/noisy_comparisons/qiskit_mixed_odd_21032705/noise_depolarizing_n7/qiskit_mixed/su2_qcnn/n7/train_size_12/epochs_10/noise_depolarizing_0p005/seed_2/metrics.json,completed,,,,,,,,0.46959046497160967,,,,,
/scratch/users/jdehoney/eqnn_thesis/data/noisy_comparisons/qiskit_mixed_odd_21032705,/scratch/users/jdehoney/eqnn_thesis/data/noisy_comparisons/qiskit_mixed_odd_21032705/noise_depolarizing_n7,qiskit_mixed,su2_qcnn,7,12,10,0,depolarizing,0.01,/scratch/users/jdehoney/eqnn_thesis/data/noisy_comparisons/qiskit_mixed_odd_21032705/noise_depolarizing_n7/qiskit_mixed/su2_qcnn/n7/train_size_12/epochs_10/noise_depolarizing_0p01/seed_0,/scratch/users/jdehoney/eqnn_thesis/data/noisy_comparisons/qiskit_mixed_odd_21032705/noise_depolarizing_n7/qiskit_mixed/su2_qcnn/n7/train_size_12/epochs_10/noise_depolarizing_0p01/seed_0/metrics.json,completed,,,,,,,,0.4764884036481498,,,,,
/scratch/users/jdehoney/eqnn_thesis/data/noisy_comparisons/qiskit_mixed_odd_21032705,/scratch/users/jdehoney/eqnn_thesis/data/noisy_comparisons/qiskit_mixed_odd_21032705/noise_depolarizing_n7,qiskit_mixed,su2_qcnn,7,12,10,1,depolarizing,0.01,/scratch/users/jdehoney/eqnn_thesis/data/noisy_comparisons/qiskit_mixed_odd_21032705/noise_depolarizing_n7/qiskit_mixed/su2_qcnn/n7/train_size_12/epochs_10/noise_depolarizing_0p01/seed_1,/scratch/users/jdehoney/eqnn_thesis/data/noisy_comparisons/qiskit_mixed_odd_21032705/noise_depolarizing_n7/qiskit_mixed/su2_qcnn/n7/train_size_12/epochs_10/noise_depolarizing_0p01/seed_1/metrics.json,completed,,,,,,,,0.469729303960068,,,,,
/scratch/users/jdehoney/eqnn_thesis/data/noisy_comparisons/qiskit_mixed_odd_21032705,/scratch/users/jdehoney/eqnn_thesis/data/noisy_comparisons/qiskit_mixed_odd_21032705/noise_depolarizing_n7,qiskit_mixed,su2_qcnn,7,12,10,2,depolarizing,0.01,/scratch/users/jdehoney/eqnn_thesis/data/noisy_comparisons/qiskit_mixed_odd_21032705/noise_depolarizing_n7/qiskit_mixed/su2_qcnn/n7/train_size_12/epochs_10/noise_depolarizing_0p01/seed_2,/scratch/users/jdehoney/eqnn_thesis/data/noisy_comparisons/qiskit_mixed_odd_21032705/noise_depolarizing_n7/qiskit_mixed/su2_qcnn/n7/train_size_12/epochs_10/noise_depolarizing_0p01/seed_2/metrics.json,completed,,,,,,,,0.4753161081699387,,,,,
/scratch/users/jdehoney/eqnn_thesis/data/noisy_comparisons/qiskit_mixed_odd_21032705,/scratch/users/jdehoney/eqnn_thesis/data/noisy_comparisons/qiskit_mixed_odd_21032705/noise_depolarizing_n7,qiskit_mixed,su2_qcnn,7,12,10,0,depolarizing,0.05,/scratch/users/jdehoney/eqnn_thesis/data/noisy_comparisons/qiskit_mixed_odd_21032705/noise_depolarizing_n7/qiskit_mixed/su2_qcnn/n7/train_size_12/epochs_10/noise_depolarizing_0p05/seed_0,/scratch/users/jdehoney/eqnn_thesis/data/noisy_comparisons/qiskit_mixed_odd_21032705/noise_depolarizing_n7/qiskit_mixed/su2_qcnn/n7/train_size_12/epochs_10/noise_depolarizing_0p05/seed_0/metrics.json,completed,,,,,,,,0.5467018172601139,,,,,
/scratch/users/jdehoney/eqnn_thesis/data/noisy_comparisons/qiskit_mixed_odd_21032705,/scratch/users/jdehoney/eqnn_thesis/data/noisy_comparisons/qiskit_mixed_odd_21032705/noise_depolarizing_n7,qiskit_mixed,su2_qcnn,7,12,10,1,depolarizing,0.05,/scratch/users/jdehoney/eqnn_thesis/data/noisy_comparisons/qiskit_mixed_odd_21032705/noise_depolarizing_n7/qiskit_mixed/su2_qcnn/n7/train_size_12/epochs_10/noise_depolarizing_0p05/seed_1,/scratch/users/jdehoney/eqnn_thesis/data/noisy_comparisons/qiskit_mixed_odd_21032705/noise_depolarizing_n7/qiskit_mixed/su2_qcnn/n7/train_size_12/epochs_10/noise_depolarizing_0p05/seed_1/metrics.json,completed,,,,,,,,0.5406428863775279,,,,,
/scratch/users/jdehoney/eqnn_thesis/data/noisy_comparisons/qiskit_mixed_odd_21032705,/scratch/users/jdehoney/eqnn_thesis/data/noisy_comparisons/qiskit_mixed_odd_21032705/noise_depolarizing_n7,qiskit_mixed,su2_qcnn,7,12,10,2,depolarizing,0.05,/scratch/users/jdehoney/eqnn_thesis/data/noisy_comparisons/qiskit_mixed_odd_21032705/noise_depolarizing_n7/qiskit_mixed/su2_qcnn/n7/train_size_12/epochs_10/noise_depolarizing_0p05/seed_2,/scratch/users/jdehoney/eqnn_thesis/data/noisy_comparisons/qiskit_mixed_odd_21032705/noise_depolarizing_n7/qiskit_mixed/su2_qcnn/n7/train_size_12/epochs_10/noise_depolarizing_0p05/seed_2/metrics.json,completed,,,,,,,,0.5446617806360179,,,,,
/scratch/users/jdehoney/eqnn_thesis/data/noisy_comparisons/qiskit_mixed_odd_21032705,/scratch/users/jdehoney/eqnn_thesis/data/noisy_comparisons/qiskit_mixed_odd_21032705/noise_depolarizing_n7,qiskit_mixed,su2_qcnn,7,12,10,0,depolarizing,0.1,/scratch/users/jdehoney/eqnn_thesis/data/noisy_comparisons/qiskit_mixed_odd_21032705/noise_depolarizing_n7/qiskit_mixed/su2_qcnn/n7/train_size_12/epochs_10/noise_depolarizing_0p1/seed_0,/scratch/users/jdehoney/eqnn_thesis/data/noisy_comparisons/qiskit_mixed_odd_21032705/noise_depolarizing_n7/qiskit_mixed/su2_qcnn/n7/train_size_12/epochs_10/noise_depolarizing_0p1/seed_0/metrics.json,completed,,,,,,,,0.637141684903731,,,,,
/scratch/users/jdehoney/eqnn_thesis/data/noisy_comparisons/qiskit_mixed_odd_21032705,/scratch/users/jdehoney/eqnn_thesis/data/noisy_comparisons/qiskit_mixed_odd_21032705/noise_depolarizing_n7,qiskit_mixed,su2_qcnn,7,12,10,1,depolarizing,0.1,/scratch/users/jdehoney/eqnn_thesis/data/noisy_comparisons/qiskit_mixed_odd_21032705/noise_depolarizing_n7/qiskit_mixed/su2_qcnn/n7/train_size_12/epochs_10/noise_depolarizing_0p1/seed_1,/scratch/users/jdehoney/eqnn_thesis/data/noisy_comparisons/qiskit_mixed_odd_21032705/noise_depolarizing_n7/qiskit_mixed/su2_qcnn/n7/train_size_12/epochs_10/noise_depolarizing_0p1/seed_1/metrics.json,completed,,,,,,,,0.6271179166320378,,,,,
/scratch/users/jdehoney/eqnn_thesis/data/noisy_comparisons/qiskit_mixed_odd_21032705,/scratch/users/jdehoney/eqnn_thesis/data/noisy_comparisons/qiskit_mixed_odd_21032705/noise_depolarizing_n7,qiskit_mixed,su2_qcnn,7,12,10,2,depolarizing,0.1,/scratch/users/jdehoney/eqnn_thesis/data/noisy_comparisons/qiskit_mixed_odd_21032705/noise_depolarizing_n7/qiskit_mixed/su2_qcnn/n7/train_size_12/epochs_10/noise_depolarizing_0p1/seed_2,/scratch/users/jdehoney/eqnn_thesis/data/noisy_comparisons/qiskit_mixed_odd_21032705/noise_depolarizing_n7/qiskit_mixed/su2_qcnn/n7/train_size_12/epochs_10/noise_depolarizing_0p1/seed_2/metrics.json,completed,,,,,,,,0.6290070018656173,,,,,
/scratch/users/jdehoney/eqnn_thesis/data/noisy_comparisons/qiskit_mixed_odd_21032705,/scratch/users/jdehoney/eqnn_thesis/data/noisy_comparisons/qiskit_mixed_odd_21032705/noise_depolarizing_n7,qiskit_mixed,su2_qcnn,7,16,10,0,depolarizing,0.0,/scratch/users/jdehoney/eqnn_thesis/data/noisy_comparisons/qiskit_mixed_odd_21032705/noise_depolarizing_n7/qiskit_mixed/su2_qcnn/n7/train_size_16/epochs_10/noise_depolarizing_0/seed_0,/scratch/users/jdehoney/eqnn_thesis/data/noisy_comparisons/qiskit_mixed_odd_21032705/noise_depolarizing_n7/qiskit_mixed/su2_qcnn/n7/train_size_16/epochs_10/noise_depolarizing_0/seed_0/metrics.json,completed,,,,,,,,0.49955576036632243,,,,,
/scratch/users/jdehoney/eqnn_thesis/data/noisy_comparisons/qiskit_mixed_odd_21032705,/scratch/users/jdehoney/eqnn_thesis/data/noisy_comparisons/qiskit_mixed_odd_21032705/noise_depolarizing_n7,qiskit_mixed,su2_qcnn,7,16,10,1,depolarizing,0.0,/scratch/users/jdehoney/eqnn_thesis/data/noisy_comparisons/qiskit_mixed_odd_21032705/noise_depolarizing_n7/qiskit_mixed/su2_qcnn/n7/train_size_16/epochs_10/noise_depolarizing_0/seed_1,/scratch/users/jdehoney/eqnn_thesis/data/noisy_comparisons/qiskit_mixed_odd_21032705/noise_depolarizing_n7/qiskit_mixed/su2_qcnn/n7/train_size_16/epochs_10/noise_depolarizing_0/seed_1/metrics.json,completed,,,,,,,,0.48294707396058467,,,,,
/scratch/users/jdehoney/eqnn_thesis/data/noisy_comparisons/qiskit_mixed_odd_21032705,/scratch/users/jdehoney/eqnn_thesis/data/noisy_comparisons/qiskit_mixed_odd_21032705/noise_depolarizing_n7,qiskit_mixed,su2_qcnn,7,16,10,2,depolarizing,0.0,/scratch/users/jdehoney/eqnn_thesis/data/noisy_comparisons/qiskit_mixed_odd_21032705/noise_depolarizing_n7/qiskit_mixed/su2_qcnn/n7/train_size_16/epochs_10/noise_depolarizing_0/seed_2,/scratch/users/jdehoney/eqnn_thesis/data/noisy_comparisons/qiskit_mixed_odd_21032705/noise_depolarizing_n7/qiskit_mixed/su2_qcnn/n7/train_size_16/epochs_10/noise_depolarizing_0/seed_2/metrics.json,completed,,,,,,,,0.4681214165979988,,,,,
/scratch/users/jdehoney/eqnn_thesis/data/noisy_comparisons/qiskit_mixed_odd_21032705,/scratch/users/jdehoney/eqnn_thesis/data/noisy_comparisons/qiskit_mixed_odd_21032705/noise_depolarizing_n7,qiskit_mixed,su2_qcnn,7,16,10,0,depolarizing,0.001,/scratch/users/jdehoney/eqnn_thesis/data/noisy_comparisons/qiskit_mixed_odd_21032705/noise_depolarizing_n7/qiskit_mixed/su2_qcnn/n7/train_size_16/epochs_10/noise_depolarizing_0p001/seed_0,/scratch/users/jdehoney/eqnn_thesis/data/noisy_comparisons/qiskit_mixed_odd_21032705/noise_depolarizing_n7/qiskit_mixed/su2_qcnn/n7/train_size_16/epochs_10/noise_depolarizing_0p001/seed_0/metrics.json,completed,,,,,,,,0.5002216342248099,,,,,
/scratch/users/jdehoney/eqnn_thesis/data/noisy_comparisons/qiskit_mixed_odd_21032705,/scratch/users/jdehoney/eqnn_thesis/data/noisy_comparisons/qiskit_mixed_odd_21032705/noise_depolarizing_n7,qiskit_mixed,su2_qcnn,7,16,10,1,depolarizing,0.001,/scratch/users/jdehoney/eqnn_thesis/data/noisy_comparisons/qiskit_mixed_odd_21032705/noise_depolarizing_n7/qiskit_mixed/su2_qcnn/n7/train_size_16/epochs_10/noise_depolarizing_0p001/seed_1,/scratch/users/jdehoney/eqnn_thesis/data/noisy_comparisons/qiskit_mixed_odd_21032705/noise_depolarizing_n7/qiskit_mixed/su2_qcnn/n7/train_size_16/epochs_10/noise_depolarizing_0p001/seed_1/metrics.json,completed,,,,,,,,0.48369379385624506,,,,,
/scratch/users/jdehoney/eqnn_thesis/data/noisy_comparisons/qiskit_mixed_odd_21032705,/scratch/users/jdehoney/eqnn_thesis/data/noisy_comparisons/qiskit_mixed_odd_21032705/noise_depolarizing_n7,qiskit_mixed,su2_qcnn,7,16,10,2,depolarizing,0.001,/scratch/users/jdehoney/eqnn_thesis/data/noisy_comparisons/qiskit_mixed_odd_21032705/noise_depolarizing_n7/qiskit_mixed/su2_qcnn/n7/train_size_16/epochs_10/noise_depolarizing_0p001/seed_2,/scratch/users/jdehoney/eqnn_thesis/data/noisy_comparisons/qiskit_mixed_odd_21032705/noise_depolarizing_n7/qiskit_mixed/su2_qcnn/n7/train_size_16/epochs_10/noise_depolarizing_0p001/seed_2/metrics.json,completed,,,,,,,,0.4693330187916054,,,,,
/scratch/users/jdehoney/eqnn_thesis/data/noisy_comparisons/qiskit_mixed_odd_21032705,/scratch/users/jdehoney/eqnn_thesis/data/noisy_comparisons/qiskit_mixed_odd_21032705/noise_depolarizing_n7,qiskit_mixed,su2_qcnn,7,16,10,0,depolarizing,0.005,/scratch/users/jdehoney/eqnn_thesis/data/noisy_comparisons/qiskit_mixed_odd_21032705/noise_depolarizing_n7/qiskit_mixed/su2_qcnn/n7/train_size_16/epochs_10/noise_depolarizing_0p005/seed_0,/scratch/users/jdehoney/eqnn_thesis/data/noisy_comparisons/qiskit_mixed_odd_21032705/noise_depolarizing_n7/qiskit_mixed/su2_qcnn/n7/train_size_16/epochs_10/noise_depolarizing_0p005/seed_0/metrics.json,completed,,,,,,,,0.4731088476830212,,,,,
/scratch/users/jdehoney/eqnn_thesis/data/noisy_comparisons/qiskit_mixed_odd_21032705,/scratch/users/jdehoney/eqnn_thesis/data/noisy_comparisons/qiskit_mixed_odd_21032705/noise_depolarizing_n7,qiskit_mixed,su2_qcnn,7,16,10,1,depolarizing,0.005,/scratch/users/jdehoney/eqnn_thesis/data/noisy_comparisons/qiskit_mixed_odd_21032705/noise_depolarizing_n7/qiskit_mixed/su2_qcnn/n7/train_size_16/epochs_10/noise_depolarizing_0p005/seed_1,/scratch/users/jdehoney/eqnn_thesis/data/noisy_comparisons/qiskit_mixed_odd_21032705/noise_depolarizing_n7/qiskit_mixed/su2_qcnn/n7/train_size_16/epochs_10/noise_depolarizing_0p005/seed_1/metrics.json,completed,,,,,,,,0.48714701889505907,,,,,
/scratch/users/jdehoney/eqnn_thesis/data/noisy_comparisons/qiskit_mixed_odd_21032705,/scratch/users/jdehoney/eqnn_thesis/data/noisy_comparisons/qiskit_mixed_odd_21032705/noise_depolarizing_n7,qiskit_mixed,su2_qcnn,7,16,10,2,depolarizing,0.005,/scratch/users/jdehoney/eqnn_thesis/data/noisy_comparisons/qiskit_mixed_odd_21032705/noise_depolarizing_n7/qiskit_mixed/su2_qcnn/n7/train_size_16/epochs_10/noise_depolarizing_0p005/seed_2,/scratch/users/jdehoney/eqnn_thesis/data/noisy_comparisons/qiskit_mixed_odd_21032705/noise_depolarizing_n7/qiskit_mixed/su2_qcnn/n7/train_size_16/epochs_10/noise_depolarizing_0p005/seed_2/metrics.json,completed,,,,,,,,0.47441957803518187,,,,,
/scratch/users/jdehoney/eqnn_thesis/data/noisy_comparisons/qiskit_mixed_odd_21032705,/scratch/users/jdehoney/eqnn_thesis/data/noisy_comparisons/qiskit_mixed_odd_21032705/noise_depolarizing_n7,qiskit_mixed,su2_qcnn,7,16,10,0,depolarizing,0.01,/scratch/users/jdehoney/eqnn_thesis/data/noisy_comparisons/qiskit_mixed_odd_21032705/noise_depolarizing_n7/qiskit_mixed/su2_qcnn/n7/train_size_16/epochs_10/noise_depolarizing_0p01/seed_0,/scratch/users/jdehoney/eqnn_thesis/data/noisy_comparisons/qiskit_mixed_odd_21032705/noise_depolarizing_n7/qiskit_mixed/su2_qcnn/n7/train_size_16/epochs_10/noise_depolarizing_0p01/seed_0/metrics.json,completed,,,,,,,,0.48153401972540083,,,,,
/scratch/users/jdehoney/eqnn_thesis/data/noisy_comparisons/qiskit_mixed_odd_21032705,/scratch/users/jdehoney/eqnn_thesis/data/noisy_comparisons/qiskit_mixed_odd_21032705/noise_depolarizing_n7,qiskit_mixed,su2_qcnn,7,16,10,1,depolarizing,0.01,/scratch/users/jdehoney/eqnn_thesis/data/noisy_comparisons/qiskit_mixed_odd_21032705/noise_depolarizing_n7/qiskit_mixed/su2_qcnn/n7/train_size_16/epochs_10/noise_depolarizing_0p01/seed_1,/scratch/users/jdehoney/eqnn_thesis/data/noisy_comparisons/qiskit_mixed_odd_21032705/noise_depolarizing_n7/qiskit_mixed/su2_qcnn/n7/train_size_16/epochs_10/noise_depolarizing_0p01/seed_1/metrics.json,completed,,,,,,,,0.49216958412074374,,,,,
/scratch/users/jdehoney/eqnn_thesis/data/noisy_comparisons/qiskit_mixed_odd_21032705,/scratch/users/jdehoney/eqnn_thesis/data/noisy_comparisons/qiskit_mixed_odd_21032705/noise_depolarizing_n7,qiskit_mixed,su2_qcnn,7,16,10,2,depolarizing,0.01,/scratch/users/jdehoney/eqnn_thesis/data/noisy_comparisons/qiskit_mixed_odd_21032705/noise_depolarizing_n7/qiskit_mixed/su2_qcnn/n7/train_size_16/epochs_10/noise_depolarizing_0p01/seed_2,/scratch/users/jdehoney/eqnn_thesis/data/noisy_comparisons/qiskit_mixed_odd_21032705/noise_depolarizing_n7/qiskit_mixed/su2_qcnn/n7/train_size_16/epochs_10/noise_depolarizing_0p01/seed_2/metrics.json,completed,,,,,,,,0.48168063132410005,,,,,
/scratch/users/jdehoney/eqnn_thesis/data/noisy_comparisons/qiskit_mixed_odd_21032705,/scratch/users/jdehoney/eqnn_thesis/data/noisy_comparisons/qiskit_mixed_odd_21032705/noise_depolarizing_n7,qiskit_mixed,su2_qcnn,7,16,10,0,depolarizing,0.05,/scratch/users/jdehoney/eqnn_thesis/data/noisy_comparisons/qiskit_mixed_odd_21032705/noise_depolarizing_n7/qiskit_mixed/su2_qcnn/n7/train_size_16/epochs_10/noise_depolarizing_0p05/seed_0,/scratch/users/jdehoney/eqnn_thesis/data/noisy_comparisons/qiskit_mixed_odd_21032705/noise_depolarizing_n7/qiskit_mixed/su2_qcnn/n7/train_size_16/epochs_10/noise_depolarizing_0p05/seed_0/metrics.json,completed,,,,,,,,0.5467600379815727,,,,,
/scratch/users/jdehoney/eqnn_thesis/data/noisy_comparisons/qiskit_mixed_odd_21032705,/scratch/users/jdehoney/eqnn_thesis/data/noisy_comparisons/qiskit_mixed_odd_21032705/noise_depolarizing_n7,qiskit_mixed,su2_qcnn,7,16,10,1,depolarizing,0.05,/scratch/users/jdehoney/eqnn_thesis/data/noisy_comparisons/qiskit_mixed_odd_21032705/noise_depolarizing_n7/qiskit_mixed/su2_qcnn/n7/train_size_16/epochs_10/noise_depolarizing_0p05/seed_1,/scratch/users/jdehoney/eqnn_thesis/data/noisy_comparisons/qiskit_mixed_odd_21032705/noise_depolarizing_n7/qiskit_mixed/su2_qcnn/n7/train_size_16/epochs_10/noise_depolarizing_0p05/seed_1/metrics.json,completed,,,,,,,,0.5489179576708143,,,,,
/scratch/users/jdehoney/eqnn_thesis/data/noisy_comparisons/qiskit_mixed_odd_21032705,/scratch/users/jdehoney/eqnn_thesis/data/noisy_comparisons/qiskit_mixed_odd_21032705/noise_depolarizing_n7,qiskit_mixed,su2_qcnn,7,16,10,2,depolarizing,0.05,/scratch/users/jdehoney/eqnn_thesis/data/noisy_comparisons/qiskit_mixed_odd_21032705/noise_depolarizing_n7/qiskit_mixed/su2_qcnn/n7/train_size_16/epochs_10/noise_depolarizing_0p05/seed_2,/scratch/users/jdehoney/eqnn_thesis/data/noisy_comparisons/qiskit_mixed_odd_21032705/noise_depolarizing_n7/qiskit_mixed/su2_qcnn/n7/train_size_16/epochs_10/noise_depolarizing_0p05/seed_2/metrics.json,completed,,,,,,,,0.5549183886255769,,,,,
/scratch/users/jdehoney/eqnn_thesis/data/noisy_comparisons/qiskit_mixed_odd_21032705,/scratch/users/jdehoney/eqnn_thesis/data/noisy_comparisons/qiskit_mixed_odd_21032705/noise_depolarizing_n7,qiskit_mixed,su2_qcnn,7,16,10,0,depolarizing,0.1,/scratch/users/jdehoney/eqnn_thesis/data/noisy_comparisons/qiskit_mixed_odd_21032705/noise_depolarizing_n7/qiskit_mixed/su2_qcnn/n7/train_size_16/epochs_10/noise_depolarizing_0p1/seed_0,/scratch/users/jdehoney/eqnn_thesis/data/noisy_comparisons/qiskit_mixed_odd_21032705/noise_depolarizing_n7/qiskit_mixed/su2_qcnn/n7/train_size_16/epochs_10/noise_depolarizing_0p1/seed_0/metrics.json,completed,,,,,,,,0.6276882839895118,,,,,
/scratch/users/jdehoney/eqnn_thesis/data/noisy_comparisons/qiskit_mixed_odd_21032705,/scratch/users/jdehoney/eqnn_thesis/data/noisy_comparisons/qiskit_mixed_odd_21032705/noise_depolarizing_n7,qiskit_mixed,su2_qcnn,7,16,10,1,depolarizing,0.1,/scratch/users/jdehoney/eqnn_thesis/data/noisy_comparisons/qiskit_mixed_odd_21032705/noise_depolarizing_n7/qiskit_mixed/su2_qcnn/n7/train_size_16/epochs_10/noise_depolarizing_0p1/seed_1,/scratch/users/jdehoney/eqnn_thesis/data/noisy_comparisons/qiskit_mixed_odd_21032705/noise_depolarizing_n7/qiskit_mixed/su2_qcnn/n7/train_size_16/epochs_10/noise_depolarizing_0p1/seed_1/metrics.json,completed,,,,,,,,0.6326508983749478,,,,,
/scratch/users/jdehoney/eqnn_thesis/data/noisy_comparisons/qiskit_mixed_odd_21032705,/scratch/users/jdehoney/eqnn_thesis/data/noisy_comparisons/qiskit_mixed_odd_21032705/noise_depolarizing_n7,qiskit_mixed,su2_qcnn,7,16,10,2,depolarizing,0.1,/scratch/users/jdehoney/eqnn_thesis/data/noisy_comparisons/qiskit_mixed_odd_21032705/noise_depolarizing_n7/qiskit_mixed/su2_qcnn/n7/train_size_16/epochs_10/noise_depolarizing_0p1/seed_2,/scratch/users/jdehoney/eqnn_thesis/data/noisy_comparisons/qiskit_mixed_odd_21032705/noise_depolarizing_n7/qiskit_mixed/su2_qcnn/n7/train_size_16/epochs_10/noise_depolarizing_0p1/seed_2/metrics.json,completed,,,,,,,,0.6399057359233928,,,,,
/scratch/users/jdehoney/eqnn_thesis/data/noisy_comparisons/qiskit_mixed_odd_21032705,/scratch/users/jdehoney/eqnn_thesis/data/noisy_comparisons/qiskit_mixed_odd_21032705/noise_coherent_overrotation_n9,qiskit_mixed,su2_qcnn,9,4,10,0,coherent_overrotation,0.0,/scratch/users/jdehoney/eqnn_thesis/data/noisy_comparisons/qiskit_mixed_odd_21032705/noise_coherent_overrotation_n9/qiskit_mixed/su2_qcnn/n9/train_size_4/epochs_10/noise_coherent_overrotation_0/seed_0,/scratch/users/jdehoney/eqnn_thesis/data/noisy_comparisons/qiskit_mixed_odd_21032705/noise_coherent_overrotation_n9/qiskit_mixed/su2_qcnn/n9/train_size_4/epochs_10/noise_coherent_overrotation_0/seed_0/metrics.json,completed,,,,,,,,0.5333780613219912,,,,,
/scratch/users/jdehoney/eqnn_thesis/data/noisy_comparisons/qiskit_mixed_odd_21138144,/scratch/users/jdehoney/eqnn_thesis/data/noisy_comparisons/qiskit_mixed_odd_21138144/noise_coherent_overrotation_n9,qiskit_mixed,su2_qcnn,9,4,10,0,coherent_overrotation,0.0,/scratch/users/jdehoney/eqnn_thesis/data/noisy_comparisons/qiskit_mixed_odd_21138144/noise_coherent_overrotation_n9/qiskit_mixed/su2_qcnn/n9/train_size_4/epochs_10/noise_coherent_overrotation_0/seed_0,/scratch/users/jdehoney/eqnn_thesis/data/noisy_comparisons/qiskit_mixed_odd_21138144/noise_coherent_overrotation_n9/qiskit_mixed/su2_qcnn/n9/train_size_4/epochs_10/noise_coherent_overrotation_0/seed_0/metrics.json,completed,,,,,,,,0.5333780613219912,,,,,
/scratch/users/jdehoney/eqnn_thesis/data/noisy_comparisons/qiskit_mixed_odd_21032705,/scratch/users/jdehoney/eqnn_thesis/data/noisy_comparisons/qiskit_mixed_odd_21032705/noise_coherent_overrotation_n9,qiskit_mixed,su2_qcnn,9,4,10,1,coherent_overrotation,0.0,/scratch/users/jdehoney/eqnn_thesis/data/noisy_comparisons/qiskit_mixed_odd_21032705/noise_coherent_overrotation_n9/qiskit_mixed/su2_qcnn/n9/train_size_4/epochs_10/noise_coherent_overrotation_0/seed_1,/scratch/users/jdehoney/eqnn_thesis/data/noisy_comparisons/qiskit_mixed_odd_21032705/noise_coherent_overrotation_n9/qiskit_mixed/su2_qcnn/n9/train_size_4/epochs_10/noise_coherent_overrotation_0/seed_1/metrics.json,completed,,,,,,,,0.5064179335728674,,,,,
/scratch/users/jdehoney/eqnn_thesis/data/noisy_comparisons/qiskit_mixed_odd_21138144,/scratch/users/jdehoney/eqnn_thesis/data/noisy_comparisons/qiskit_mixed_odd_21138144/noise_coherent_overrotation_n9,qiskit_mixed,su2_qcnn,9,4,10,1,coherent_overrotation,0.0,/scratch/users/jdehoney/eqnn_thesis/data/noisy_comparisons/qiskit_mixed_odd_21138144/noise_coherent_overrotation_n9/qiskit_mixed/su2_qcnn/n9/train_size_4/epochs_10/noise_coherent_overrotation_0/seed_1,/scratch/users/jdehoney/eqnn_thesis/data/noisy_comparisons/qiskit_mixed_odd_21138144/noise_coherent_overrotation_n9/qiskit_mixed/su2_qcnn/n9/train_size_4/epochs_10/noise_coherent_overrotation_0/seed_1/metrics.json,completed,,,,,,,,0.5064179335728674,,,,,
/scratch/users/jdehoney/eqnn_thesis/data/noisy_comparisons/qiskit_mixed_odd_21032705,/scratch/users/jdehoney/eqnn_thesis/data/noisy_comparisons/qiskit_mixed_odd_21032705/noise_coherent_overrotation_n9,qiskit_mixed,su2_qcnn,9,4,10,2,coherent_overrotation,0.0,/scratch/users/jdehoney/eqnn_thesis/data/noisy_comparisons/qiskit_mixed_odd_21032705/noise_coherent_overrotation_n9/qiskit_mixed/su2_qcnn/n9/train_size_4/epochs_10/noise_coherent_overrotation_0/seed_2,/scratch/users/jdehoney/eqnn_thesis/data/noisy_comparisons/qiskit_mixed_odd_21032705/noise_coherent_overrotation_n9/qiskit_mixed/su2_qcnn/n9/train_size_4/epochs_10/noise_coherent_overrotation_0/seed_2/metrics.json,completed,,,,,,,,0.696114257961635,,,,,
/scratch/users/jdehoney/eqnn_thesis/data/noisy_comparisons/qiskit_mixed_odd_21138144,/scratch/users/jdehoney/eqnn_thesis/data/noisy_comparisons/qiskit_mixed_odd_21138144/noise_coherent_overrotation_n9,qiskit_mixed,su2_qcnn,9,4,10,2,coherent_overrotation,0.0,/scratch/users/jdehoney/eqnn_thesis/data/noisy_comparisons/qiskit_mixed_odd_21138144/noise_coherent_overrotation_n9/qiskit_mixed/su2_qcnn/n9/train_size_4/epochs_10/noise_coherent_overrotation_0/seed_2,/scratch/users/jdehoney/eqnn_thesis/data/noisy_comparisons/qiskit_mixed_odd_21138144/noise_coherent_overrotation_n9/qiskit_mixed/su2_qcnn/n9/train_size_4/epochs_10/noise_coherent_overrotation_0/seed_2/metrics.json,completed,,,,,,,,0.696114257961635,,,,,
/scratch/users/jdehoney/eqnn_thesis/data/noisy_comparisons/qiskit_mixed_odd_21032705,/scratch/users/jdehoney/eqnn_thesis/data/noisy_comparisons/qiskit_mixed_odd_21032705/noise_coherent_overrotation_n9,qiskit_mixed,su2_qcnn,9,4,10,0,coherent_overrotation,0.001,/scratch/users/jdehoney/eqnn_thesis/data/noisy_comparisons/qiskit_mixed_odd_21032705/noise_coherent_overrotation_n9/qiskit_mixed/su2_qcnn/n9/train_size_4/epochs_10/noise_coherent_overrotation_0p001/seed_0,/scratch/users/jdehoney/eqnn_thesis/data/noisy_comparisons/qiskit_mixed_odd_21032705/noise_coherent_overrotation_n9/qiskit_mixed/su2_qcnn/n9/train_size_4/epochs_10/noise_coherent_overrotation_0p001/seed_0/metrics.json,completed,,,,,,,,0.533346847520332,,,,,
/scratch/users/jdehoney/eqnn_thesis/data/noisy_comparisons/qiskit_mixed_odd_21138144,/scratch/users/jdehoney/eqnn_thesis/data/noisy_comparisons/qiskit_mixed_odd_21138144/noise_coherent_overrotation_n9,qiskit_mixed,su2_qcnn,9,4,10,0,coherent_overrotation,0.001,/scratch/users/jdehoney/eqnn_thesis/data/noisy_comparisons/qiskit_mixed_odd_21138144/noise_coherent_overrotation_n9/qiskit_mixed/su2_qcnn/n9/train_size_4/epochs_10/noise_coherent_overrotation_0p001/seed_0,/scratch/users/jdehoney/eqnn_thesis/data/noisy_comparisons/qiskit_mixed_odd_21138144/noise_coherent_overrotation_n9/qiskit_mixed/su2_qcnn/n9/train_size_4/epochs_10/noise_coherent_overrotation_0p001/seed_0/metrics.json,completed,,,,,,,,0.533346847520332,,,,,
/scratch/users/jdehoney/eqnn_thesis/data/noisy_comparisons/qiskit_mixed_odd_21032705,/scratch/users/jdehoney/eqnn_thesis/data/noisy_comparisons/qiskit_mixed_odd_21032705/noise_coherent_overrotation_n9,qiskit_mixed,su2_qcnn,9,4,10,1,coherent_overrotation,0.001,/scratch/users/jdehoney/eqnn_thesis/data/noisy_comparisons/qiskit_mixed_odd_21032705/noise_coherent_overrotation_n9/qiskit_mixed/su2_qcnn/n9/train_size_4/epochs_10/noise_coherent_overrotation_0p001/seed_1,/scratch/users/jdehoney/eqnn_thesis/data/noisy_comparisons/qiskit_mixed_odd_21032705/noise_coherent_overrotation_n9/qiskit_mixed/su2_qcnn/n9/train_size_4/epochs_10/noise_coherent_overrotation_0p001/seed_1/metrics.json,completed,,,,,,,,0.5063597863640052,,,,,
/scratch/users/jdehoney/eqnn_thesis/data/noisy_comparisons/qiskit_mixed_odd_21138144,/scratch/users/jdehoney/eqnn_thesis/data/noisy_comparisons/qiskit_mixed_odd_21138144/noise_coherent_overrotation_n9,qiskit_mixed,su2_qcnn,9,4,10,1,coherent_overrotation,0.001,/scratch/users/jdehoney/eqnn_thesis/data/noisy_comparisons/qiskit_mixed_odd_21138144/noise_coherent_overrotation_n9/qiskit_mixed/su2_qcnn/n9/train_size_4/epochs_10/noise_coherent_overrotation_0p001/seed_1,/scratch/users/jdehoney/eqnn_thesis/data/noisy_comparisons/qiskit_mixed_odd_21138144/noise_coherent_overrotation_n9/qiskit_mixed/su2_qcnn/n9/train_size_4/epochs_10/noise_coherent_overrotation_0p001/seed_1/metrics.json,completed,,,,,,,,0.5063597863640052,,,,,
/scratch/users/jdehoney/eqnn_thesis/data/noisy_comparisons/qiskit_mixed_odd_21032705,/scratch/users/jdehoney/eqnn_thesis/data/noisy_comparisons/qiskit_mixed_odd_21032705/noise_coherent_overrotation_n9,qiskit_mixed,su2_qcnn,9,4,10,2,coherent_overrotation,0.001,/scratch/users/jdehoney/eqnn_thesis/data/noisy_comparisons/qiskit_mixed_odd_21032705/noise_coherent_overrotation_n9/qiskit_mixed/su2_qcnn/n9/train_size_4/epochs_10/noise_coherent_overrotation_0p001/seed_2,/scratch/users/jdehoney/eqnn_thesis/data/noisy_comparisons/qiskit_mixed_odd_21032705/noise_coherent_overrotation_n9/qiskit_mixed/su2_qcnn/n9/train_size_4/epochs_10/noise_coherent_overrotation_0p001/seed_2/metrics.json,completed,,,,,,,,0.6956850197928216,,,,,
/scratch/users/jdehoney/eqnn_thesis/data/noisy_comparisons/qiskit_mixed_odd_21138144,/scratch/users/jdehoney/eqnn_thesis/data/noisy_comparisons/qiskit_mixed_odd_21138144/noise_coherent_overrotation_n9,qiskit_mixed,su2_qcnn,9,4,10,2,coherent_overrotation,0.001,/scratch/users/jdehoney/eqnn_thesis/data/noisy_comparisons/qiskit_mixed_odd_21138144/noise_coherent_overrotation_n9/qiskit_mixed/su2_qcnn/n9/train_size_4/epochs_10/noise_coherent_overrotation_0p001/seed_2,/scratch/users/jdehoney/eqnn_thesis/data/noisy_comparisons/qiskit_mixed_odd_21138144/noise_coherent_overrotation_n9/qiskit_mixed/su2_qcnn/n9/train_size_4/epochs_10/noise_coherent_overrotation_0p001/seed_2/metrics.json,completed,,,,,,,,0.6956850197928216,,,,,
/scratch/users/jdehoney/eqnn_thesis/data/noisy_comparisons/qiskit_mixed_odd_21032705,/scratch/users/jdehoney/eqnn_thesis/data/noisy_comparisons/qiskit_mixed_odd_21032705/noise_coherent_overrotation_n9,qiskit_mixed,su2_qcnn,9,4,10,0,coherent_overrotation,0.005,/scratch/users/jdehoney/eqnn_thesis/data/noisy_comparisons/qiskit_mixed_odd_21032705/noise_coherent_overrotation_n9/qiskit_mixed/su2_qcnn/n9/train_size_4/epochs_10/noise_coherent_overrotation_0p005/seed_0,/scratch/users/jdehoney/eqnn_thesis/data/noisy_comparisons/qiskit_mixed_odd_21032705/noise_coherent_overrotation_n9/qiskit_mixed/su2_qcnn/n9/train_size_4/epochs_10/noise_coherent_overrotation_0p005/seed_0/metrics.json,completed,,,,,,,,0.5332191423290079,,,,,
/scratch/users/jdehoney/eqnn_thesis/data/noisy_comparisons/qiskit_mixed_odd_21138144,/scratch/users/jdehoney/eqnn_thesis/data/noisy_comparisons/qiskit_mixed_odd_21138144/noise_coherent_overrotation_n9,qiskit_mixed,su2_qcnn,9,4,10,0,coherent_overrotation,0.005,/scratch/users/jdehoney/eqnn_thesis/data/noisy_comparisons/qiskit_mixed_odd_21138144/noise_coherent_overrotation_n9/qiskit_mixed/su2_qcnn/n9/train_size_4/epochs_10/noise_coherent_overrotation_0p005/seed_0,/scratch/users/jdehoney/eqnn_thesis/data/noisy_comparisons/qiskit_mixed_odd_21138144/noise_coherent_overrotation_n9/qiskit_mixed/su2_qcnn/n9/train_size_4/epochs_10/noise_coherent_overrotation_0p005/seed_0/metrics.json,completed,,,,,,,,0.5332191423290079,,,,,
/scratch/users/jdehoney/eqnn_thesis/data/noisy_comparisons/qiskit_mixed_odd_21032705,/scratch/users/jdehoney/eqnn_thesis/data/noisy_comparisons/qiskit_mixed_odd_21032705/noise_coherent_overrotation_n9,qiskit_mixed,su2_qcnn,9,4,10,1,coherent_overrotation,0.005,/scratch/users/jdehoney/eqnn_thesis/data/noisy_comparisons/qiskit_mixed_odd_21032705/noise_coherent_overrotation_n9/qiskit_mixed/su2_qcnn/n9/train_size_4/epochs_10/noise_coherent_overrotation_0p005/seed_1,/scratch/users/jdehoney/eqnn_thesis/data/noisy_comparisons/qiskit_mixed_odd_21032705/noise_coherent_overrotation_n9/qiskit_mixed/su2_qcnn/n9/train_size_4/epochs_10/noise_coherent_overrotation_0p005/seed_1/metrics.json,completed,,,,,,,,0.506130709821575,,,,,
/scratch/users/jdehoney/eqnn_thesis/data/noisy_comparisons/qiskit_mixed_odd_21138144,/scratch/users/jdehoney/eqnn_thesis/data/noisy_comparisons/qiskit_mixed_odd_21138144/noise_coherent_overrotation_n9,qiskit_mixed,su2_qcnn,9,4,10,1,coherent_overrotation,0.005,/scratch/users/jdehoney/eqnn_thesis/data/noisy_comparisons/qiskit_mixed_odd_21138144/noise_coherent_overrotation_n9/qiskit_mixed/su2_qcnn/n9/train_size_4/epochs_10/noise_coherent_overrotation_0p005/seed_1,/scratch/users/jdehoney/eqnn_thesis/data/noisy_comparisons/qiskit_mixed_odd_21138144/noise_coherent_overrotation_n9/qiskit_mixed/su2_qcnn/n9/train_size_4/epochs_10/noise_coherent_overrotation_0p005/seed_1/metrics.json,completed,,,,,,,,0.506130709821575,,,,,
/scratch/users/jdehoney/eqnn_thesis/data/noisy_comparisons/qiskit_mixed_odd_21032705,/scratch/users/jdehoney/eqnn_thesis/data/noisy_comparisons/qiskit_mixed_odd_21032705/noise_coherent_overrotation_n9,qiskit_mixed,su2_qcnn,9,4,10,2,coherent_overrotation,0.005,/scratch/users/jdehoney/eqnn_thesis/data/noisy_comparisons/qiskit_mixed_odd_21032705/noise_coherent_overrotation_n9/qiskit_mixed/su2_qcnn/n9/train_size_4/epochs_10/noise_coherent_overrotation_0p005/seed_2,/scratch/users/jdehoney/eqnn_thesis/data/noisy_comparisons/qiskit_mixed_odd_21032705/noise_coherent_overrotation_n9/qiskit_mixed/su2_qcnn/n9/train_size_4/epochs_10/noise_coherent_overrotation_0p005/seed_2/metrics.json,completed,,,,,,,,0.6939559598947339,,,,,
/scratch/users/jdehoney/eqnn_thesis/data/noisy_comparisons/qiskit_mixed_odd_21138144,/scratch/users/jdehoney/eqnn_thesis/data/noisy_comparisons/qiskit_mixed_odd_21138144/noise_coherent_overrotation_n9,qiskit_mixed,su2_qcnn,9,4,10,2,coherent_overrotation,0.005,/scratch/users/jdehoney/eqnn_thesis/data/noisy_comparisons/qiskit_mixed_odd_21138144/noise_coherent_overrotation_n9/qiskit_mixed/su2_qcnn/n9/train_size_4/epochs_10/noise_coherent_overrotation_0p005/seed_2,/scratch/users/jdehoney/eqnn_thesis/data/noisy_comparisons/qiskit_mixed_odd_21138144/noise_coherent_overrotation_n9/qiskit_mixed/su2_qcnn/n9/train_size_4/epochs_10/noise_coherent_overrotation_0p005/seed_2/metrics.json,completed,,,,,,,,0.6939559598947339,,,,,
/scratch/users/jdehoney/eqnn_thesis/data/noisy_comparisons/qiskit_mixed_odd_21032705,/scratch/users/jdehoney/eqnn_thesis/data/noisy_comparisons/qiskit_mixed_odd_21032705/noise_coherent_overrotation_n9,qiskit_mixed,su2_qcnn,9,4,10,0,coherent_overrotation,0.01,/scratch/users/jdehoney/eqnn_thesis/data/noisy_comparisons/qiskit_mixed_odd_21032705/noise_coherent_overrotation_n9/qiskit_mixed/su2_qcnn/n9/train_size_4/epochs_10/noise_coherent_overrotation_0p01/seed_0,/scratch/users/jdehoney/eqnn_thesis/data/noisy_comparisons/qiskit_mixed_odd_21032705/noise_coherent_overrotation_n9/qiskit_mixed/su2_qcnn/n9/train_size_4/epochs_10/noise_coherent_overrotation_0p01/seed_0/metrics.json,completed,,,,,,,,0.5330532662728595,,,,,
/scratch/users/jdehoney/eqnn_thesis/data/noisy_comparisons/qiskit_mixed_odd_21138144,/scratch/users/jdehoney/eqnn_thesis/data/noisy_comparisons/qiskit_mixed_odd_21138144/noise_coherent_overrotation_n9,qiskit_mixed,su2_qcnn,9,4,10,0,coherent_overrotation,0.01,/scratch/users/jdehoney/eqnn_thesis/data/noisy_comparisons/qiskit_mixed_odd_21138144/noise_coherent_overrotation_n9/qiskit_mixed/su2_qcnn/n9/train_size_4/epochs_10/noise_coherent_overrotation_0p01/seed_0,/scratch/users/jdehoney/eqnn_thesis/data/noisy_comparisons/qiskit_mixed_odd_21138144/noise_coherent_overrotation_n9/qiskit_mixed/su2_qcnn/n9/train_size_4/epochs_10/noise_coherent_overrotation_0p01/seed_0/metrics.json,completed,,,,,,,,0.5330532662728595,,,,,
/scratch/users/jdehoney/eqnn_thesis/data/noisy_comparisons/qiskit_mixed_odd_21032705,/scratch/users/jdehoney/eqnn_thesis/data/noisy_comparisons/qiskit_mixed_odd_21032705/noise_coherent_overrotation_n9,qiskit_mixed,su2_qcnn,9,4,10,1,coherent_overrotation,0.01,/scratch/users/jdehoney/eqnn_thesis/data/noisy_comparisons/qiskit_mixed_odd_21032705/noise_coherent_overrotation_n9/qiskit_mixed/su2_qcnn/n9/train_size_4/epochs_10/noise_coherent_overrotation_0p01/seed_1,/scratch/users/jdehoney/eqnn_thesis/data/noisy_comparisons/qiskit_mixed_odd_21032705/noise_coherent_overrotation_n9/qiskit_mixed/su2_qcnn/n9/train_size_4/epochs_10/noise_coherent_overrotation_0p01/seed_1/metrics.json,completed,,,,,,,,0.5058519800085038,,,,,
/scratch/users/jdehoney/eqnn_thesis/data/noisy_comparisons/qiskit_mixed_odd_21138144,/scratch/users/jdehoney/eqnn_thesis/data/noisy_comparisons/qiskit_mixed_odd_21138144/noise_coherent_overrotation_n9,qiskit_mixed,su2_qcnn,9,4,10,1,coherent_overrotation,0.01,/scratch/users/jdehoney/eqnn_thesis/data/noisy_comparisons/qiskit_mixed_odd_21138144/noise_coherent_overrotation_n9/qiskit_mixed/su2_qcnn/n9/train_size_4/epochs_10/noise_coherent_overrotation_0p01/seed_1,/scratch/users/jdehoney/eqnn_thesis/data/noisy_comparisons/qiskit_mixed_odd_21138144/noise_coherent_overrotation_n9/qiskit_mixed/su2_qcnn/n9/train_size_4/epochs_10/noise_coherent_overrotation_0p01/seed_1/metrics.json,completed,,,,,,,,0.5058519800085038,,,,,
/scratch/users/jdehoney/eqnn_thesis/data/noisy_comparisons/qiskit_mixed_odd_21032705,/scratch/users/jdehoney/eqnn_thesis/data/noisy_comparisons/qiskit_mixed_odd_21032705/noise_coherent_overrotation_n9,qiskit_mixed,su2_qcnn,9,4,10,2,coherent_overrotation,0.01,/scratch/users/jdehoney/eqnn_thesis/data/noisy_comparisons/qiskit_mixed_odd_21032705/noise_coherent_overrotation_n9/qiskit_mixed/su2_qcnn/n9/train_size_4/epochs_10/noise_coherent_overrotation_0p01/seed_2,/scratch/users/jdehoney/eqnn_thesis/data/noisy_comparisons/qiskit_mixed_odd_21032705/noise_coherent_overrotation_n9/qiskit_mixed/su2_qcnn/n9/train_size_4/epochs_10/noise_coherent_overrotation_0p01/seed_2/metrics.json,completed,,,,,,,,0.6917668149171259,,,,,
/scratch/users/jdehoney/eqnn_thesis/data/noisy_comparisons/qiskit_mixed_odd_21138144,/scratch/users/jdehoney/eqnn_thesis/data/noisy_comparisons/qiskit_mixed_odd_21138144/noise_coherent_overrotation_n9,qiskit_mixed,su2_qcnn,9,4,10,2,coherent_overrotation,0.01,/scratch/users/jdehoney/eqnn_thesis/data/noisy_comparisons/qiskit_mixed_odd_21138144/noise_coherent_overrotation_n9/qiskit_mixed/su2_qcnn/n9/train_size_4/epochs_10/noise_coherent_overrotation_0p01/seed_2,/scratch/users/jdehoney/eqnn_thesis/data/noisy_comparisons/qiskit_mixed_odd_21138144/noise_coherent_overrotation_n9/qiskit_mixed/su2_qcnn/n9/train_size_4/epochs_10/noise_coherent_overrotation_0p01/seed_2/metrics.json,completed,,,,,,,,0.6917668149171259,,,,,
/scratch/users/jdehoney/eqnn_thesis/data/noisy_comparisons/qiskit_mixed_odd_21032705,/scratch/users/jdehoney/eqnn_thesis/data/noisy_comparisons/qiskit_mixed_odd_21032705/noise_coherent_overrotation_n9,qiskit_mixed,su2_qcnn,9,4,10,0,coherent_overrotation,0.05,/scratch/users/jdehoney/eqnn_thesis/data/noisy_comparisons/qiskit_mixed_odd_21032705/noise_coherent_overrotation_n9/qiskit_mixed/su2_qcnn/n9/train_size_4/epochs_10/noise_coherent_overrotation_0p05/seed_0,/scratch/users/jdehoney/eqnn_thesis/data/noisy_comparisons/qiskit_mixed_odd_21032705/noise_coherent_overrotation_n9/qiskit_mixed/su2_qcnn/n9/train_size_4/epochs_10/noise_coherent_overrotation_0p05/seed_0/metrics.json,completed,,,,,,,,0.5315126858522543,,,,,
/scratch/users/jdehoney/eqnn_thesis/data/noisy_comparisons/qiskit_mixed_odd_21138144,/scratch/users/jdehoney/eqnn_thesis/data/noisy_comparisons/qiskit_mixed_odd_21138144/noise_coherent_overrotation_n9,qiskit_mixed,su2_qcnn,9,4,10,0,coherent_overrotation,0.05,/scratch/users/jdehoney/eqnn_thesis/data/noisy_comparisons/qiskit_mixed_odd_21138144/noise_coherent_overrotation_n9/qiskit_mixed/su2_qcnn/n9/train_size_4/epochs_10/noise_coherent_overrotation_0p05/seed_0,/scratch/users/jdehoney/eqnn_thesis/data/noisy_comparisons/qiskit_mixed_odd_21138144/noise_coherent_overrotation_n9/qiskit_mixed/su2_qcnn/n9/train_size_4/epochs_10/noise_coherent_overrotation_0p05/seed_0/metrics.json,completed,,,,,,,,0.5315126858522543,,,,,
/scratch/users/jdehoney/eqnn_thesis/data/noisy_comparisons/qiskit_mixed_odd_21032705,/scratch/users/jdehoney/eqnn_thesis/data/noisy_comparisons/qiskit_mixed_odd_21032705/noise_coherent_overrotation_n9,qiskit_mixed,su2_qcnn,9,4,10,1,coherent_overrotation,0.05,/scratch/users/jdehoney/eqnn_thesis/data/noisy_comparisons/qiskit_mixed_odd_21032705/noise_coherent_overrotation_n9/qiskit_mixed/su2_qcnn/n9/train_size_4/epochs_10/noise_coherent_overrotation_0p05/seed_1,/scratch/users/jdehoney/eqnn_thesis/data/noisy_comparisons/qiskit_mixed_odd_21032705/noise_coherent_overrotation_n9/qiskit_mixed/su2_qcnn/n9/train_size_4/epochs_10/noise_coherent_overrotation_0p05/seed_1/metrics.json,completed,,,,,,,,0.5038870437450236,,,,,
/scratch/users/jdehoney/eqnn_thesis/data/noisy_comparisons/qiskit_mixed_odd_21138144,/scratch/users/jdehoney/eqnn_thesis/data/noisy_comparisons/qiskit_mixed_odd_21138144/noise_coherent_overrotation_n9,qiskit_mixed,su2_qcnn,9,4,10,1,coherent_overrotation,0.05,/scratch/users/jdehoney/eqnn_thesis/data/noisy_comparisons/qiskit_mixed_odd_21138144/noise_coherent_overrotation_n9/qiskit_mixed/su2_qcnn/n9/train_size_4/epochs_10/noise_coherent_overrotation_0p05/seed_1,/scratch/users/jdehoney/eqnn_thesis/data/noisy_comparisons/qiskit_mixed_odd_21138144/noise_coherent_overrotation_n9/qiskit_mixed/su2_qcnn/n9/train_size_4/epochs_10/noise_coherent_overrotation_0p05/seed_1/metrics.json,completed,,,,,,,,0.5038870437450236,,,,,
/scratch/users/jdehoney/eqnn_thesis/data/noisy_comparisons/qiskit_mixed_odd_21032705,/scratch/users/jdehoney/eqnn_thesis/data/noisy_comparisons/qiskit_mixed_odd_21032705/noise_coherent_overrotation_n9,qiskit_mixed,su2_qcnn,9,4,10,2,coherent_overrotation,0.05,/scratch/users/jdehoney/eqnn_thesis/data/noisy_comparisons/qiskit_mixed_odd_21032705/noise_coherent_overrotation_n9/qiskit_mixed/su2_qcnn/n9/train_size_4/epochs_10/noise_coherent_overrotation_0p05/seed_2,/scratch/users/jdehoney/eqnn_thesis/data/noisy_comparisons/qiskit_mixed_odd_21032705/noise_coherent_overrotation_n9/qiskit_mixed/su2_qcnn/n9/train_size_4/epochs_10/noise_coherent_overrotation_0p05/seed_2/metrics.json,completed,,,,,,,,0.6731722514267613,,,,,
/scratch/users/jdehoney/eqnn_thesis/data/noisy_comparisons/qiskit_mixed_odd_21138144,/scratch/users/jdehoney/eqnn_thesis/data/noisy_comparisons/qiskit_mixed_odd_21138144/noise_coherent_overrotation_n9,qiskit_mixed,su2_qcnn,9,4,10,2,coherent_overrotation,0.05,/scratch/users/jdehoney/eqnn_thesis/data/noisy_comparisons/qiskit_mixed_odd_21138144/noise_coherent_overrotation_n9/qiskit_mixed/su2_qcnn/n9/train_size_4/epochs_10/noise_coherent_overrotation_0p05/seed_2,/scratch/users/jdehoney/eqnn_thesis/data/noisy_comparisons/qiskit_mixed_odd_21138144/noise_coherent_overrotation_n9/qiskit_mixed/su2_qcnn/n9/train_size_4/epochs_10/noise_coherent_overrotation_0p05/seed_2/metrics.json,completed,,,,,,,,0.6731722514267613,,,,,
/scratch/users/jdehoney/eqnn_thesis/data/noisy_comparisons/qiskit_mixed_odd_21032705,/scratch/users/jdehoney/eqnn_thesis/data/noisy_comparisons/qiskit_mixed_odd_21032705/noise_coherent_overrotation_n9,qiskit_mixed,su2_qcnn,9,4,10,0,coherent_overrotation,0.1,/scratch/users/jdehoney/eqnn_thesis/data/noisy_comparisons/qiskit_mixed_odd_21032705/noise_coherent_overrotation_n9/qiskit_mixed/su2_qcnn/n9/train_size_4/epochs_10/noise_coherent_overrotation_0p1/seed_0,/scratch/users/jdehoney/eqnn_thesis/data/noisy_comparisons/qiskit_mixed_odd_21032705/noise_coherent_overrotation_n9/qiskit_mixed/su2_qcnn/n9/train_size_4/epochs_10/noise_coherent_overrotation_0p1/seed_0/metrics.json,completed,,,,,,,,0.5592131663962443,,,,,
/scratch/users/jdehoney/eqnn_thesis/data/noisy_comparisons/qiskit_mixed_odd_21138144,/scratch/users/jdehoney/eqnn_thesis/data/noisy_comparisons/qiskit_mixed_odd_21138144/noise_coherent_overrotation_n9,qiskit_mixed,su2_qcnn,9,4,10,0,coherent_overrotation,0.1,/scratch/users/jdehoney/eqnn_thesis/data/noisy_comparisons/qiskit_mixed_odd_21138144/noise_coherent_overrotation_n9/qiskit_mixed/su2_qcnn/n9/train_size_4/epochs_10/noise_coherent_overrotation_0p1/seed_0,/scratch/users/jdehoney/eqnn_thesis/data/noisy_comparisons/qiskit_mixed_odd_21138144/noise_coherent_overrotation_n9/qiskit_mixed/su2_qcnn/n9/train_size_4/epochs_10/noise_coherent_overrotation_0p1/seed_0/metrics.json,completed,,,,,,,,0.5592131663962443,,,,,
/scratch/users/jdehoney/eqnn_thesis/data/noisy_comparisons/qiskit_mixed_odd_21032705,/scratch/users/jdehoney/eqnn_thesis/data/noisy_comparisons/qiskit_mixed_odd_21032705/noise_coherent_overrotation_n9,qiskit_mixed,su2_qcnn,9,4,10,1,coherent_overrotation,0.1,/scratch/users/jdehoney/eqnn_thesis/data/noisy_comparisons/qiskit_mixed_odd_21032705/noise_coherent_overrotation_n9/qiskit_mixed/su2_qcnn/n9/train_size_4/epochs_10/noise_coherent_overrotation_0p1/seed_1,/scratch/users/jdehoney/eqnn_thesis/data/noisy_comparisons/qiskit_mixed_odd_21032705/noise_coherent_overrotation_n9/qiskit_mixed/su2_qcnn/n9/train_size_4/epochs_10/noise_coherent_overrotation_0p1/seed_1/metrics.json,completed,,,,,,,,0.5020123395998503,,,,,
/scratch/users/jdehoney/eqnn_thesis/data/noisy_comparisons/qiskit_mixed_odd_21138144,/scratch/users/jdehoney/eqnn_thesis/data/noisy_comparisons/qiskit_mixed_odd_21138144/noise_coherent_overrotation_n9,qiskit_mixed,su2_qcnn,9,4,10,1,coherent_overrotation,0.1,/scratch/users/jdehoney/eqnn_thesis/data/noisy_comparisons/qiskit_mixed_odd_21138144/noise_coherent_overrotation_n9/qiskit_mixed/su2_qcnn/n9/train_size_4/epochs_10/noise_coherent_overrotation_0p1/seed_1,/scratch/users/jdehoney/eqnn_thesis/data/noisy_comparisons/qiskit_mixed_odd_21138144/noise_coherent_overrotation_n9/qiskit_mixed/su2_qcnn/n9/train_size_4/epochs_10/noise_coherent_overrotation_0p1/seed_1/metrics.json,completed,,,,,,,,0.5020123395998503,,,,,
/scratch/users/jdehoney/eqnn_thesis/data/noisy_comparisons/qiskit_mixed_odd_21032705,/scratch/users/jdehoney/eqnn_thesis/data/noisy_comparisons/qiskit_mixed_odd_21032705/noise_coherent_overrotation_n9,qiskit_mixed,su2_qcnn,9,4,10,2,coherent_overrotation,0.1,/scratch/users/jdehoney/eqnn_thesis/data/noisy_comparisons/qiskit_mixed_odd_21032705/noise_coherent_overrotation_n9/qiskit_mixed/su2_qcnn/n9/train_size_4/epochs_10/noise_coherent_overrotation_0p1/seed_2,/scratch/users/jdehoney/eqnn_thesis/data/noisy_comparisons/qiskit_mixed_odd_21032705/noise_coherent_overrotation_n9/qiskit_mixed/su2_qcnn/n9/train_size_4/epochs_10/noise_coherent_overrotation_0p1/seed_2/metrics.json,completed,,,,,,,,0.6483019182038767,,,,,
/scratch/users/jdehoney/eqnn_thesis/data/noisy_comparisons/qiskit_mixed_odd_21138144,/scratch/users/jdehoney/eqnn_thesis/data/noisy_comparisons/qiskit_mixed_odd_21138144/noise_coherent_overrotation_n9,qiskit_mixed,su2_qcnn,9,4,10,2,coherent_overrotation,0.1,/scratch/users/jdehoney/eqnn_thesis/data/noisy_comparisons/qiskit_mixed_odd_21138144/noise_coherent_overrotation_n9/qiskit_mixed/su2_qcnn/n9/train_size_4/epochs_10/noise_coherent_overrotation_0p1/seed_2,/scratch/users/jdehoney/eqnn_thesis/data/noisy_comparisons/qiskit_mixed_odd_21138144/noise_coherent_overrotation_n9/qiskit_mixed/su2_qcnn/n9/train_size_4/epochs_10/noise_coherent_overrotation_0p1/seed_2/metrics.json,completed,,,,,,,,0.6483019182038767,,,,,
/scratch/users/jdehoney/eqnn_thesis/data/noisy_comparisons/qiskit_mixed_odd_21032705,/scratch/users/jdehoney/eqnn_thesis/data/noisy_comparisons/qiskit_mixed_odd_21032705/noise_coherent_overrotation_n9,qiskit_mixed,su2_qcnn,9,8,10,0,coherent_overrotation,0.0,/scratch/users/jdehoney/eqnn_thesis/data/noisy_comparisons/qiskit_mixed_odd_21032705/noise_coherent_overrotation_n9/qiskit_mixed/su2_qcnn/n9/train_size_8/epochs_10/noise_coherent_overrotation_0/seed_0,/scratch/users/jdehoney/eqnn_thesis/data/noisy_comparisons/qiskit_mixed_odd_21032705/noise_coherent_overrotation_n9/qiskit_mixed/su2_qcnn/n9/train_size_8/epochs_10/noise_coherent_overrotation_0/seed_0/metrics.json,completed,,,,,,,,0.47165826217177864,,,,,
/scratch/users/jdehoney/eqnn_thesis/data/noisy_comparisons/qiskit_mixed_odd_21138144,/scratch/users/jdehoney/eqnn_thesis/data/noisy_comparisons/qiskit_mixed_odd_21138144/noise_coherent_overrotation_n9,qiskit_mixed,su2_qcnn,9,8,10,0,coherent_overrotation,0.0,/scratch/users/jdehoney/eqnn_thesis/data/noisy_comparisons/qiskit_mixed_odd_21138144/noise_coherent_overrotation_n9/qiskit_mixed/su2_qcnn/n9/train_size_8/epochs_10/noise_coherent_overrotation_0/seed_0,/scratch/users/jdehoney/eqnn_thesis/data/noisy_comparisons/qiskit_mixed_odd_21138144/noise_coherent_overrotation_n9/qiskit_mixed/su2_qcnn/n9/train_size_8/epochs_10/noise_coherent_overrotation_0/seed_0/metrics.json,completed,,,,,,,,0.47165826217177864,,,,,
/scratch/users/jdehoney/eqnn_thesis/data/noisy_comparisons/qiskit_mixed_odd_21032705,/scratch/users/jdehoney/eqnn_thesis/data/noisy_comparisons/qiskit_mixed_odd_21032705/noise_coherent_overrotation_n9,qiskit_mixed,su2_qcnn,9,8,10,1,coherent_overrotation,0.0,/scratch/users/jdehoney/eqnn_thesis/data/noisy_comparisons/qiskit_mixed_odd_21032705/noise_coherent_overrotation_n9/qiskit_mixed/su2_qcnn/n9/train_size_8/epochs_10/noise_coherent_overrotation_0/seed_1,/scratch/users/jdehoney/eqnn_thesis/data/noisy_comparisons/qiskit_mixed_odd_21032705/noise_coherent_overrotation_n9/qiskit_mixed/su2_qcnn/n9/train_size_8/epochs_10/noise_coherent_overrotation_0/seed_1/metrics.json,completed,,,,,,,,0.4333003519261087,,,,,
/scratch/users/jdehoney/eqnn_thesis/data/noisy_comparisons/qiskit_mixed_odd_21138144,/scratch/users/jdehoney/eqnn_thesis/data/noisy_comparisons/qiskit_mixed_odd_21138144/noise_coherent_overrotation_n9,qiskit_mixed,su2_qcnn,9,8,10,1,coherent_overrotation,0.0,/scratch/users/jdehoney/eqnn_thesis/data/noisy_comparisons/qiskit_mixed_odd_21138144/noise_coherent_overrotation_n9/qiskit_mixed/su2_qcnn/n9/train_size_8/epochs_10/noise_coherent_overrotation_0/seed_1,/scratch/users/jdehoney/eqnn_thesis/data/noisy_comparisons/qiskit_mixed_odd_21138144/noise_coherent_overrotation_n9/qiskit_mixed/su2_qcnn/n9/train_size_8/epochs_10/noise_coherent_overrotation_0/seed_1/metrics.json,completed,,,,,,,,0.4333003519261087,,,,,
/scratch/users/jdehoney/eqnn_thesis/data/noisy_comparisons/qiskit_mixed_odd_21032705,/scratch/users/jdehoney/eqnn_thesis/data/noisy_comparisons/qiskit_mixed_odd_21032705/noise_coherent_overrotation_n9,qiskit_mixed,su2_qcnn,9,8,10,2,coherent_overrotation,0.0,/scratch/users/jdehoney/eqnn_thesis/data/noisy_comparisons/qiskit_mixed_odd_21032705/noise_coherent_overrotation_n9/qiskit_mixed/su2_qcnn/n9/train_size_8/epochs_10/noise_coherent_overrotation_0/seed_2,/scratch/users/jdehoney/eqnn_thesis/data/noisy_comparisons/qiskit_mixed_odd_21032705/noise_coherent_overrotation_n9/qiskit_mixed/su2_qcnn/n9/train_size_8/epochs_10/noise_coherent_overrotation_0/seed_2/metrics.json,completed,,,,,,,,0.3995067923535419,,,,,
/scratch/users/jdehoney/eqnn_thesis/data/noisy_comparisons/qiskit_mixed_odd_21138144,/scratch/users/jdehoney/eqnn_thesis/data/noisy_comparisons/qiskit_mixed_odd_21138144/noise_coherent_overrotation_n9,qiskit_mixed,su2_qcnn,9,8,10,2,coherent_overrotation,0.0,/scratch/users/jdehoney/eqnn_thesis/data/noisy_comparisons/qiskit_mixed_odd_21138144/noise_coherent_overrotation_n9/qiskit_mixed/su2_qcnn/n9/train_size_8/epochs_10/noise_coherent_overrotation_0/seed_2,/scratch/users/jdehoney/eqnn_thesis/data/noisy_comparisons/qiskit_mixed_odd_21138144/noise_coherent_overrotation_n9/qiskit_mixed/su2_qcnn/n9/train_size_8/epochs_10/noise_coherent_overrotation_0/seed_2/metrics.json,completed,,,,,,,,0.3995067923535419,,,,,
/scratch/users/jdehoney/eqnn_thesis/data/noisy_comparisons/qiskit_mixed_odd_21032705,/scratch/users/jdehoney/eqnn_thesis/data/noisy_comparisons/qiskit_mixed_odd_21032705/noise_coherent_overrotation_n9,qiskit_mixed,su2_qcnn,9,8,10,0,coherent_overrotation,0.001,/scratch/users/jdehoney/eqnn_thesis/data/noisy_comparisons/qiskit_mixed_odd_21032705/noise_coherent_overrotation_n9/qiskit_mixed/su2_qcnn/n9/train_size_8/epochs_10/noise_coherent_overrotation_0p001/seed_0,/scratch/users/jdehoney/eqnn_thesis/data/noisy_comparisons/qiskit_mixed_odd_21032705/noise_coherent_overrotation_n9/qiskit_mixed/su2_qcnn/n9/train_size_8/epochs_10/noise_coherent_overrotation_0p001/seed_0/metrics.json,completed,,,,,,,,0.47152151077074195,,,,,
/scratch/users/jdehoney/eqnn_thesis/data/noisy_comparisons/qiskit_mixed_odd_21138144,/scratch/users/jdehoney/eqnn_thesis/data/noisy_comparisons/qiskit_mixed_odd_21138144/noise_coherent_overrotation_n9,qiskit_mixed,su2_qcnn,9,8,10,0,coherent_overrotation,0.001,/scratch/users/jdehoney/eqnn_thesis/data/noisy_comparisons/qiskit_mixed_odd_21138144/noise_coherent_overrotation_n9/qiskit_mixed/su2_qcnn/n9/train_size_8/epochs_10/noise_coherent_overrotation_0p001/seed_0,/scratch/users/jdehoney/eqnn_thesis/data/noisy_comparisons/qiskit_mixed_odd_21138144/noise_coherent_overrotation_n9/qiskit_mixed/su2_qcnn/n9/train_size_8/epochs_10/noise_coherent_overrotation_0p001/seed_0/metrics.json,completed,,,,,,,,0.47152151077074195,,,,,
/scratch/users/jdehoney/eqnn_thesis/data/noisy_comparisons/qiskit_mixed_odd_21032705,/scratch/users/jdehoney/eqnn_thesis/data/noisy_comparisons/qiskit_mixed_odd_21032705/noise_coherent_overrotation_n9,qiskit_mixed,su2_qcnn,9,8,10,1,coherent_overrotation,0.001,/scratch/users/jdehoney/eqnn_thesis/data/noisy_comparisons/qiskit_mixed_odd_21032705/noise_coherent_overrotation_n9/qiskit_mixed/su2_qcnn/n9/train_size_8/epochs_10/noise_coherent_overrotation_0p001/seed_1,/scratch/users/jdehoney/eqnn_thesis/data/noisy_comparisons/qiskit_mixed_odd_21032705/noise_coherent_overrotation_n9/qiskit_mixed/su2_qcnn/n9/train_size_8/epochs_10/noise_coherent_overrotation_0p001/seed_1/metrics.json,completed,,,,,,,,0.43334772407191474,,,,,
/scratch/users/jdehoney/eqnn_thesis/data/noisy_comparisons/qiskit_mixed_odd_21138144,/scratch/users/jdehoney/eqnn_thesis/data/noisy_comparisons/qiskit_mixed_odd_21138144/noise_coherent_overrotation_n9,qiskit_mixed,su2_qcnn,9,8,10,1,coherent_overrotation,0.001,/scratch/users/jdehoney/eqnn_thesis/data/noisy_comparisons/qiskit_mixed_odd_21138144/noise_coherent_overrotation_n9/qiskit_mixed/su2_qcnn/n9/train_size_8/epochs_10/noise_coherent_overrotation_0p001/seed_1,/scratch/users/jdehoney/eqnn_thesis/data/noisy_comparisons/qiskit_mixed_odd_21138144/noise_coherent_overrotation_n9/qiskit_mixed/su2_qcnn/n9/train_size_8/epochs_10/noise_coherent_overrotation_0p001/seed_1/metrics.json,completed,,,,,,,,0.43334772407191474,,,,,
/scratch/users/jdehoney/eqnn_thesis/data/noisy_comparisons/qiskit_mixed_odd_21032705,/scratch/users/jdehoney/eqnn_thesis/data/noisy_comparisons/qiskit_mixed_odd_21032705/noise_coherent_overrotation_n9,qiskit_mixed,su2_qcnn,9,8,10,2,coherent_overrotation,0.001,/scratch/users/jdehoney/eqnn_thesis/data/noisy_comparisons/qiskit_mixed_odd_21032705/noise_coherent_overrotation_n9/qiskit_mixed/su2_qcnn/n9/train_size_8/epochs_10/noise_coherent_overrotation_0p001/seed_2,/scratch/users/jdehoney/eqnn_thesis/data/noisy_comparisons/qiskit_mixed_odd_21032705/noise_coherent_overrotation_n9/qiskit_mixed/su2_qcnn/n9/train_size_8/epochs_10/noise_coherent_overrotation_0p001/seed_2/metrics.json,completed,,,,,,,,0.39954960638222536,,,,,
/scratch/users/jdehoney/eqnn_thesis/data/noisy_comparisons/qiskit_mixed_odd_21138144,/scratch/users/jdehoney/eqnn_thesis/data/noisy_comparisons/qiskit_mixed_odd_21138144/noise_coherent_overrotation_n9,qiskit_mixed,su2_qcnn,9,8,10,2,coherent_overrotation,0.001,/scratch/users/jdehoney/eqnn_thesis/data/noisy_comparisons/qiskit_mixed_odd_21138144/noise_coherent_overrotation_n9/qiskit_mixed/su2_qcnn/n9/train_size_8/epochs_10/noise_coherent_overrotation_0p001/seed_2,/scratch/users/jdehoney/eqnn_thesis/data/noisy_comparisons/qiskit_mixed_odd_21138144/noise_coherent_overrotation_n9/qiskit_mixed/su2_qcnn/n9/train_size_8/epochs_10/noise_coherent_overrotation_0p001/seed_2/metrics.json,completed,,,,,,,,0.39954960638222536,,,,,
/scratch/users/jdehoney/eqnn_thesis/data/noisy_comparisons/qiskit_mixed_odd_21032705,/scratch/users/jdehoney/eqnn_thesis/data/noisy_comparisons/qiskit_mixed_odd_21032705/noise_coherent_overrotation_n9,qiskit_mixed,su2_qcnn,9,8,10,0,coherent_overrotation,0.005,/scratch/users/jdehoney/eqnn_thesis/data/noisy_comparisons/qiskit_mixed_odd_21032705/noise_coherent_overrotation_n9/qiskit_mixed/su2_qcnn/n9/train_size_8/epochs_10/noise_coherent_overrotation_0p005/seed_0,/scratch/users/jdehoney/eqnn_thesis/data/noisy_comparisons/qiskit_mixed_odd_21032705/noise_coherent_overrotation_n9/qiskit_mixed/su2_qcnn/n9/train_size_8/epochs_10/noise_coherent_overrotation_0p005/seed_0/metrics.json,completed,,,,,,,,0.4709818248336012,,,,,
/scratch/users/jdehoney/eqnn_thesis/data/noisy_comparisons/qiskit_mixed_odd_21138144,/scratch/users/jdehoney/eqnn_thesis/data/noisy_comparisons/qiskit_mixed_odd_21138144/noise_coherent_overrotation_n9,qiskit_mixed,su2_qcnn,9,8,10,0,coherent_overrotation,0.005,/scratch/users/jdehoney/eqnn_thesis/data/noisy_comparisons/qiskit_mixed_odd_21138144/noise_coherent_overrotation_n9/qiskit_mixed/su2_qcnn/n9/train_size_8/epochs_10/noise_coherent_overrotation_0p005/seed_0,/scratch/users/jdehoney/eqnn_thesis/data/noisy_comparisons/qiskit_mixed_odd_21138144/noise_coherent_overrotation_n9/qiskit_mixed/su2_qcnn/n9/train_size_8/epochs_10/noise_coherent_overrotation_0p005/seed_0/metrics.json,completed,,,,,,,,0.4709818248336012,,,,,
/scratch/users/jdehoney/eqnn_thesis/data/noisy_comparisons/qiskit_mixed_odd_21032705,/scratch/users/jdehoney/eqnn_thesis/data/noisy_comparisons/qiskit_mixed_odd_21032705/noise_coherent_overrotation_n9,qiskit_mixed,su2_qcnn,9,8,10,1,coherent_overrotation,0.005,/scratch/users/jdehoney/eqnn_thesis/data/noisy_comparisons/qiskit_mixed_odd_21032705/noise_coherent_overrotation_n9/qiskit_mixed/su2_qcnn/n9/train_size_8/epochs_10/noise_coherent_overrotation_0p005/seed_1,/scratch/users/jdehoney/eqnn_thesis/data/noisy_comparisons/qiskit_mixed_odd_21032705/noise_coherent_overrotation_n9/qiskit_mixed/su2_qcnn/n9/train_size_8/epochs_10/noise_coherent_overrotation_0p005/seed_1/metrics.json,completed,,,,,,,,0.43353413789130124,,,,,
/scratch/users/jdehoney/eqnn_thesis/data/noisy_comparisons/qiskit_mixed_odd_21138144,/scratch/users/jdehoney/eqnn_thesis/data/noisy_comparisons/qiskit_mixed_odd_21138144/noise_coherent_overrotation_n9,qiskit_mixed,su2_qcnn,9,8,10,1,coherent_overrotation,0.005,/scratch/users/jdehoney/eqnn_thesis/data/noisy_comparisons/qiskit_mixed_odd_21138144/noise_coherent_overrotation_n9/qiskit_mixed/su2_qcnn/n9/train_size_8/epochs_10/noise_coherent_overrotation_0p005/seed_1,/scratch/users/jdehoney/eqnn_thesis/data/noisy_comparisons/qiskit_mixed_odd_21138144/noise_coherent_overrotation_n9/qiskit_mixed/su2_qcnn/n9/train_size_8/epochs_10/noise_coherent_overrotation_0p005/seed_1/metrics.json,completed,,,,,,,,0.43353413789130124,,,,,
/scratch/users/jdehoney/eqnn_thesis/data/noisy_comparisons/qiskit_mixed_odd_21032705,/scratch/users/jdehoney/eqnn_thesis/data/noisy_comparisons/qiskit_mixed_odd_21032705/noise_coherent_overrotation_n9,qiskit_mixed,su2_qcnn,9,8,10,2,coherent_overrotation,0.005,/scratch/users/jdehoney/eqnn_thesis/data/noisy_comparisons/qiskit_mixed_odd_21032705/noise_coherent_overrotation_n9/qiskit_mixed/su2_qcnn/n9/train_size_8/epochs_10/noise_coherent_overrotation_0p005/seed_2,/scratch/users/jdehoney/eqnn_thesis/data/noisy_comparisons/qiskit_mixed_odd_21032705/noise_coherent_overrotation_n9/qiskit_mixed/su2_qcnn/n9/train_size_8/epochs_10/noise_coherent_overrotation_0p005/seed_2/metrics.json,completed,,,,,,,,0.39973726002603427,,,,,
/scratch/users/jdehoney/eqnn_thesis/data/noisy_comparisons/qiskit_mixed_odd_21138144,/scratch/users/jdehoney/eqnn_thesis/data/noisy_comparisons/qiskit_mixed_odd_21138144/noise_coherent_overrotation_n9,qiskit_mixed,su2_qcnn,9,8,10,2,coherent_overrotation,0.005,/scratch/users/jdehoney/eqnn_thesis/data/noisy_comparisons/qiskit_mixed_odd_21138144/noise_coherent_overrotation_n9/qiskit_mixed/su2_qcnn/n9/train_size_8/epochs_10/noise_coherent_overrotation_0p005/seed_2,/scratch/users/jdehoney/eqnn_thesis/data/noisy_comparisons/qiskit_mixed_odd_21138144/noise_coherent_overrotation_n9/qiskit_mixed/su2_qcnn/n9/train_size_8/epochs_10/noise_coherent_overrotation_0p005/seed_2/metrics.json,completed,,,,,,,,0.39973726002603427,,,,,
/scratch/users/jdehoney/eqnn_thesis/data/noisy_comparisons/qiskit_mixed_odd_21032705,/scratch/users/jdehoney/eqnn_thesis/data/noisy_comparisons/qiskit_mixed_odd_21032705/noise_coherent_overrotation_n9,qiskit_mixed,su2_qcnn,9,8,10,0,coherent_overrotation,0.01,/scratch/users/jdehoney/eqnn_thesis/data/noisy_comparisons/qiskit_mixed_odd_21032705/noise_coherent_overrotation_n9/qiskit_mixed/su2_qcnn/n9/train_size_8/epochs_10/noise_coherent_overrotation_0p01/seed_0,/scratch/users/jdehoney/eqnn_thesis/data/noisy_comparisons/qiskit_mixed_odd_21032705/noise_coherent_overrotation_n9/qiskit_mixed/su2_qcnn/n9/train_size_8/epochs_10/noise_coherent_overrotation_0p01/seed_0/metrics.json,completed,,,,,,,,0.47032280580583585,,,,,
/scratch/users/jdehoney/eqnn_thesis/data/noisy_comparisons/qiskit_mixed_odd_21138144,/scratch/users/jdehoney/eqnn_thesis/data/noisy_comparisons/qiskit_mixed_odd_21138144/noise_coherent_overrotation_n9,qiskit_mixed,su2_qcnn,9,8,10,0,coherent_overrotation,0.01,/scratch/users/jdehoney/eqnn_thesis/data/noisy_comparisons/qiskit_mixed_odd_21138144/noise_coherent_overrotation_n9/qiskit_mixed/su2_qcnn/n9/train_size_8/epochs_10/noise_coherent_overrotation_0p01/seed_0,/scratch/users/jdehoney/eqnn_thesis/data/noisy_comparisons/qiskit_mixed_odd_21138144/noise_coherent_overrotation_n9/qiskit_mixed/su2_qcnn/n9/train_size_8/epochs_10/noise_coherent_overrotation_0p01/seed_0/metrics.json,completed,,,,,,,,0.47032280580583585,,,,,
/scratch/users/jdehoney/eqnn_thesis/data/noisy_comparisons/qiskit_mixed_odd_21032705,/scratch/users/jdehoney/eqnn_thesis/data/noisy_comparisons/qiskit_mixed_odd_21032705/noise_coherent_overrotation_n9,qiskit_mixed,su2_qcnn,9,8,10,1,coherent_overrotation,0.01,/scratch/users/jdehoney/eqnn_thesis/data/noisy_comparisons/qiskit_mixed_odd_21032705/noise_coherent_overrotation_n9/qiskit_mixed/su2_qcnn/n9/train_size_8/epochs_10/noise_coherent_overrotation_0p01/seed_1,/scratch/users/jdehoney/eqnn_thesis/data/noisy_comparisons/qiskit_mixed_odd_21032705/noise_coherent_overrotation_n9/qiskit_mixed/su2_qcnn/n9/train_size_8/epochs_10/noise_coherent_overrotation_0p01/seed_1/metrics.json,completed,,,,,,,,0.43376043431836686,,,,,
/scratch/users/jdehoney/eqnn_thesis/data/noisy_comparisons/qiskit_mixed_odd_21138144,/scratch/users/jdehoney/eqnn_thesis/data/noisy_comparisons/qiskit_mixed_odd_21138144/noise_coherent_overrotation_n9,qiskit_mixed,su2_qcnn,9,8,10,1,coherent_overrotation,0.01,/scratch/users/jdehoney/eqnn_thesis/data/noisy_comparisons/qiskit_mixed_odd_21138144/noise_coherent_overrotation_n9/qiskit_mixed/su2_qcnn/n9/train_size_8/epochs_10/noise_coherent_overrotation_0p01/seed_1,/scratch/users/jdehoney/eqnn_thesis/data/noisy_comparisons/qiskit_mixed_odd_21138144/noise_coherent_overrotation_n9/qiskit_mixed/su2_qcnn/n9/train_size_8/epochs_10/noise_coherent_overrotation_0p01/seed_1/metrics.json,completed,,,,,,,,0.43376043431836686,,,,,
/scratch/users/jdehoney/eqnn_thesis/data/noisy_comparisons/qiskit_mixed_odd_21032705,/scratch/users/jdehoney/eqnn_thesis/data/noisy_comparisons/qiskit_mixed_odd_21032705/noise_coherent_overrotation_n9,qiskit_mixed,su2_qcnn,9,8,10,2,coherent_overrotation,0.01,/scratch/users/jdehoney/eqnn_thesis/data/noisy_comparisons/qiskit_mixed_odd_21032705/noise_coherent_overrotation_n9/qiskit_mixed/su2_qcnn/n9/train_size_8/epochs_10/noise_coherent_overrotation_0p01/seed_2,/scratch/users/jdehoney/eqnn_thesis/data/noisy_comparisons/qiskit_mixed_odd_21032705/noise_coherent_overrotation_n9/qiskit_mixed/su2_qcnn/n9/train_size_8/epochs_10/noise_coherent_overrotation_0p01/seed_2/metrics.json,completed,,,,,,,,0.4000057472512594,,,,,
/scratch/users/jdehoney/eqnn_thesis/data/noisy_comparisons/qiskit_mixed_odd_21138144,/scratch/users/jdehoney/eqnn_thesis/data/noisy_comparisons/qiskit_mixed_odd_21138144/noise_coherent_overrotation_n9,qiskit_mixed,su2_qcnn,9,8,10,2,coherent_overrotation,0.01,/scratch/users/jdehoney/eqnn_thesis/data/noisy_comparisons/qiskit_mixed_odd_21138144/noise_coherent_overrotation_n9/qiskit_mixed/su2_qcnn/n9/train_size_8/epochs_10/noise_coherent_overrotation_0p01/seed_2,/scratch/users/jdehoney/eqnn_thesis/data/noisy_comparisons/qiskit_mixed_odd_21138144/noise_coherent_overrotation_n9/qiskit_mixed/su2_qcnn/n9/train_size_8/epochs_10/noise_coherent_overrotation_0p01/seed_2/metrics.json,completed,,,,,,,,0.4000057472512594,,,,,
/scratch/users/jdehoney/eqnn_thesis/data/noisy_comparisons/qiskit_mixed_odd_21032705,/scratch/users/jdehoney/eqnn_thesis/data/noisy_comparisons/qiskit_mixed_odd_21032705/noise_coherent_overrotation_n9,qiskit_mixed,su2_qcnn,9,8,10,0,coherent_overrotation,0.05,/scratch/users/jdehoney/eqnn_thesis/data/noisy_comparisons/qiskit_mixed_odd_21032705/noise_coherent_overrotation_n9/qiskit_mixed/su2_qcnn/n9/train_size_8/epochs_10/noise_coherent_overrotation_0p05/seed_0,/scratch/users/jdehoney/eqnn_thesis/data/noisy_comparisons/qiskit_mixed_odd_21032705/noise_coherent_overrotation_n9/qiskit_mixed/su2_qcnn/n9/train_size_8/epochs_10/noise_coherent_overrotation_0p05/seed_0/metrics.json,completed,,,,,,,,0.46552147669677235,,,,,
/scratch/users/jdehoney/eqnn_thesis/data/noisy_comparisons/qiskit_mixed_odd_21138144,/scratch/users/jdehoney/eqnn_thesis/data/noisy_comparisons/qiskit_mixed_odd_21138144/noise_coherent_overrotation_n9,qiskit_mixed,su2_qcnn,9,8,10,0,coherent_overrotation,0.05,/scratch/users/jdehoney/eqnn_thesis/data/noisy_comparisons/qiskit_mixed_odd_21138144/noise_coherent_overrotation_n9/qiskit_mixed/su2_qcnn/n9/train_size_8/epochs_10/noise_coherent_overrotation_0p05/seed_0,/scratch/users/jdehoney/eqnn_thesis/data/noisy_comparisons/qiskit_mixed_odd_21138144/noise_coherent_overrotation_n9/qiskit_mixed/su2_qcnn/n9/train_size_8/epochs_10/noise_coherent_overrotation_0p05/seed_0/metrics.json,completed,,,,,,,,0.46552147669677235,,,,,
/scratch/users/jdehoney/eqnn_thesis/data/noisy_comparisons/qiskit_mixed_odd_21032705,/scratch/users/jdehoney/eqnn_thesis/data/noisy_comparisons/qiskit_mixed_odd_21032705/noise_coherent_overrotation_n9,qiskit_mixed,su2_qcnn,9,8,10,1,coherent_overrotation,0.05,/scratch/users/jdehoney/eqnn_thesis/data/noisy_comparisons/qiskit_mixed_odd_21032705/noise_coherent_overrotation_n9/qiskit_mixed/su2_qcnn/n9/train_size_8/epochs_10/noise_coherent_overrotation_0p05/seed_1,/scratch/users/jdehoney/eqnn_thesis/data/noisy_comparisons/qiskit_mixed_odd_21032705/noise_coherent_overrotation_n9/qiskit_mixed/su2_qcnn/n9/train_size_8/epochs_10/noise_coherent_overrotation_0p05/seed_1/metrics.json,completed,,,,,,,,0.4353452251044784,,,,,
/scratch/users/jdehoney/eqnn_thesis/data/noisy_comparisons/qiskit_mixed_odd_21138144,/scratch/users/jdehoney/eqnn_thesis/data/noisy_comparisons/qiskit_mixed_odd_21138144/noise_coherent_overrotation_n9,qiskit_mixed,su2_qcnn,9,8,10,1,coherent_overrotation,0.05,/scratch/users/jdehoney/eqnn_thesis/data/noisy_comparisons/qiskit_mixed_odd_21138144/noise_coherent_overrotation_n9/qiskit_mixed/su2_qcnn/n9/train_size_8/epochs_10/noise_coherent_overrotation_0p05/seed_1,/scratch/users/jdehoney/eqnn_thesis/data/noisy_comparisons/qiskit_mixed_odd_21138144/noise_coherent_overrotation_n9/qiskit_mixed/su2_qcnn/n9/train_size_8/epochs_10/noise_coherent_overrotation_0p05/seed_1/metrics.json,completed,,,,,,,,0.4353452251044784,,,,,
/scratch/users/jdehoney/eqnn_thesis/data/noisy_comparisons/qiskit_mixed_odd_21032705,/scratch/users/jdehoney/eqnn_thesis/data/noisy_comparisons/qiskit_mixed_odd_21032705/noise_coherent_overrotation_n9,qiskit_mixed,su2_qcnn,9,8,10,2,coherent_overrotation,0.05,/scratch/users/jdehoney/eqnn_thesis/data/noisy_comparisons/qiskit_mixed_odd_21032705/noise_coherent_overrotation_n9/qiskit_mixed/su2_qcnn/n9/train_size_8/epochs_10/noise_coherent_overrotation_0p05/seed_2,/scratch/users/jdehoney/eqnn_thesis/data/noisy_comparisons/qiskit_mixed_odd_21032705/noise_coherent_overrotation_n9/qiskit_mixed/su2_qcnn/n9/train_size_8/epochs_10/noise_coherent_overrotation_0p05/seed_2/metrics.json,completed,,,,,,,,0.40296030695960955,,,,,
/scratch/users/jdehoney/eqnn_thesis/data/noisy_comparisons/qiskit_mixed_odd_21138144,/scratch/users/jdehoney/eqnn_thesis/data/noisy_comparisons/qiskit_mixed_odd_21138144/noise_coherent_overrotation_n9,qiskit_mixed,su2_qcnn,9,8,10,2,coherent_overrotation,0.05,/scratch/users/jdehoney/eqnn_thesis/data/noisy_comparisons/qiskit_mixed_odd_21138144/noise_coherent_overrotation_n9/qiskit_mixed/su2_qcnn/n9/train_size_8/epochs_10/noise_coherent_overrotation_0p05/seed_2,/scratch/users/jdehoney/eqnn_thesis/data/noisy_comparisons/qiskit_mixed_odd_21138144/noise_coherent_overrotation_n9/qiskit_mixed/su2_qcnn/n9/train_size_8/epochs_10/noise_coherent_overrotation_0p05/seed_2/metrics.json,completed,,,,,,,,0.40296030695960955,,,,,
/scratch/users/jdehoney/eqnn_thesis/data/noisy_comparisons/qiskit_mixed_odd_21032705,/scratch/users/jdehoney/eqnn_thesis/data/noisy_comparisons/qiskit_mixed_odd_21032705/noise_coherent_overrotation_n9,qiskit_mixed,su2_qcnn,9,8,10,0,coherent_overrotation,0.1,/scratch/users/jdehoney/eqnn_thesis/data/noisy_comparisons/qiskit_mixed_odd_21032705/noise_coherent_overrotation_n9/qiskit_mixed/su2_qcnn/n9/train_size_8/epochs_10/noise_coherent_overrotation_0p1/seed_0,/scratch/users/jdehoney/eqnn_thesis/data/noisy_comparisons/qiskit_mixed_odd_21032705/noise_coherent_overrotation_n9/qiskit_mixed/su2_qcnn/n9/train_size_8/epochs_10/noise_coherent_overrotation_0p1/seed_0/metrics.json,completed,,,,,,,,0.4602431624796479,,,,,
/scratch/users/jdehoney/eqnn_thesis/data/noisy_comparisons/qiskit_mixed_odd_21138144,/scratch/users/jdehoney/eqnn_thesis/data/noisy_comparisons/qiskit_mixed_odd_21138144/noise_coherent_overrotation_n9,qiskit_mixed,su2_qcnn,9,8,10,0,coherent_overrotation,0.1,/scratch/users/jdehoney/eqnn_thesis/data/noisy_comparisons/qiskit_mixed_odd_21138144/noise_coherent_overrotation_n9/qiskit_mixed/su2_qcnn/n9/train_size_8/epochs_10/noise_coherent_overrotation_0p1/seed_0,/scratch/users/jdehoney/eqnn_thesis/data/noisy_comparisons/qiskit_mixed_odd_21138144/noise_coherent_overrotation_n9/qiskit_mixed/su2_qcnn/n9/train_size_8/epochs_10/noise_coherent_overrotation_0p1/seed_0/metrics.json,completed,,,,,,,,0.4602431624796479,,,,,
/scratch/users/jdehoney/eqnn_thesis/data/noisy_comparisons/qiskit_mixed_odd_21032705,/scratch/users/jdehoney/eqnn_thesis/data/noisy_comparisons/qiskit_mixed_odd_21032705/noise_coherent_overrotation_n9,qiskit_mixed,su2_qcnn,9,8,10,1,coherent_overrotation,0.1,/scratch/users/jdehoney/eqnn_thesis/data/noisy_comparisons/qiskit_mixed_odd_21032705/noise_coherent_overrotation_n9/qiskit_mixed/su2_qcnn/n9/train_size_8/epochs_10/noise_coherent_overrotation_0p1/seed_1,/scratch/users/jdehoney/eqnn_thesis/data/noisy_comparisons/qiskit_mixed_odd_21032705/noise_coherent_overrotation_n9/qiskit_mixed/su2_qcnn/n9/train_size_8/epochs_10/noise_coherent_overrotation_0p1/seed_1/metrics.json,completed,,,,,,,,0.4369642965141482,,,,,
/scratch/users/jdehoney/eqnn_thesis/data/noisy_comparisons/qiskit_mixed_odd_21138144,/scratch/users/jdehoney/eqnn_thesis/data/noisy_comparisons/qiskit_mixed_odd_21138144/noise_coherent_overrotation_n9,qiskit_mixed,su2_qcnn,9,8,10,1,coherent_overrotation,0.1,/scratch/users/jdehoney/eqnn_thesis/data/noisy_comparisons/qiskit_mixed_odd_21138144/noise_coherent_overrotation_n9/qiskit_mixed/su2_qcnn/n9/train_size_8/epochs_10/noise_coherent_overrotation_0p1/seed_1,/scratch/users/jdehoney/eqnn_thesis/data/noisy_comparisons/qiskit_mixed_odd_21138144/noise_coherent_overrotation_n9/qiskit_mixed/su2_qcnn/n9/train_size_8/epochs_10/noise_coherent_overrotation_0p1/seed_1/metrics.json,completed,,,,,,,,0.4369642965141482,,,,,
/scratch/users/jdehoney/eqnn_thesis/data/noisy_comparisons/qiskit_mixed_odd_21032705,/scratch/users/jdehoney/eqnn_thesis/data/noisy_comparisons/qiskit_mixed_odd_21032705/noise_coherent_overrotation_n9,qiskit_mixed,su2_qcnn,9,8,10,2,coherent_overrotation,0.1,/scratch/users/jdehoney/eqnn_thesis/data/noisy_comparisons/qiskit_mixed_odd_21032705/noise_coherent_overrotation_n9/qiskit_mixed/su2_qcnn/n9/train_size_8/epochs_10/noise_coherent_overrotation_0p1/seed_2,/scratch/users/jdehoney/eqnn_thesis/data/noisy_comparisons/qiskit_mixed_odd_21032705/noise_coherent_overrotation_n9/qiskit_mixed/su2_qcnn/n9/train_size_8/epochs_10/noise_coherent_overrotation_0p1/seed_2/metrics.json,completed,,,,,,,,0.4069265658538138,,,,,
/scratch/users/jdehoney/eqnn_thesis/data/noisy_comparisons/qiskit_mixed_odd_21138144,/scratch/users/jdehoney/eqnn_thesis/data/noisy_comparisons/qiskit_mixed_odd_21138144/noise_coherent_overrotation_n9,qiskit_mixed,su2_qcnn,9,8,10,2,coherent_overrotation,0.1,/scratch/users/jdehoney/eqnn_thesis/data/noisy_comparisons/qiskit_mixed_odd_21138144/noise_coherent_overrotation_n9/qiskit_mixed/su2_qcnn/n9/train_size_8/epochs_10/noise_coherent_overrotation_0p1/seed_2,/scratch/users/jdehoney/eqnn_thesis/data/noisy_comparisons/qiskit_mixed_odd_21138144/noise_coherent_overrotation_n9/qiskit_mixed/su2_qcnn/n9/train_size_8/epochs_10/noise_coherent_overrotation_0p1/seed_2/metrics.json,completed,,,,,,,,0.4069265658538138,,,,,
/scratch/users/jdehoney/eqnn_thesis/data/noisy_comparisons/qiskit_mixed_odd_21032705,/scratch/users/jdehoney/eqnn_thesis/data/noisy_comparisons/qiskit_mixed_odd_21032705/noise_coherent_overrotation_n9,qiskit_mixed,su2_qcnn,9,12,10,0,coherent_overrotation,0.0,/scratch/users/jdehoney/eqnn_thesis/data/noisy_comparisons/qiskit_mixed_odd_21032705/noise_coherent_overrotation_n9/qiskit_mixed/su2_qcnn/n9/train_size_12/epochs_10/noise_coherent_overrotation_0/seed_0,/scratch/users/jdehoney/eqnn_thesis/data/noisy_comparisons/qiskit_mixed_odd_21032705/noise_coherent_overrotation_n9/qiskit_mixed/su2_qcnn/n9/train_size_12/epochs_10/noise_coherent_overrotation_0/seed_0/metrics.json,completed,,,,,,,,0.3576002904057971,,,,,
/scratch/users/jdehoney/eqnn_thesis/data/noisy_comparisons/qiskit_mixed_odd_21138144,/scratch/users/jdehoney/eqnn_thesis/data/noisy_comparisons/qiskit_mixed_odd_21138144/noise_coherent_overrotation_n9,qiskit_mixed,su2_qcnn,9,12,10,0,coherent_overrotation,0.0,/scratch/users/jdehoney/eqnn_thesis/data/noisy_comparisons/qiskit_mixed_odd_21138144/noise_coherent_overrotation_n9/qiskit_mixed/su2_qcnn/n9/train_size_12/epochs_10/noise_coherent_overrotation_0/seed_0,/scratch/users/jdehoney/eqnn_thesis/data/noisy_comparisons/qiskit_mixed_odd_21138144/noise_coherent_overrotation_n9/qiskit_mixed/su2_qcnn/n9/train_size_12/epochs_10/noise_coherent_overrotation_0/seed_0/metrics.json,completed,,,,,,,,0.3576002904057971,,,,,
/scratch/users/jdehoney/eqnn_thesis/data/noisy_comparisons/qiskit_mixed_odd_21032705,/scratch/users/jdehoney/eqnn_thesis/data/noisy_comparisons/qiskit_mixed_odd_21032705/noise_coherent_overrotation_n9,qiskit_mixed,su2_qcnn,9,12,10,1,coherent_overrotation,0.0,/scratch/users/jdehoney/eqnn_thesis/data/noisy_comparisons/qiskit_mixed_odd_21032705/noise_coherent_overrotation_n9/qiskit_mixed/su2_qcnn/n9/train_size_12/epochs_10/noise_coherent_overrotation_0/seed_1,/scratch/users/jdehoney/eqnn_thesis/data/noisy_comparisons/qiskit_mixed_odd_21032705/noise_coherent_overrotation_n9/qiskit_mixed/su2_qcnn/n9/train_size_12/epochs_10/noise_coherent_overrotation_0/seed_1/metrics.json,completed,,,,,,,,0.38037855438001555,,,,,
/scratch/users/jdehoney/eqnn_thesis/data/noisy_comparisons/qiskit_mixed_odd_21138144,/scratch/users/jdehoney/eqnn_thesis/data/noisy_comparisons/qiskit_mixed_odd_21138144/noise_coherent_overrotation_n9,qiskit_mixed,su2_qcnn,9,12,10,1,coherent_overrotation,0.0,/scratch/users/jdehoney/eqnn_thesis/data/noisy_comparisons/qiskit_mixed_odd_21138144/noise_coherent_overrotation_n9/qiskit_mixed/su2_qcnn/n9/train_size_12/epochs_10/noise_coherent_overrotation_0/seed_1,/scratch/users/jdehoney/eqnn_thesis/data/noisy_comparisons/qiskit_mixed_odd_21138144/noise_coherent_overrotation_n9/qiskit_mixed/su2_qcnn/n9/train_size_12/epochs_10/noise_coherent_overrotation_0/seed_1/metrics.json,completed,,,,,,,,0.38037855438001555,,,,,
/scratch/users/jdehoney/eqnn_thesis/data/noisy_comparisons/qiskit_mixed_odd_21032705,/scratch/users/jdehoney/eqnn_thesis/data/noisy_comparisons/qiskit_mixed_odd_21032705/noise_coherent_overrotation_n9,qiskit_mixed,su2_qcnn,9,12,10,2,coherent_overrotation,0.0,/scratch/users/jdehoney/eqnn_thesis/data/noisy_comparisons/qiskit_mixed_odd_21032705/noise_coherent_overrotation_n9/qiskit_mixed/su2_qcnn/n9/train_size_12/epochs_10/noise_coherent_overrotation_0/seed_2,/scratch/users/jdehoney/eqnn_thesis/data/noisy_comparisons/qiskit_mixed_odd_21032705/noise_coherent_overrotation_n9/qiskit_mixed/su2_qcnn/n9/train_size_12/epochs_10/noise_coherent_overrotation_0/seed_2/metrics.json,completed,,,,,,,,0.4010249068172136,,,,,
/scratch/users/jdehoney/eqnn_thesis/data/noisy_comparisons/qiskit_mixed_odd_21138144,/scratch/users/jdehoney/eqnn_thesis/data/noisy_comparisons/qiskit_mixed_odd_21138144/noise_coherent_overrotation_n9,qiskit_mixed,su2_qcnn,9,12,10,2,coherent_overrotation,0.0,/scratch/users/jdehoney/eqnn_thesis/data/noisy_comparisons/qiskit_mixed_odd_21138144/noise_coherent_overrotation_n9/qiskit_mixed/su2_qcnn/n9/train_size_12/epochs_10/noise_coherent_overrotation_0/seed_2,/scratch/users/jdehoney/eqnn_thesis/data/noisy_comparisons/qiskit_mixed_odd_21138144/noise_coherent_overrotation_n9/qiskit_mixed/su2_qcnn/n9/train_size_12/epochs_10/noise_coherent_overrotation_0/seed_2/metrics.json,completed,,,,,,,,0.4010249068172136,,,,,
/scratch/users/jdehoney/eqnn_thesis/data/noisy_comparisons/qiskit_mixed_odd_21032705,/scratch/users/jdehoney/eqnn_thesis/data/noisy_comparisons/qiskit_mixed_odd_21032705/noise_coherent_overrotation_n9,qiskit_mixed,su2_qcnn,9,12,10,0,coherent_overrotation,0.001,/scratch/users/jdehoney/eqnn_thesis/data/noisy_comparisons/qiskit_mixed_odd_21032705/noise_coherent_overrotation_n9/qiskit_mixed/su2_qcnn/n9/train_size_12/epochs_10/noise_coherent_overrotation_0p001/seed_0,/scratch/users/jdehoney/eqnn_thesis/data/noisy_comparisons/qiskit_mixed_odd_21032705/noise_coherent_overrotation_n9/qiskit_mixed/su2_qcnn/n9/train_size_12/epochs_10/noise_coherent_overrotation_0p001/seed_0/metrics.json,completed,,,,,,,,0.35754185167403185,,,,,
/scratch/users/jdehoney/eqnn_thesis/data/noisy_comparisons/qiskit_mixed_odd_21138144,/scratch/users/jdehoney/eqnn_thesis/data/noisy_comparisons/qiskit_mixed_odd_21138144/noise_coherent_overrotation_n9,qiskit_mixed,su2_qcnn,9,12,10,0,coherent_overrotation,0.001,/scratch/users/jdehoney/eqnn_thesis/data/noisy_comparisons/qiskit_mixed_odd_21138144/noise_coherent_overrotation_n9/qiskit_mixed/su2_qcnn/n9/train_size_12/epochs_10/noise_coherent_overrotation_0p001/seed_0,/scratch/users/jdehoney/eqnn_thesis/data/noisy_comparisons/qiskit_mixed_odd_21138144/noise_coherent_overrotation_n9/qiskit_mixed/su2_qcnn/n9/train_size_12/epochs_10/noise_coherent_overrotation_0p001/seed_0/metrics.json,completed,,,,,,,,0.35754185167403185,,,,,
/scratch/users/jdehoney/eqnn_thesis/data/noisy_comparisons/qiskit_mixed_odd_21032705,/scratch/users/jdehoney/eqnn_thesis/data/noisy_comparisons/qiskit_mixed_odd_21032705/noise_coherent_overrotation_n9,qiskit_mixed,su2_qcnn,9,12,10,1,coherent_overrotation,0.001,/scratch/users/jdehoney/eqnn_thesis/data/noisy_comparisons/qiskit_mixed_odd_21032705/noise_coherent_overrotation_n9/qiskit_mixed/su2_qcnn/n9/train_size_12/epochs_10/noise_coherent_overrotation_0p001/seed_1,/scratch/users/jdehoney/eqnn_thesis/data/noisy_comparisons/qiskit_mixed_odd_21032705/noise_coherent_overrotation_n9/qiskit_mixed/su2_qcnn/n9/train_size_12/epochs_10/noise_coherent_overrotation_0p001/seed_1/metrics.json,completed,,,,,,,,0.38039201501596687,,,,,
/scratch/users/jdehoney/eqnn_thesis/data/noisy_comparisons/qiskit_mixed_odd_21138144,/scratch/users/jdehoney/eqnn_thesis/data/noisy_comparisons/qiskit_mixed_odd_21138144/noise_coherent_overrotation_n9,qiskit_mixed,su2_qcnn,9,12,10,1,coherent_overrotation,0.001,/scratch/users/jdehoney/eqnn_thesis/data/noisy_comparisons/qiskit_mixed_odd_21138144/noise_coherent_overrotation_n9/qiskit_mixed/su2_qcnn/n9/train_size_12/epochs_10/noise_coherent_overrotation_0p001/seed_1,/scratch/users/jdehoney/eqnn_thesis/data/noisy_comparisons/qiskit_mixed_odd_21138144/noise_coherent_overrotation_n9/qiskit_mixed/su2_qcnn/n9/train_size_12/epochs_10/noise_coherent_overrotation_0p001/seed_1/metrics.json,completed,,,,,,,,0.38039201501596687,,,,,
/scratch/users/jdehoney/eqnn_thesis/data/noisy_comparisons/qiskit_mixed_odd_21032705,/scratch/users/jdehoney/eqnn_thesis/data/noisy_comparisons/qiskit_mixed_odd_21032705/noise_coherent_overrotation_n9,qiskit_mixed,su2_qcnn,9,12,10,2,coherent_overrotation,0.001,/scratch/users/jdehoney/eqnn_thesis/data/noisy_comparisons/qiskit_mixed_odd_21032705/noise_coherent_overrotation_n9/qiskit_mixed/su2_qcnn/n9/train_size_12/epochs_10/noise_coherent_overrotation_0p001/seed_2,/scratch/users/jdehoney/eqnn_thesis/data/noisy_comparisons/qiskit_mixed_odd_21032705/noise_coherent_overrotation_n9/qiskit_mixed/su2_qcnn/n9/train_size_12/epochs_10/noise_coherent_overrotation_0p001/seed_2/metrics.json,completed,,,,,,,,0.40095959911408874,,,,,
/scratch/users/jdehoney/eqnn_thesis/data/noisy_comparisons/qiskit_mixed_odd_21138144,/scratch/users/jdehoney/eqnn_thesis/data/noisy_comparisons/qiskit_mixed_odd_21138144/noise_coherent_overrotation_n9,qiskit_mixed,su2_qcnn,9,12,10,2,coherent_overrotation,0.001,/scratch/users/jdehoney/eqnn_thesis/data/noisy_comparisons/qiskit_mixed_odd_21138144/noise_coherent_overrotation_n9/qiskit_mixed/su2_qcnn/n9/train_size_12/epochs_10/noise_coherent_overrotation_0p001/seed_2,/scratch/users/jdehoney/eqnn_thesis/data/noisy_comparisons/qiskit_mixed_odd_21138144/noise_coherent_overrotation_n9/qiskit_mixed/su2_qcnn/n9/train_size_12/epochs_10/noise_coherent_overrotation_0p001/seed_2/metrics.json,completed,,,,,,,,0.40095959911408874,,,,,
/scratch/users/jdehoney/eqnn_thesis/data/noisy_comparisons/qiskit_mixed_odd_21032705,/scratch/users/jdehoney/eqnn_thesis/data/noisy_comparisons/qiskit_mixed_odd_21032705/noise_coherent_overrotation_n9,qiskit_mixed,su2_qcnn,9,12,10,0,coherent_overrotation,0.005,/scratch/users/jdehoney/eqnn_thesis/data/noisy_comparisons/qiskit_mixed_odd_21032705/noise_coherent_overrotation_n9/qiskit_mixed/su2_qcnn/n9/train_size_12/epochs_10/noise_coherent_overrotation_0p005/seed_0,/scratch/users/jdehoney/eqnn_thesis/data/noisy_comparisons/qiskit_mixed_odd_21032705/noise_coherent_overrotation_n9/qiskit_mixed/su2_qcnn/n9/train_size_12/epochs_10/noise_coherent_overrotation_0p005/seed_0/metrics.json,completed,,,,,,,,0.3573126050817317,,,,,
/scratch/users/jdehoney/eqnn_thesis/data/noisy_comparisons/qiskit_mixed_odd_21138144,/scratch/users/jdehoney/eqnn_thesis/data/noisy_comparisons/qiskit_mixed_odd_21138144/noise_coherent_overrotation_n9,qiskit_mixed,su2_qcnn,9,12,10,0,coherent_overrotation,0.005,/scratch/users/jdehoney/eqnn_thesis/data/noisy_comparisons/qiskit_mixed_odd_21138144/noise_coherent_overrotation_n9/qiskit_mixed/su2_qcnn/n9/train_size_12/epochs_10/noise_coherent_overrotation_0p005/seed_0,/scratch/users/jdehoney/eqnn_thesis/data/noisy_comparisons/qiskit_mixed_odd_21138144/noise_coherent_overrotation_n9/qiskit_mixed/su2_qcnn/n9/train_size_12/epochs_10/noise_coherent_overrotation_0p005/seed_0/metrics.json,completed,,,,,,,,0.3573126050817317,,,,,
/scratch/users/jdehoney/eqnn_thesis/data/noisy_comparisons/qiskit_mixed_odd_21032705,/scratch/users/jdehoney/eqnn_thesis/data/noisy_comparisons/qiskit_mixed_odd_21032705/noise_coherent_overrotation_n9,qiskit_mixed,su2_qcnn,9,12,10,1,coherent_overrotation,0.005,/scratch/users/jdehoney/eqnn_thesis/data/noisy_comparisons/qiskit_mixed_odd_21032705/noise_coherent_overrotation_n9/qiskit_mixed/su2_qcnn/n9/train_size_12/epochs_10/noise_coherent_overrotation_0p005/seed_1,/scratch/users/jdehoney/eqnn_thesis/data/noisy_comparisons/qiskit_mixed_odd_21032705/noise_coherent_overrotation_n9/qiskit_mixed/su2_qcnn/n9/train_size_12/epochs_10/noise_coherent_overrotation_0p005/seed_1/metrics.json,completed,,,,,,,,0.38044218745579217,,,,,
/scratch/users/jdehoney/eqnn_thesis/data/noisy_comparisons/qiskit_mixed_odd_21138144,/scratch/users/jdehoney/eqnn_thesis/data/noisy_comparisons/qiskit_mixed_odd_21138144/noise_coherent_overrotation_n9,qiskit_mixed,su2_qcnn,9,12,10,1,coherent_overrotation,0.005,/scratch/users/jdehoney/eqnn_thesis/data/noisy_comparisons/qiskit_mixed_odd_21138144/noise_coherent_overrotation_n9/qiskit_mixed/su2_qcnn/n9/train_size_12/epochs_10/noise_coherent_overrotation_0p005/seed_1,/scratch/users/jdehoney/eqnn_thesis/data/noisy_comparisons/qiskit_mixed_odd_21138144/noise_coherent_overrotation_n9/qiskit_mixed/su2_qcnn/n9/train_size_12/epochs_10/noise_coherent_overrotation_0p005/seed_1/metrics.json,completed,,,,,,,,0.38044218745579217,,,,,
/scratch/users/jdehoney/eqnn_thesis/data/noisy_comparisons/qiskit_mixed_odd_21032705,/scratch/users/jdehoney/eqnn_thesis/data/noisy_comparisons/qiskit_mixed_odd_21032705/noise_coherent_overrotation_n9,qiskit_mixed,su2_qcnn,9,12,10,2,coherent_overrotation,0.005,/scratch/users/jdehoney/eqnn_thesis/data/noisy_comparisons/qiskit_mixed_odd_21032705/noise_coherent_overrotation_n9/qiskit_mixed/su2_qcnn/n9/train_size_12/epochs_10/noise_coherent_overrotation_0p005/seed_2,/scratch/users/jdehoney/eqnn_thesis/data/noisy_comparisons/qiskit_mixed_odd_21032705/noise_coherent_overrotation_n9/qiskit_mixed/su2_qcnn/n9/train_size_12/epochs_10/noise_coherent_overrotation_0p005/seed_2/metrics.json,completed,,,,,,,,0.4007241069787591,,,,,
/scratch/users/jdehoney/eqnn_thesis/data/noisy_comparisons/qiskit_mixed_odd_21138144,/scratch/users/jdehoney/eqnn_thesis/data/noisy_comparisons/qiskit_mixed_odd_21138144/noise_coherent_overrotation_n9,qiskit_mixed,su2_qcnn,9,12,10,2,coherent_overrotation,0.005,/scratch/users/jdehoney/eqnn_thesis/data/noisy_comparisons/qiskit_mixed_odd_21138144/noise_coherent_overrotation_n9/qiskit_mixed/su2_qcnn/n9/train_size_12/epochs_10/noise_coherent_overrotation_0p005/seed_2,/scratch/users/jdehoney/eqnn_thesis/data/noisy_comparisons/qiskit_mixed_odd_21138144/noise_coherent_overrotation_n9/qiskit_mixed/su2_qcnn/n9/train_size_12/epochs_10/noise_coherent_overrotation_0p005/seed_2/metrics.json,completed,,,,,,,,0.4007241069787591,,,,,
/scratch/users/jdehoney/eqnn_thesis/data/noisy_comparisons/qiskit_mixed_odd_21032705,/scratch/users/jdehoney/eqnn_thesis/data/noisy_comparisons/qiskit_mixed_odd_21032705/noise_coherent_overrotation_n9,qiskit_mixed,su2_qcnn,9,12,10,0,coherent_overrotation,0.01,/scratch/users/jdehoney/eqnn_thesis/data/noisy_comparisons/qiskit_mixed_odd_21032705/noise_coherent_overrotation_n9/qiskit_mixed/su2_qcnn/n9/train_size_12/epochs_10/noise_coherent_overrotation_0p01/seed_0,/scratch/users/jdehoney/eqnn_thesis/data/noisy_comparisons/qiskit_mixed_odd_21032705/noise_coherent_overrotation_n9/qiskit_mixed/su2_qcnn/n9/train_size_12/epochs_10/noise_coherent_overrotation_0p01/seed_0/metrics.json,completed,,,,,,,,0.3570360682220368,,,,,
/scratch/users/jdehoney/eqnn_thesis/data/noisy_comparisons/qiskit_mixed_odd_21138144,/scratch/users/jdehoney/eqnn_thesis/data/noisy_comparisons/qiskit_mixed_odd_21138144/noise_coherent_overrotation_n9,qiskit_mixed,su2_qcnn,9,12,10,0,coherent_overrotation,0.01,/scratch/users/jdehoney/eqnn_thesis/data/noisy_comparisons/qiskit_mixed_odd_21138144/noise_coherent_overrotation_n9/qiskit_mixed/su2_qcnn/n9/train_size_12/epochs_10/noise_coherent_overrotation_0p01/seed_0,/scratch/users/jdehoney/eqnn_thesis/data/noisy_comparisons/qiskit_mixed_odd_21138144/noise_coherent_overrotation_n9/qiskit_mixed/su2_qcnn/n9/train_size_12/epochs_10/noise_coherent_overrotation_0p01/seed_0/metrics.json,completed,,,,,,,,0.3570360682220368,,,,,
/scratch/users/jdehoney/eqnn_thesis/data/noisy_comparisons/qiskit_mixed_odd_21032705,/scratch/users/jdehoney/eqnn_thesis/data/noisy_comparisons/qiskit_mixed_odd_21032705/noise_coherent_overrotation_n9,qiskit_mixed,su2_qcnn,9,12,10,1,coherent_overrotation,0.01,/scratch/users/jdehoney/eqnn_thesis/data/noisy_comparisons/qiskit_mixed_odd_21032705/noise_coherent_overrotation_n9/qiskit_mixed/su2_qcnn/n9/train_size_12/epochs_10/noise_coherent_overrotation_0p01/seed_1,/scratch/users/jdehoney/eqnn_thesis/data/noisy_comparisons/qiskit_mixed_odd_21032705/noise_coherent_overrotation_n9/qiskit_mixed/su2_qcnn/n9/train_size_12/epochs_10/noise_coherent_overrotation_0p01/seed_1/metrics.json,completed,,,,,,,,0.38049683522472205,,,,,
/scratch/users/jdehoney/eqnn_thesis/data/noisy_comparisons/qiskit_mixed_odd_21138144,/scratch/users/jdehoney/eqnn_thesis/data/noisy_comparisons/qiskit_mixed_odd_21138144/noise_coherent_overrotation_n9,qiskit_mixed,su2_qcnn,9,12,10,1,coherent_overrotation,0.01,/scratch/users/jdehoney/eqnn_thesis/data/noisy_comparisons/qiskit_mixed_odd_21138144/noise_coherent_overrotation_n9/qiskit_mixed/su2_qcnn/n9/train_size_12/epochs_10/noise_coherent_overrotation_0p01/seed_1,/scratch/users/jdehoney/eqnn_thesis/data/noisy_comparisons/qiskit_mixed_odd_21138144/noise_coherent_overrotation_n9/qiskit_mixed/su2_qcnn/n9/train_size_12/epochs_10/noise_coherent_overrotation_0p01/seed_1/metrics.json,completed,,,,,,,,0.38049683522472205,,,,,
/scratch/users/jdehoney/eqnn_thesis/data/noisy_comparisons/qiskit_mixed_odd_21032705,/scratch/users/jdehoney/eqnn_thesis/data/noisy_comparisons/qiskit_mixed_odd_21032705/noise_coherent_overrotation_n9,qiskit_mixed,su2_qcnn,9,12,10,2,coherent_overrotation,0.01,/scratch/users/jdehoney/eqnn_thesis/data/noisy_comparisons/qiskit_mixed_odd_21032705/noise_coherent_overrotation_n9/qiskit_mixed/su2_qcnn/n9/train_size_12/epochs_10/noise_coherent_overrotation_0p01/seed_2,/scratch/users/jdehoney/eqnn_thesis/data/noisy_comparisons/qiskit_mixed_odd_21032705/noise_coherent_overrotation_n9/qiskit_mixed/su2_qcnn/n9/train_size_12/epochs_10/noise_coherent_overrotation_0p01/seed_2/metrics.json,completed,,,,,,,,0.40048897223669666,,,,,
/scratch/users/jdehoney/eqnn_thesis/data/noisy_comparisons/qiskit_mixed_odd_21138144,/scratch/users/jdehoney/eqnn_thesis/data/noisy_comparisons/qiskit_mixed_odd_21138144/noise_coherent_overrotation_n9,qiskit_mixed,su2_qcnn,9,12,10,2,coherent_overrotation,0.01,/scratch/users/jdehoney/eqnn_thesis/data/noisy_comparisons/qiskit_mixed_odd_21138144/noise_coherent_overrotation_n9/qiskit_mixed/su2_qcnn/n9/train_size_12/epochs_10/noise_coherent_overrotation_0p01/seed_2,/scratch/users/jdehoney/eqnn_thesis/data/noisy_comparisons/qiskit_mixed_odd_21138144/noise_coherent_overrotation_n9/qiskit_mixed/su2_qcnn/n9/train_size_12/epochs_10/noise_coherent_overrotation_0p01/seed_2/metrics.json,completed,,,,,,,,0.40048897223669666,,,,,
/scratch/users/jdehoney/eqnn_thesis/data/noisy_comparisons/qiskit_mixed_odd_21032705,/scratch/users/jdehoney/eqnn_thesis/data/noisy_comparisons/qiskit_mixed_odd_21032705/noise_coherent_overrotation_n9,qiskit_mixed,su2_qcnn,9,12,10,0,coherent_overrotation,0.05,/scratch/users/jdehoney/eqnn_thesis/data/noisy_comparisons/qiskit_mixed_odd_21032705/noise_coherent_overrotation_n9/qiskit_mixed/su2_qcnn/n9/train_size_12/epochs_10/noise_coherent_overrotation_0p05/seed_0,/scratch/users/jdehoney/eqnn_thesis/data/noisy_comparisons/qiskit_mixed_odd_21032705/noise_coherent_overrotation_n9/qiskit_mixed/su2_qcnn/n9/train_size_12/epochs_10/noise_coherent_overrotation_0p05/seed_0/metrics.json,completed,,,,,,,,0.3551964046920783,,,,,
/scratch/users/jdehoney/eqnn_thesis/data/noisy_comparisons/qiskit_mixed_odd_21138144,/scratch/users/jdehoney/eqnn_thesis/data/noisy_comparisons/qiskit_mixed_odd_21138144/noise_coherent_overrotation_n9,qiskit_mixed,su2_qcnn,9,12,10,0,coherent_overrotation,0.05,/scratch/users/jdehoney/eqnn_thesis/data/noisy_comparisons/qiskit_mixed_odd_21138144/noise_coherent_overrotation_n9/qiskit_mixed/su2_qcnn/n9/train_size_12/epochs_10/noise_coherent_overrotation_0p05/seed_0,/scratch/users/jdehoney/eqnn_thesis/data/noisy_comparisons/qiskit_mixed_odd_21138144/noise_coherent_overrotation_n9/qiskit_mixed/su2_qcnn/n9/train_size_12/epochs_10/noise_coherent_overrotation_0p05/seed_0/metrics.json,completed,,,,,,,,0.3551964046920783,,,,,
/scratch/users/jdehoney/eqnn_thesis/data/noisy_comparisons/qiskit_mixed_odd_21032705,/scratch/users/jdehoney/eqnn_thesis/data/noisy_comparisons/qiskit_mixed_odd_21032705/noise_coherent_overrotation_n9,qiskit_mixed,su2_qcnn,9,12,10,1,coherent_overrotation,0.05,/scratch/users/jdehoney/eqnn_thesis/data/noisy_comparisons/qiskit_mixed_odd_21032705/noise_coherent_overrotation_n9/qiskit_mixed/su2_qcnn/n9/train_size_12/epochs_10/noise_coherent_overrotation_0p05/seed_1,/scratch/users/jdehoney/eqnn_thesis/data/noisy_comparisons/qiskit_mixed_odd_21032705/noise_coherent_overrotation_n9/qiskit_mixed/su2_qcnn/n9/train_size_12/epochs_10/noise_coherent_overrotation_0p05/seed_1/metrics.json,completed,,,,,,,,0.3516151755665669,,,,,
/scratch/users/jdehoney/eqnn_thesis/data/noisy_comparisons/qiskit_mixed_odd_21138144,/scratch/users/jdehoney/eqnn_thesis/data/noisy_comparisons/qiskit_mixed_odd_21138144/noise_coherent_overrotation_n9,qiskit_mixed,su2_qcnn,9,12,10,1,coherent_overrotation,0.05,/scratch/users/jdehoney/eqnn_thesis/data/noisy_comparisons/qiskit_mixed_odd_21138144/noise_coherent_overrotation_n9/qiskit_mixed/su2_qcnn/n9/train_size_12/epochs_10/noise_coherent_overrotation_0p05/seed_1,/scratch/users/jdehoney/eqnn_thesis/data/noisy_comparisons/qiskit_mixed_odd_21138144/noise_coherent_overrotation_n9/qiskit_mixed/su2_qcnn/n9/train_size_12/epochs_10/noise_coherent_overrotation_0p05/seed_1/metrics.json,completed,,,,,,,,0.3516151755665669,,,,,
/scratch/users/jdehoney/eqnn_thesis/data/noisy_comparisons/qiskit_mixed_odd_21032705,/scratch/users/jdehoney/eqnn_thesis/data/noisy_comparisons/qiskit_mixed_odd_21032705/noise_coherent_overrotation_n9,qiskit_mixed,su2_qcnn,9,12,10,2,coherent_overrotation,0.05,/scratch/users/jdehoney/eqnn_thesis/data/noisy_comparisons/qiskit_mixed_odd_21032705/noise_coherent_overrotation_n9/qiskit_mixed/su2_qcnn/n9/train_size_12/epochs_10/noise_coherent_overrotation_0p05/seed_2,/scratch/users/jdehoney/eqnn_thesis/data/noisy_comparisons/qiskit_mixed_odd_21032705/noise_coherent_overrotation_n9/qiskit_mixed/su2_qcnn/n9/train_size_12/epochs_10/noise_coherent_overrotation_0p05/seed_2/metrics.json,completed,,,,,,,,0.40061030630191996,,,,,
/scratch/users/jdehoney/eqnn_thesis/data/noisy_comparisons/qiskit_mixed_odd_21138144,/scratch/users/jdehoney/eqnn_thesis/data/noisy_comparisons/qiskit_mixed_odd_21138144/noise_coherent_overrotation_n9,qiskit_mixed,su2_qcnn,9,12,10,2,coherent_overrotation,0.05,/scratch/users/jdehoney/eqnn_thesis/data/noisy_comparisons/qiskit_mixed_odd_21138144/noise_coherent_overrotation_n9/qiskit_mixed/su2_qcnn/n9/train_size_12/epochs_10/noise_coherent_overrotation_0p05/seed_2,/scratch/users/jdehoney/eqnn_thesis/data/noisy_comparisons/qiskit_mixed_odd_21138144/noise_coherent_overrotation_n9/qiskit_mixed/su2_qcnn/n9/train_size_12/epochs_10/noise_coherent_overrotation_0p05/seed_2/metrics.json,completed,,,,,,,,0.40061030630191996,,,,,
/scratch/users/jdehoney/eqnn_thesis/data/noisy_comparisons/qiskit_mixed_odd_21032705,/scratch/users/jdehoney/eqnn_thesis/data/noisy_comparisons/qiskit_mixed_odd_21032705/noise_coherent_overrotation_n9,qiskit_mixed,su2_qcnn,9,12,10,0,coherent_overrotation,0.1,/scratch/users/jdehoney/eqnn_thesis/data/noisy_comparisons/qiskit_mixed_odd_21032705/noise_coherent_overrotation_n9/qiskit_mixed/su2_qcnn/n9/train_size_12/epochs_10/noise_coherent_overrotation_0p1/seed_0,/scratch/users/jdehoney/eqnn_thesis/data/noisy_comparisons/qiskit_mixed_odd_21032705/noise_coherent_overrotation_n9/qiskit_mixed/su2_qcnn/n9/train_size_12/epochs_10/noise_coherent_overrotation_0p1/seed_0/metrics.json,completed,,,,,,,,0.3536846379828418,,,,,
/scratch/users/jdehoney/eqnn_thesis/data/noisy_comparisons/qiskit_mixed_odd_21138144,/scratch/users/jdehoney/eqnn_thesis/data/noisy_comparisons/qiskit_mixed_odd_21138144/noise_coherent_overrotation_n9,qiskit_mixed,su2_qcnn,9,12,10,0,coherent_overrotation,0.1,/scratch/users/jdehoney/eqnn_thesis/data/noisy_comparisons/qiskit_mixed_odd_21138144/noise_coherent_overrotation_n9/qiskit_mixed/su2_qcnn/n9/train_size_12/epochs_10/noise_coherent_overrotation_0p1/seed_0,/scratch/users/jdehoney/eqnn_thesis/data/noisy_comparisons/qiskit_mixed_odd_21138144/noise_coherent_overrotation_n9/qiskit_mixed/su2_qcnn/n9/train_size_12/epochs_10/noise_coherent_overrotation_0p1/seed_0/metrics.json,completed,,,,,,,,0.3536846379828418,,,,,
/scratch/users/jdehoney/eqnn_thesis/data/noisy_comparisons/qiskit_mixed_odd_21032705,/scratch/users/jdehoney/eqnn_thesis/data/noisy_comparisons/qiskit_mixed_odd_21032705/noise_coherent_overrotation_n9,qiskit_mixed,su2_qcnn,9,12,10,1,coherent_overrotation,0.1,/scratch/users/jdehoney/eqnn_thesis/data/noisy_comparisons/qiskit_mixed_odd_21032705/noise_coherent_overrotation_n9/qiskit_mixed/su2_qcnn/n9/train_size_12/epochs_10/noise_coherent_overrotation_0p1/seed_1,/scratch/users/jdehoney/eqnn_thesis/data/noisy_comparisons/qiskit_mixed_odd_21032705/noise_coherent_overrotation_n9/qiskit_mixed/su2_qcnn/n9/train_size_12/epochs_10/noise_coherent_overrotation_0p1/seed_1/metrics.json,completed,,,,,,,,0.35334002134632647,,,,,
/scratch/users/jdehoney/eqnn_thesis/data/noisy_comparisons/qiskit_mixed_odd_21138144,/scratch/users/jdehoney/eqnn_thesis/data/noisy_comparisons/qiskit_mixed_odd_21138144/noise_coherent_overrotation_n9,qiskit_mixed,su2_qcnn,9,12,10,1,coherent_overrotation,0.1,/scratch/users/jdehoney/eqnn_thesis/data/noisy_comparisons/qiskit_mixed_odd_21138144/noise_coherent_overrotation_n9/qiskit_mixed/su2_qcnn/n9/train_size_12/epochs_10/noise_coherent_overrotation_0p1/seed_1,/scratch/users/jdehoney/eqnn_thesis/data/noisy_comparisons/qiskit_mixed_odd_21138144/noise_coherent_overrotation_n9/qiskit_mixed/su2_qcnn/n9/train_size_12/epochs_10/noise_coherent_overrotation_0p1/seed_1/metrics.json,completed,,,,,,,,0.35334002134632647,,,,,
/scratch/users/jdehoney/eqnn_thesis/data/noisy_comparisons/qiskit_mixed_odd_21032705,/scratch/users/jdehoney/eqnn_thesis/data/noisy_comparisons/qiskit_mixed_odd_21032705/noise_coherent_overrotation_n9,qiskit_mixed,su2_qcnn,9,12,10,2,coherent_overrotation,0.1,/scratch/users/jdehoney/eqnn_thesis/data/noisy_comparisons/qiskit_mixed_odd_21032705/noise_coherent_overrotation_n9/qiskit_mixed/su2_qcnn/n9/train_size_12/epochs_10/noise_coherent_overrotation_0p1/seed_2,/scratch/users/jdehoney/eqnn_thesis/data/noisy_comparisons/qiskit_mixed_odd_21032705/noise_coherent_overrotation_n9/qiskit_mixed/su2_qcnn/n9/train_size_12/epochs_10/noise_coherent_overrotation_0p1/seed_2/metrics.json,completed,,,,,,,,0.4023356762608886,,,,,
/scratch/users/jdehoney/eqnn_thesis/data/noisy_comparisons/qiskit_mixed_odd_21138144,/scratch/users/jdehoney/eqnn_thesis/data/noisy_comparisons/qiskit_mixed_odd_21138144/noise_coherent_overrotation_n9,qiskit_mixed,su2_qcnn,9,12,10,2,coherent_overrotation,0.1,/scratch/users/jdehoney/eqnn_thesis/data/noisy_comparisons/qiskit_mixed_odd_21138144/noise_coherent_overrotation_n9/qiskit_mixed/su2_qcnn/n9/train_size_12/epochs_10/noise_coherent_overrotation_0p1/seed_2,/scratch/users/jdehoney/eqnn_thesis/data/noisy_comparisons/qiskit_mixed_odd_21138144/noise_coherent_overrotation_n9/qiskit_mixed/su2_qcnn/n9/train_size_12/epochs_10/noise_coherent_overrotation_0p1/seed_2/metrics.json,completed,,,,,,,,0.4023356762608886,,,,,
/scratch/users/jdehoney/eqnn_thesis/data/noisy_comparisons/qiskit_mixed_odd_21032705,/scratch/users/jdehoney/eqnn_thesis/data/noisy_comparisons/qiskit_mixed_odd_21032705/noise_coherent_overrotation_n9,qiskit_mixed,su2_qcnn,9,16,10,0,coherent_overrotation,0.0,/scratch/users/jdehoney/eqnn_thesis/data/noisy_comparisons/qiskit_mixed_odd_21032705/noise_coherent_overrotation_n9/qiskit_mixed/su2_qcnn/n9/train_size_16/epochs_10/noise_coherent_overrotation_0/seed_0,/scratch/users/jdehoney/eqnn_thesis/data/noisy_comparisons/qiskit_mixed_odd_21032705/noise_coherent_overrotation_n9/qiskit_mixed/su2_qcnn/n9/train_size_16/epochs_10/noise_coherent_overrotation_0/seed_0/metrics.json,completed,,,,,,,,0.3469954907949601,,,,,
/scratch/users/jdehoney/eqnn_thesis/data/noisy_comparisons/qiskit_mixed_odd_21138144,/scratch/users/jdehoney/eqnn_thesis/data/noisy_comparisons/qiskit_mixed_odd_21138144/noise_coherent_overrotation_n9,qiskit_mixed,su2_qcnn,9,16,10,0,coherent_overrotation,0.0,/scratch/users/jdehoney/eqnn_thesis/data/noisy_comparisons/qiskit_mixed_odd_21138144/noise_coherent_overrotation_n9/qiskit_mixed/su2_qcnn/n9/train_size_16/epochs_10/noise_coherent_overrotation_0/seed_0,/scratch/users/jdehoney/eqnn_thesis/data/noisy_comparisons/qiskit_mixed_odd_21138144/noise_coherent_overrotation_n9/qiskit_mixed/su2_qcnn/n9/train_size_16/epochs_10/noise_coherent_overrotation_0/seed_0/metrics.json,completed,,,,,,,,0.3469954907949601,,,,,
/scratch/users/jdehoney/eqnn_thesis/data/noisy_comparisons/qiskit_mixed_odd_21032705,/scratch/users/jdehoney/eqnn_thesis/data/noisy_comparisons/qiskit_mixed_odd_21032705/noise_coherent_overrotation_n9,qiskit_mixed,su2_qcnn,9,16,10,1,coherent_overrotation,0.0,/scratch/users/jdehoney/eqnn_thesis/data/noisy_comparisons/qiskit_mixed_odd_21032705/noise_coherent_overrotation_n9/qiskit_mixed/su2_qcnn/n9/train_size_16/epochs_10/noise_coherent_overrotation_0/seed_1,/scratch/users/jdehoney/eqnn_thesis/data/noisy_comparisons/qiskit_mixed_odd_21032705/noise_coherent_overrotation_n9/qiskit_mixed/su2_qcnn/n9/train_size_16/epochs_10/noise_coherent_overrotation_0/seed_1/metrics.json,completed,,,,,,,,0.3476581171617157,,,,,
/scratch/users/jdehoney/eqnn_thesis/data/noisy_comparisons/qiskit_mixed_odd_21138144,/scratch/users/jdehoney/eqnn_thesis/data/noisy_comparisons/qiskit_mixed_odd_21138144/noise_coherent_overrotation_n9,qiskit_mixed,su2_qcnn,9,16,10,1,coherent_overrotation,0.0,/scratch/users/jdehoney/eqnn_thesis/data/noisy_comparisons/qiskit_mixed_odd_21138144/noise_coherent_overrotation_n9/qiskit_mixed/su2_qcnn/n9/train_size_16/epochs_10/noise_coherent_overrotation_0/seed_1,/scratch/users/jdehoney/eqnn_thesis/data/noisy_comparisons/qiskit_mixed_odd_21138144/noise_coherent_overrotation_n9/qiskit_mixed/su2_qcnn/n9/train_size_16/epochs_10/noise_coherent_overrotation_0/seed_1/metrics.json,completed,,,,,,,,0.3476581171617157,,,,,
/scratch/users/jdehoney/eqnn_thesis/data/noisy_comparisons/qiskit_mixed_odd_21032705,/scratch/users/jdehoney/eqnn_thesis/data/noisy_comparisons/qiskit_mixed_odd_21032705/noise_coherent_overrotation_n9,qiskit_mixed,su2_qcnn,9,16,10,2,coherent_overrotation,0.0,/scratch/users/jdehoney/eqnn_thesis/data/noisy_comparisons/qiskit_mixed_odd_21032705/noise_coherent_overrotation_n9/qiskit_mixed/su2_qcnn/n9/train_size_16/epochs_10/noise_coherent_overrotation_0/seed_2,/scratch/users/jdehoney/eqnn_thesis/data/noisy_comparisons/qiskit_mixed_odd_21032705/noise_coherent_overrotation_n9/qiskit_mixed/su2_qcnn/n9/train_size_16/epochs_10/noise_coherent_overrotation_0/seed_2/metrics.json,completed,,,,,,,,0.45285269033213454,,,,,
/scratch/users/jdehoney/eqnn_thesis/data/noisy_comparisons/qiskit_mixed_odd_21138144,/scratch/users/jdehoney/eqnn_thesis/data/noisy_comparisons/qiskit_mixed_odd_21138144/noise_coherent_overrotation_n9,qiskit_mixed,su2_qcnn,9,16,10,2,coherent_overrotation,0.0,/scratch/users/jdehoney/eqnn_thesis/data/noisy_comparisons/qiskit_mixed_odd_21138144/noise_coherent_overrotation_n9/qiskit_mixed/su2_qcnn/n9/train_size_16/epochs_10/noise_coherent_overrotation_0/seed_2,/scratch/users/jdehoney/eqnn_thesis/data/noisy_comparisons/qiskit_mixed_odd_21138144/noise_coherent_overrotation_n9/qiskit_mixed/su2_qcnn/n9/train_size_16/epochs_10/noise_coherent_overrotation_0/seed_2/metrics.json,completed,,,,,,,,0.45285269033213454,,,,,
/scratch/users/jdehoney/eqnn_thesis/data/noisy_comparisons/qiskit_mixed_odd_21138144,/scratch/users/jdehoney/eqnn_thesis/data/noisy_comparisons/qiskit_mixed_odd_21138144/noise_coherent_overrotation_n9,qiskit_mixed,su2_qcnn,9,16,10,0,coherent_overrotation,0.001,/scratch/users/jdehoney/eqnn_thesis/data/noisy_comparisons/qiskit_mixed_odd_21138144/noise_coherent_overrotation_n9/qiskit_mixed/su2_qcnn/n9/train_size_16/epochs_10/noise_coherent_overrotation_0p001/seed_0,/scratch/users/jdehoney/eqnn_thesis/data/noisy_comparisons/qiskit_mixed_odd_21138144/noise_coherent_overrotation_n9/qiskit_mixed/su2_qcnn/n9/train_size_16/epochs_10/noise_coherent_overrotation_0p001/seed_0/metrics.json,completed,,,,,,,,0.3466607354764211,,,,,
/scratch/users/jdehoney/eqnn_thesis/data/noisy_comparisons/qiskit_mixed_odd_21138144,/scratch/users/jdehoney/eqnn_thesis/data/noisy_comparisons/qiskit_mixed_odd_21138144/noise_coherent_overrotation_n9,qiskit_mixed,su2_qcnn,9,16,10,1,coherent_overrotation,0.001,/scratch/users/jdehoney/eqnn_thesis/data/noisy_comparisons/qiskit_mixed_odd_21138144/noise_coherent_overrotation_n9/qiskit_mixed/su2_qcnn/n9/train_size_16/epochs_10/noise_coherent_overrotation_0p001/seed_1,/scratch/users/jdehoney/eqnn_thesis/data/noisy_comparisons/qiskit_mixed_odd_21138144/noise_coherent_overrotation_n9/qiskit_mixed/su2_qcnn/n9/train_size_16/epochs_10/noise_coherent_overrotation_0p001/seed_1/metrics.json,completed,,,,,,,,0.34774270051486195,,,,,
/scratch/users/jdehoney/eqnn_thesis/data/noisy_comparisons/qiskit_mixed_odd_21138144,/scratch/users/jdehoney/eqnn_thesis/data/noisy_comparisons/qiskit_mixed_odd_21138144/noise_coherent_overrotation_n9,qiskit_mixed,su2_qcnn,9,16,10,2,coherent_overrotation,0.001,/scratch/users/jdehoney/eqnn_thesis/data/noisy_comparisons/qiskit_mixed_odd_21138144/noise_coherent_overrotation_n9/qiskit_mixed/su2_qcnn/n9/train_size_16/epochs_10/noise_coherent_overrotation_0p001/seed_2,/scratch/users/jdehoney/eqnn_thesis/data/noisy_comparisons/qiskit_mixed_odd_21138144/noise_coherent_overrotation_n9/qiskit_mixed/su2_qcnn/n9/train_size_16/epochs_10/noise_coherent_overrotation_0p001/seed_2/metrics.json,completed,,,,,,,,0.4526633498851553,,,,,
/scratch/users/jdehoney/eqnn_thesis/data/noisy_comparisons/qiskit_mixed_odd_21138144,/scratch/users/jdehoney/eqnn_thesis/data/noisy_comparisons/qiskit_mixed_odd_21138144/noise_coherent_overrotation_n9,qiskit_mixed,su2_qcnn,9,16,10,0,coherent_overrotation,0.005,/scratch/users/jdehoney/eqnn_thesis/data/noisy_comparisons/qiskit_mixed_odd_21138144/noise_coherent_overrotation_n9/qiskit_mixed/su2_qcnn/n9/train_size_16/epochs_10/noise_coherent_overrotation_0p005/seed_0,/scratch/users/jdehoney/eqnn_thesis/data/noisy_comparisons/qiskit_mixed_odd_21138144/noise_coherent_overrotation_n9/qiskit_mixed/su2_qcnn/n9/train_size_16/epochs_10/noise_coherent_overrotation_0p005/seed_0/metrics.json,completed,,,,,,,,0.34533466637741517,,,,,
/scratch/users/jdehoney/eqnn_thesis/data/noisy_comparisons/qiskit_mixed_odd_21138144,/scratch/users/jdehoney/eqnn_thesis/data/noisy_comparisons/qiskit_mixed_odd_21138144/noise_coherent_overrotation_n9,qiskit_mixed,su2_qcnn,9,16,10,1,coherent_overrotation,0.005,/scratch/users/jdehoney/eqnn_thesis/data/noisy_comparisons/qiskit_mixed_odd_21138144/noise_coherent_overrotation_n9/qiskit_mixed/su2_qcnn/n9/train_size_16/epochs_10/noise_coherent_overrotation_0p005/seed_1,/scratch/users/jdehoney/eqnn_thesis/data/noisy_comparisons/qiskit_mixed_odd_21138144/noise_coherent_overrotation_n9/qiskit_mixed/su2_qcnn/n9/train_size_16/epochs_10/noise_coherent_overrotation_0p005/seed_1/metrics.json,completed,,,,,,,,0.34808760194101207,,,,,
/scratch/users/jdehoney/eqnn_thesis/data/noisy_comparisons/qiskit_mixed_odd_21138144,/scratch/users/jdehoney/eqnn_thesis/data/noisy_comparisons/qiskit_mixed_odd_21138144/noise_coherent_overrotation_n9,qiskit_mixed,su2_qcnn,9,16,10,2,coherent_overrotation,0.005,/scratch/users/jdehoney/eqnn_thesis/data/noisy_comparisons/qiskit_mixed_odd_21138144/noise_coherent_overrotation_n9/qiskit_mixed/su2_qcnn/n9/train_size_16/epochs_10/noise_coherent_overrotation_0p005/seed_2,/scratch/users/jdehoney/eqnn_thesis/data/noisy_comparisons/qiskit_mixed_odd_21138144/noise_coherent_overrotation_n9/qiskit_mixed/su2_qcnn/n9/train_size_16/epochs_10/noise_coherent_overrotation_0p005/seed_2/metrics.json,completed,,,,,,,,0.4518010856758709,,,,,
/scratch/users/jdehoney/eqnn_thesis/data/noisy_comparisons/qiskit_mixed_odd_21138144,/scratch/users/jdehoney/eqnn_thesis/data/noisy_comparisons/qiskit_mixed_odd_21138144/noise_coherent_overrotation_n9,qiskit_mixed,su2_qcnn,9,16,10,0,coherent_overrotation,0.01,/scratch/users/jdehoney/eqnn_thesis/data/noisy_comparisons/qiskit_mixed_odd_21138144/noise_coherent_overrotation_n9/qiskit_mixed/su2_qcnn/n9/train_size_16/epochs_10/noise_coherent_overrotation_0p01/seed_0,/scratch/users/jdehoney/eqnn_thesis/data/noisy_comparisons/qiskit_mixed_odd_21138144/noise_coherent_overrotation_n9/qiskit_mixed/su2_qcnn/n9/train_size_16/epochs_10/noise_coherent_overrotation_0p01/seed_0/metrics.json,completed,,,,,,,,0.34378680822498087,,,,,
/scratch/users/jdehoney/eqnn_thesis/data/noisy_comparisons/qiskit_mixed_odd_21138144,/scratch/users/jdehoney/eqnn_thesis/data/noisy_comparisons/qiskit_mixed_odd_21138144/noise_coherent_overrotation_n9,qiskit_mixed,su2_qcnn,9,16,10,1,coherent_overrotation,0.01,/scratch/users/jdehoney/eqnn_thesis/data/noisy_comparisons/qiskit_mixed_odd_21138144/noise_coherent_overrotation_n9/qiskit_mixed/su2_qcnn/n9/train_size_16/epochs_10/noise_coherent_overrotation_0p01/seed_1,/scratch/users/jdehoney/eqnn_thesis/data/noisy_comparisons/qiskit_mixed_odd_21138144/noise_coherent_overrotation_n9/qiskit_mixed/su2_qcnn/n9/train_size_16/epochs_10/noise_coherent_overrotation_0p01/seed_1/metrics.json,completed,,,,,,,,0.34853359556293756,,,,,
/scratch/users/jdehoney/eqnn_thesis/data/noisy_comparisons/qiskit_mixed_odd_21138144,/scratch/users/jdehoney/eqnn_thesis/data/noisy_comparisons/qiskit_mixed_odd_21138144/noise_coherent_overrotation_n9,qiskit_mixed,su2_qcnn,9,16,10,2,coherent_overrotation,0.01,/scratch/users/jdehoney/eqnn_thesis/data/noisy_comparisons/qiskit_mixed_odd_21138144/noise_coherent_overrotation_n9/qiskit_mixed/su2_qcnn/n9/train_size_16/epochs_10/noise_coherent_overrotation_0p01/seed_2,/scratch/users/jdehoney/eqnn_thesis/data/noisy_comparisons/qiskit_mixed_odd_21138144/noise_coherent_overrotation_n9/qiskit_mixed/su2_qcnn/n9/train_size_16/epochs_10/noise_coherent_overrotation_0p01/seed_2/metrics.json,completed,,,,,,,,0.45051851841128054,,,,,
/scratch/users/jdehoney/eqnn_thesis/data/noisy_comparisons/qiskit_mixed_odd_21138144,/scratch/users/jdehoney/eqnn_thesis/data/noisy_comparisons/qiskit_mixed_odd_21138144/noise_coherent_overrotation_n9,qiskit_mixed,su2_qcnn,9,16,10,0,coherent_overrotation,0.05,/scratch/users/jdehoney/eqnn_thesis/data/noisy_comparisons/qiskit_mixed_odd_21138144/noise_coherent_overrotation_n9/qiskit_mixed/su2_qcnn/n9/train_size_16/epochs_10/noise_coherent_overrotation_0p05/seed_0,/scratch/users/jdehoney/eqnn_thesis/data/noisy_comparisons/qiskit_mixed_odd_21138144/noise_coherent_overrotation_n9/qiskit_mixed/su2_qcnn/n9/train_size_16/epochs_10/noise_coherent_overrotation_0p05/seed_0/metrics.json,completed,,,,,,,,0.36353377249662766,,,,,
/scratch/users/jdehoney/eqnn_thesis/data/noisy_comparisons/qiskit_mixed_odd_21138144,/scratch/users/jdehoney/eqnn_thesis/data/noisy_comparisons/qiskit_mixed_odd_21138144/noise_coherent_overrotation_n9,qiskit_mixed,su2_qcnn,9,16,10,1,coherent_overrotation,0.05,/scratch/users/jdehoney/eqnn_thesis/data/noisy_comparisons/qiskit_mixed_odd_21138144/noise_coherent_overrotation_n9/qiskit_mixed/su2_qcnn/n9/train_size_16/epochs_10/noise_coherent_overrotation_0p05/seed_1,/scratch/users/jdehoney/eqnn_thesis/data/noisy_comparisons/qiskit_mixed_odd_21138144/noise_coherent_overrotation_n9/qiskit_mixed/su2_qcnn/n9/train_size_16/epochs_10/noise_coherent_overrotation_0p05/seed_1/metrics.json,completed,,,,,,,,0.3526579182844278,,,,,
/scratch/users/jdehoney/eqnn_thesis/data/noisy_comparisons/qiskit_mixed_odd_21032705,/scratch/users/jdehoney/eqnn_thesis/data/noisy_comparisons/qiskit_mixed_odd_21032705/noise_depolarizing_n9,qiskit_mixed,su2_qcnn,9,4,10,0,depolarizing,0.0,/scratch/users/jdehoney/eqnn_thesis/data/noisy_comparisons/qiskit_mixed_odd_21032705/noise_depolarizing_n9/qiskit_mixed/su2_qcnn/n9/train_size_4/epochs_10/noise_depolarizing_0/seed_0,/scratch/users/jdehoney/eqnn_thesis/data/noisy_comparisons/qiskit_mixed_odd_21032705/noise_depolarizing_n9/qiskit_mixed/su2_qcnn/n9/train_size_4/epochs_10/noise_depolarizing_0/seed_0/metrics.json,completed,,,,,,,,0.5333780613219912,,,,,
/scratch/users/jdehoney/eqnn_thesis/data/noisy_comparisons/qiskit_mixed_odd_21138144,/scratch/users/jdehoney/eqnn_thesis/data/noisy_comparisons/qiskit_mixed_odd_21138144/noise_depolarizing_n9,qiskit_mixed,su2_qcnn,9,4,10,0,depolarizing,0.0,/scratch/users/jdehoney/eqnn_thesis/data/noisy_comparisons/qiskit_mixed_odd_21138144/noise_depolarizing_n9/qiskit_mixed/su2_qcnn/n9/train_size_4/epochs_10/noise_depolarizing_0/seed_0,/scratch/users/jdehoney/eqnn_thesis/data/noisy_comparisons/qiskit_mixed_odd_21138144/noise_depolarizing_n9/qiskit_mixed/su2_qcnn/n9/train_size_4/epochs_10/noise_depolarizing_0/seed_0/metrics.json,completed,,,,,,,,0.5333780613219912,,,,,
/scratch/users/jdehoney/eqnn_thesis/data/noisy_comparisons/qiskit_mixed_odd_21032705,/scratch/users/jdehoney/eqnn_thesis/data/noisy_comparisons/qiskit_mixed_odd_21032705/noise_depolarizing_n9,qiskit_mixed,su2_qcnn,9,4,10,1,depolarizing,0.0,/scratch/users/jdehoney/eqnn_thesis/data/noisy_comparisons/qiskit_mixed_odd_21032705/noise_depolarizing_n9/qiskit_mixed/su2_qcnn/n9/train_size_4/epochs_10/noise_depolarizing_0/seed_1,/scratch/users/jdehoney/eqnn_thesis/data/noisy_comparisons/qiskit_mixed_odd_21032705/noise_depolarizing_n9/qiskit_mixed/su2_qcnn/n9/train_size_4/epochs_10/noise_depolarizing_0/seed_1/metrics.json,completed,,,,,,,,0.5064179335728674,,,,,
/scratch/users/jdehoney/eqnn_thesis/data/noisy_comparisons/qiskit_mixed_odd_21138144,/scratch/users/jdehoney/eqnn_thesis/data/noisy_comparisons/qiskit_mixed_odd_21138144/noise_depolarizing_n9,qiskit_mixed,su2_qcnn,9,4,10,1,depolarizing,0.0,/scratch/users/jdehoney/eqnn_thesis/data/noisy_comparisons/qiskit_mixed_odd_21138144/noise_depolarizing_n9/qiskit_mixed/su2_qcnn/n9/train_size_4/epochs_10/noise_depolarizing_0/seed_1,/scratch/users/jdehoney/eqnn_thesis/data/noisy_comparisons/qiskit_mixed_odd_21138144/noise_depolarizing_n9/qiskit_mixed/su2_qcnn/n9/train_size_4/epochs_10/noise_depolarizing_0/seed_1/metrics.json,completed,,,,,,,,0.5064179335728674,,,,,
/scratch/users/jdehoney/eqnn_thesis/data/noisy_comparisons/qiskit_mixed_odd_21032705,/scratch/users/jdehoney/eqnn_thesis/data/noisy_comparisons/qiskit_mixed_odd_21032705/noise_depolarizing_n9,qiskit_mixed,su2_qcnn,9,4,10,2,depolarizing,0.0,/scratch/users/jdehoney/eqnn_thesis/data/noisy_comparisons/qiskit_mixed_odd_21032705/noise_depolarizing_n9/qiskit_mixed/su2_qcnn/n9/train_size_4/epochs_10/noise_depolarizing_0/seed_2,/scratch/users/jdehoney/eqnn_thesis/data/noisy_comparisons/qiskit_mixed_odd_21032705/noise_depolarizing_n9/qiskit_mixed/su2_qcnn/n9/train_size_4/epochs_10/noise_depolarizing_0/seed_2/metrics.json,completed,,,,,,,,0.696114257961635,,,,,
/scratch/users/jdehoney/eqnn_thesis/data/noisy_comparisons/qiskit_mixed_odd_21138144,/scratch/users/jdehoney/eqnn_thesis/data/noisy_comparisons/qiskit_mixed_odd_21138144/noise_depolarizing_n9,qiskit_mixed,su2_qcnn,9,4,10,2,depolarizing,0.0,/scratch/users/jdehoney/eqnn_thesis/data/noisy_comparisons/qiskit_mixed_odd_21138144/noise_depolarizing_n9/qiskit_mixed/su2_qcnn/n9/train_size_4/epochs_10/noise_depolarizing_0/seed_2,/scratch/users/jdehoney/eqnn_thesis/data/noisy_comparisons/qiskit_mixed_odd_21138144/noise_depolarizing_n9/qiskit_mixed/su2_qcnn/n9/train_size_4/epochs_10/noise_depolarizing_0/seed_2/metrics.json,completed,,,,,,,,0.696114257961635,,,,,
/scratch/users/jdehoney/eqnn_thesis/data/noisy_comparisons/qiskit_mixed_odd_21032705,/scratch/users/jdehoney/eqnn_thesis/data/noisy_comparisons/qiskit_mixed_odd_21032705/noise_depolarizing_n9,qiskit_mixed,su2_qcnn,9,4,10,0,depolarizing,0.001,/scratch/users/jdehoney/eqnn_thesis/data/noisy_comparisons/qiskit_mixed_odd_21032705/noise_depolarizing_n9/qiskit_mixed/su2_qcnn/n9/train_size_4/epochs_10/noise_depolarizing_0p001/seed_0,/scratch/users/jdehoney/eqnn_thesis/data/noisy_comparisons/qiskit_mixed_odd_21032705/noise_depolarizing_n9/qiskit_mixed/su2_qcnn/n9/train_size_4/epochs_10/noise_depolarizing_0p001/seed_0/metrics.json,completed,,,,,,,,0.5367642619362458,,,,,
/scratch/users/jdehoney/eqnn_thesis/data/noisy_comparisons/qiskit_mixed_odd_21138144,/scratch/users/jdehoney/eqnn_thesis/data/noisy_comparisons/qiskit_mixed_odd_21138144/noise_depolarizing_n9,qiskit_mixed,su2_qcnn,9,4,10,0,depolarizing,0.001,/scratch/users/jdehoney/eqnn_thesis/data/noisy_comparisons/qiskit_mixed_odd_21138144/noise_depolarizing_n9/qiskit_mixed/su2_qcnn/n9/train_size_4/epochs_10/noise_depolarizing_0p001/seed_0,/scratch/users/jdehoney/eqnn_thesis/data/noisy_comparisons/qiskit_mixed_odd_21138144/noise_depolarizing_n9/qiskit_mixed/su2_qcnn/n9/train_size_4/epochs_10/noise_depolarizing_0p001/seed_0/metrics.json,completed,,,,,,,,0.5367642619362458,,,,,
/scratch/users/jdehoney/eqnn_thesis/data/noisy_comparisons/qiskit_mixed_odd_21032705,/scratch/users/jdehoney/eqnn_thesis/data/noisy_comparisons/qiskit_mixed_odd_21032705/noise_depolarizing_n9,qiskit_mixed,su2_qcnn,9,4,10,1,depolarizing,0.001,/scratch/users/jdehoney/eqnn_thesis/data/noisy_comparisons/qiskit_mixed_odd_21032705/noise_depolarizing_n9/qiskit_mixed/su2_qcnn/n9/train_size_4/epochs_10/noise_depolarizing_0p001/seed_1,/scratch/users/jdehoney/eqnn_thesis/data/noisy_comparisons/qiskit_mixed_odd_21032705/noise_depolarizing_n9/qiskit_mixed/su2_qcnn/n9/train_size_4/epochs_10/noise_depolarizing_0p001/seed_1/metrics.json,completed,,,,,,,,0.5104943320372909,,,,,
/scratch/users/jdehoney/eqnn_thesis/data/noisy_comparisons/qiskit_mixed_odd_21138144,/scratch/users/jdehoney/eqnn_thesis/data/noisy_comparisons/qiskit_mixed_odd_21138144/noise_depolarizing_n9,qiskit_mixed,su2_qcnn,9,4,10,1,depolarizing,0.001,/scratch/users/jdehoney/eqnn_thesis/data/noisy_comparisons/qiskit_mixed_odd_21138144/noise_depolarizing_n9/qiskit_mixed/su2_qcnn/n9/train_size_4/epochs_10/noise_depolarizing_0p001/seed_1,/scratch/users/jdehoney/eqnn_thesis/data/noisy_comparisons/qiskit_mixed_odd_21138144/noise_depolarizing_n9/qiskit_mixed/su2_qcnn/n9/train_size_4/epochs_10/noise_depolarizing_0p001/seed_1/metrics.json,completed,,,,,,,,0.5104943320372909,,,,,
/scratch/users/jdehoney/eqnn_thesis/data/noisy_comparisons/qiskit_mixed_odd_21032705,/scratch/users/jdehoney/eqnn_thesis/data/noisy_comparisons/qiskit_mixed_odd_21032705/noise_depolarizing_n9,qiskit_mixed,su2_qcnn,9,4,10,2,depolarizing,0.001,/scratch/users/jdehoney/eqnn_thesis/data/noisy_comparisons/qiskit_mixed_odd_21032705/noise_depolarizing_n9/qiskit_mixed/su2_qcnn/n9/train_size_4/epochs_10/noise_depolarizing_0p001/seed_2,/scratch/users/jdehoney/eqnn_thesis/data/noisy_comparisons/qiskit_mixed_odd_21032705/noise_depolarizing_n9/qiskit_mixed/su2_qcnn/n9/train_size_4/epochs_10/noise_depolarizing_0p001/seed_2/metrics.json,completed,,,,,,,,0.6968872111332575,,,,,
/scratch/users/jdehoney/eqnn_thesis/data/noisy_comparisons/qiskit_mixed_odd_21138144,/scratch/users/jdehoney/eqnn_thesis/data/noisy_comparisons/qiskit_mixed_odd_21138144/noise_depolarizing_n9,qiskit_mixed,su2_qcnn,9,4,10,2,depolarizing,0.001,/scratch/users/jdehoney/eqnn_thesis/data/noisy_comparisons/qiskit_mixed_odd_21138144/noise_depolarizing_n9/qiskit_mixed/su2_qcnn/n9/train_size_4/epochs_10/noise_depolarizing_0p001/seed_2,/scratch/users/jdehoney/eqnn_thesis/data/noisy_comparisons/qiskit_mixed_odd_21138144/noise_depolarizing_n9/qiskit_mixed/su2_qcnn/n9/train_size_4/epochs_10/noise_depolarizing_0p001/seed_2/metrics.json,completed,,,,,,,,0.6968872111332575,,,,,
/scratch/users/jdehoney/eqnn_thesis/data/noisy_comparisons/qiskit_mixed_odd_21032705,/scratch/users/jdehoney/eqnn_thesis/data/noisy_comparisons/qiskit_mixed_odd_21032705/noise_depolarizing_n9,qiskit_mixed,su2_qcnn,9,4,10,0,depolarizing,0.005,/scratch/users/jdehoney/eqnn_thesis/data/noisy_comparisons/qiskit_mixed_odd_21032705/noise_depolarizing_n9/qiskit_mixed/su2_qcnn/n9/train_size_4/epochs_10/noise_depolarizing_0p005/seed_0,/scratch/users/jdehoney/eqnn_thesis/data/noisy_comparisons/qiskit_mixed_odd_21032705/noise_depolarizing_n9/qiskit_mixed/su2_qcnn/n9/train_size_4/epochs_10/noise_depolarizing_0p005/seed_0/metrics.json,completed,,,,,,,,0.5499671277207698,,,,,
/scratch/users/jdehoney/eqnn_thesis/data/noisy_comparisons/qiskit_mixed_odd_21138144,/scratch/users/jdehoney/eqnn_thesis/data/noisy_comparisons/qiskit_mixed_odd_21138144/noise_depolarizing_n9,qiskit_mixed,su2_qcnn,9,4,10,0,depolarizing,0.005,/scratch/users/jdehoney/eqnn_thesis/data/noisy_comparisons/qiskit_mixed_odd_21138144/noise_depolarizing_n9/qiskit_mixed/su2_qcnn/n9/train_size_4/epochs_10/noise_depolarizing_0p005/seed_0,/scratch/users/jdehoney/eqnn_thesis/data/noisy_comparisons/qiskit_mixed_odd_21138144/noise_depolarizing_n9/qiskit_mixed/su2_qcnn/n9/train_size_4/epochs_10/noise_depolarizing_0p005/seed_0/metrics.json,completed,,,,,,,,0.5499671277207698,,,,,
/scratch/users/jdehoney/eqnn_thesis/data/noisy_comparisons/qiskit_mixed_odd_21032705,/scratch/users/jdehoney/eqnn_thesis/data/noisy_comparisons/qiskit_mixed_odd_21032705/noise_depolarizing_n9,qiskit_mixed,su2_qcnn,9,4,10,1,depolarizing,0.005,/scratch/users/jdehoney/eqnn_thesis/data/noisy_comparisons/qiskit_mixed_odd_21032705/noise_depolarizing_n9/qiskit_mixed/su2_qcnn/n9/train_size_4/epochs_10/noise_depolarizing_0p005/seed_1,/scratch/users/jdehoney/eqnn_thesis/data/noisy_comparisons/qiskit_mixed_odd_21032705/noise_depolarizing_n9/qiskit_mixed/su2_qcnn/n9/train_size_4/epochs_10/noise_depolarizing_0p005/seed_1/metrics.json,completed,,,,,,,,0.5263665495350147,,,,,
/scratch/users/jdehoney/eqnn_thesis/data/noisy_comparisons/qiskit_mixed_odd_21138144,/scratch/users/jdehoney/eqnn_thesis/data/noisy_comparisons/qiskit_mixed_odd_21138144/noise_depolarizing_n9,qiskit_mixed,su2_qcnn,9,4,10,1,depolarizing,0.005,/scratch/users/jdehoney/eqnn_thesis/data/noisy_comparisons/qiskit_mixed_odd_21138144/noise_depolarizing_n9/qiskit_mixed/su2_qcnn/n9/train_size_4/epochs_10/noise_depolarizing_0p005/seed_1,/scratch/users/jdehoney/eqnn_thesis/data/noisy_comparisons/qiskit_mixed_odd_21138144/noise_depolarizing_n9/qiskit_mixed/su2_qcnn/n9/train_size_4/epochs_10/noise_depolarizing_0p005/seed_1/metrics.json,completed,,,,,,,,0.5263665495350147,,,,,
/scratch/users/jdehoney/eqnn_thesis/data/noisy_comparisons/qiskit_mixed_odd_21032705,/scratch/users/jdehoney/eqnn_thesis/data/noisy_comparisons/qiskit_mixed_odd_21032705/noise_depolarizing_n9,qiskit_mixed,su2_qcnn,9,4,10,2,depolarizing,0.005,/scratch/users/jdehoney/eqnn_thesis/data/noisy_comparisons/qiskit_mixed_odd_21032705/noise_depolarizing_n9/qiskit_mixed/su2_qcnn/n9/train_size_4/epochs_10/noise_depolarizing_0p005/seed_2,/scratch/users/jdehoney/eqnn_thesis/data/noisy_comparisons/qiskit_mixed_odd_21032705/noise_depolarizing_n9/qiskit_mixed/su2_qcnn/n9/train_size_4/epochs_10/noise_depolarizing_0p005/seed_2/metrics.json,completed,,,,,,,,0.6998940348490932,,,,,
/scratch/users/jdehoney/eqnn_thesis/data/noisy_comparisons/qiskit_mixed_odd_21138144,/scratch/users/jdehoney/eqnn_thesis/data/noisy_comparisons/qiskit_mixed_odd_21138144/noise_depolarizing_n9,qiskit_mixed,su2_qcnn,9,4,10,2,depolarizing,0.005,/scratch/users/jdehoney/eqnn_thesis/data/noisy_comparisons/qiskit_mixed_odd_21138144/noise_depolarizing_n9/qiskit_mixed/su2_qcnn/n9/train_size_4/epochs_10/noise_depolarizing_0p005/seed_2,/scratch/users/jdehoney/eqnn_thesis/data/noisy_comparisons/qiskit_mixed_odd_21138144/noise_depolarizing_n9/qiskit_mixed/su2_qcnn/n9/train_size_4/epochs_10/noise_depolarizing_0p005/seed_2/metrics.json,completed,,,,,,,,0.6998940348490932,,,,,
/scratch/users/jdehoney/eqnn_thesis/data/noisy_comparisons/qiskit_mixed_odd_21032705,/scratch/users/jdehoney/eqnn_thesis/data/noisy_comparisons/qiskit_mixed_odd_21032705/noise_depolarizing_n9,qiskit_mixed,su2_qcnn,9,4,10,0,depolarizing,0.01,/scratch/users/jdehoney/eqnn_thesis/data/noisy_comparisons/qiskit_mixed_odd_21032705/noise_depolarizing_n9/qiskit_mixed/su2_qcnn/n9/train_size_4/epochs_10/noise_depolarizing_0p01/seed_0,/scratch/users/jdehoney/eqnn_thesis/data/noisy_comparisons/qiskit_mixed_odd_21032705/noise_depolarizing_n9/qiskit_mixed/su2_qcnn/n9/train_size_4/epochs_10/noise_depolarizing_0p01/seed_0/metrics.json,completed,,,,,,,,0.5656732694283395,,,,,
/scratch/users/jdehoney/eqnn_thesis/data/noisy_comparisons/qiskit_mixed_odd_21138144,/scratch/users/jdehoney/eqnn_thesis/data/noisy_comparisons/qiskit_mixed_odd_21138144/noise_depolarizing_n9,qiskit_mixed,su2_qcnn,9,4,10,0,depolarizing,0.01,/scratch/users/jdehoney/eqnn_thesis/data/noisy_comparisons/qiskit_mixed_odd_21138144/noise_depolarizing_n9/qiskit_mixed/su2_qcnn/n9/train_size_4/epochs_10/noise_depolarizing_0p01/seed_0,/scratch/users/jdehoney/eqnn_thesis/data/noisy_comparisons/qiskit_mixed_odd_21138144/noise_depolarizing_n9/qiskit_mixed/su2_qcnn/n9/train_size_4/epochs_10/noise_depolarizing_0p01/seed_0/metrics.json,completed,,,,,,,,0.5656732694283395,,,,,
/scratch/users/jdehoney/eqnn_thesis/data/noisy_comparisons/qiskit_mixed_odd_21032705,/scratch/users/jdehoney/eqnn_thesis/data/noisy_comparisons/qiskit_mixed_odd_21032705/noise_depolarizing_n9,qiskit_mixed,su2_qcnn,9,4,10,1,depolarizing,0.01,/scratch/users/jdehoney/eqnn_thesis/data/noisy_comparisons/qiskit_mixed_odd_21032705/noise_depolarizing_n9/qiskit_mixed/su2_qcnn/n9/train_size_4/epochs_10/noise_depolarizing_0p01/seed_1,/scratch/users/jdehoney/eqnn_thesis/data/noisy_comparisons/qiskit_mixed_odd_21032705/noise_depolarizing_n9/qiskit_mixed/su2_qcnn/n9/train_size_4/epochs_10/noise_depolarizing_0p01/seed_1/metrics.json,completed,,,,,,,,0.5451359658100254,,,,,
/scratch/users/jdehoney/eqnn_thesis/data/noisy_comparisons/qiskit_mixed_odd_21138144,/scratch/users/jdehoney/eqnn_thesis/data/noisy_comparisons/qiskit_mixed_odd_21138144/noise_depolarizing_n9,qiskit_mixed,su2_qcnn,9,4,10,1,depolarizing,0.01,/scratch/users/jdehoney/eqnn_thesis/data/noisy_comparisons/qiskit_mixed_odd_21138144/noise_depolarizing_n9/qiskit_mixed/su2_qcnn/n9/train_size_4/epochs_10/noise_depolarizing_0p01/seed_1,/scratch/users/jdehoney/eqnn_thesis/data/noisy_comparisons/qiskit_mixed_odd_21138144/noise_depolarizing_n9/qiskit_mixed/su2_qcnn/n9/train_size_4/epochs_10/noise_depolarizing_0p01/seed_1/metrics.json,completed,,,,,,,,0.5451359658100254,,,,,
/scratch/users/jdehoney/eqnn_thesis/data/noisy_comparisons/qiskit_mixed_odd_21032705,/scratch/users/jdehoney/eqnn_thesis/data/noisy_comparisons/qiskit_mixed_odd_21032705/noise_depolarizing_n9,qiskit_mixed,su2_qcnn,9,4,10,2,depolarizing,0.01,/scratch/users/jdehoney/eqnn_thesis/data/noisy_comparisons/qiskit_mixed_odd_21032705/noise_depolarizing_n9/qiskit_mixed/su2_qcnn/n9/train_size_4/epochs_10/noise_depolarizing_0p01/seed_2,/scratch/users/jdehoney/eqnn_thesis/data/noisy_comparisons/qiskit_mixed_odd_21032705/noise_depolarizing_n9/qiskit_mixed/su2_qcnn/n9/train_size_4/epochs_10/noise_depolarizing_0p01/seed_2/metrics.json,completed,,,,,,,,0.7034637723775783,,,,,
/scratch/users/jdehoney/eqnn_thesis/data/noisy_comparisons/qiskit_mixed_odd_21138144,/scratch/users/jdehoney/eqnn_thesis/data/noisy_comparisons/qiskit_mixed_odd_21138144/noise_depolarizing_n9,qiskit_mixed,su2_qcnn,9,4,10,2,depolarizing,0.01,/scratch/users/jdehoney/eqnn_thesis/data/noisy_comparisons/qiskit_mixed_odd_21138144/noise_depolarizing_n9/qiskit_mixed/su2_qcnn/n9/train_size_4/epochs_10/noise_depolarizing_0p01/seed_2,/scratch/users/jdehoney/eqnn_thesis/data/noisy_comparisons/qiskit_mixed_odd_21138144/noise_depolarizing_n9/qiskit_mixed/su2_qcnn/n9/train_size_4/epochs_10/noise_depolarizing_0p01/seed_2/metrics.json,completed,,,,,,,,0.7034637723775783,,,,,
/scratch/users/jdehoney/eqnn_thesis/data/noisy_comparisons/qiskit_mixed_odd_21032705,/scratch/users/jdehoney/eqnn_thesis/data/noisy_comparisons/qiskit_mixed_odd_21032705/noise_depolarizing_n9,qiskit_mixed,su2_qcnn,9,4,10,0,depolarizing,0.05,/scratch/users/jdehoney/eqnn_thesis/data/noisy_comparisons/qiskit_mixed_odd_21032705/noise_depolarizing_n9/qiskit_mixed/su2_qcnn/n9/train_size_4/epochs_10/noise_depolarizing_0p05/seed_0,/scratch/users/jdehoney/eqnn_thesis/data/noisy_comparisons/qiskit_mixed_odd_21032705/noise_depolarizing_n9/qiskit_mixed/su2_qcnn/n9/train_size_4/epochs_10/noise_depolarizing_0p05/seed_0/metrics.json,completed,,,,,,,,0.65914974432324,,,,,
/scratch/users/jdehoney/eqnn_thesis/data/noisy_comparisons/qiskit_mixed_odd_21138144,/scratch/users/jdehoney/eqnn_thesis/data/noisy_comparisons/qiskit_mixed_odd_21138144/noise_depolarizing_n9,qiskit_mixed,su2_qcnn,9,4,10,0,depolarizing,0.05,/scratch/users/jdehoney/eqnn_thesis/data/noisy_comparisons/qiskit_mixed_odd_21138144/noise_depolarizing_n9/qiskit_mixed/su2_qcnn/n9/train_size_4/epochs_10/noise_depolarizing_0p05/seed_0,/scratch/users/jdehoney/eqnn_thesis/data/noisy_comparisons/qiskit_mixed_odd_21138144/noise_depolarizing_n9/qiskit_mixed/su2_qcnn/n9/train_size_4/epochs_10/noise_depolarizing_0p05/seed_0/metrics.json,completed,,,,,,,,0.65914974432324,,,,,
/scratch/users/jdehoney/eqnn_thesis/data/noisy_comparisons/qiskit_mixed_odd_21032705,/scratch/users/jdehoney/eqnn_thesis/data/noisy_comparisons/qiskit_mixed_odd_21032705/noise_depolarizing_n9,qiskit_mixed,su2_qcnn,9,4,10,1,depolarizing,0.05,/scratch/users/jdehoney/eqnn_thesis/data/noisy_comparisons/qiskit_mixed_odd_21032705/noise_depolarizing_n9/qiskit_mixed/su2_qcnn/n9/train_size_4/epochs_10/noise_depolarizing_0p05/seed_1,/scratch/users/jdehoney/eqnn_thesis/data/noisy_comparisons/qiskit_mixed_odd_21032705/noise_depolarizing_n9/qiskit_mixed/su2_qcnn/n9/train_size_4/epochs_10/noise_depolarizing_0p05/seed_1/metrics.json,completed,,,,,,,,0.6519879385256329,,,,,
/scratch/users/jdehoney/eqnn_thesis/data/noisy_comparisons/qiskit_mixed_odd_21138144,/scratch/users/jdehoney/eqnn_thesis/data/noisy_comparisons/qiskit_mixed_odd_21138144/noise_depolarizing_n9,qiskit_mixed,su2_qcnn,9,4,10,1,depolarizing,0.05,/scratch/users/jdehoney/eqnn_thesis/data/noisy_comparisons/qiskit_mixed_odd_21138144/noise_depolarizing_n9/qiskit_mixed/su2_qcnn/n9/train_size_4/epochs_10/noise_depolarizing_0p05/seed_1,/scratch/users/jdehoney/eqnn_thesis/data/noisy_comparisons/qiskit_mixed_odd_21138144/noise_depolarizing_n9/qiskit_mixed/su2_qcnn/n9/train_size_4/epochs_10/noise_depolarizing_0p05/seed_1/metrics.json,completed,,,,,,,,0.6519879385256329,,,,,
/scratch/users/jdehoney/eqnn_thesis/data/noisy_comparisons/qiskit_mixed_odd_21032705,/scratch/users/jdehoney/eqnn_thesis/data/noisy_comparisons/qiskit_mixed_odd_21032705/noise_depolarizing_n9,qiskit_mixed,su2_qcnn,9,4,10,2,depolarizing,0.05,/scratch/users/jdehoney/eqnn_thesis/data/noisy_comparisons/qiskit_mixed_odd_21032705/noise_depolarizing_n9/qiskit_mixed/su2_qcnn/n9/train_size_4/epochs_10/noise_depolarizing_0p05/seed_2,/scratch/users/jdehoney/eqnn_thesis/data/noisy_comparisons/qiskit_mixed_odd_21032705/noise_depolarizing_n9/qiskit_mixed/su2_qcnn/n9/train_size_4/epochs_10/noise_depolarizing_0p05/seed_2/metrics.json,completed,,,,,,,,0.7251259021530918,,,,,
/scratch/users/jdehoney/eqnn_thesis/data/noisy_comparisons/qiskit_mixed_odd_21138144,/scratch/users/jdehoney/eqnn_thesis/data/noisy_comparisons/qiskit_mixed_odd_21138144/noise_depolarizing_n9,qiskit_mixed,su2_qcnn,9,4,10,2,depolarizing,0.05,/scratch/users/jdehoney/eqnn_thesis/data/noisy_comparisons/qiskit_mixed_odd_21138144/noise_depolarizing_n9/qiskit_mixed/su2_qcnn/n9/train_size_4/epochs_10/noise_depolarizing_0p05/seed_2,/scratch/users/jdehoney/eqnn_thesis/data/noisy_comparisons/qiskit_mixed_odd_21138144/noise_depolarizing_n9/qiskit_mixed/su2_qcnn/n9/train_size_4/epochs_10/noise_depolarizing_0p05/seed_2/metrics.json,completed,,,,,,,,0.7251259021530918,,,,,
/scratch/users/jdehoney/eqnn_thesis/data/noisy_comparisons/qiskit_mixed_odd_21032705,/scratch/users/jdehoney/eqnn_thesis/data/noisy_comparisons/qiskit_mixed_odd_21032705/noise_depolarizing_n9,qiskit_mixed,su2_qcnn,9,4,10,0,depolarizing,0.1,/scratch/users/jdehoney/eqnn_thesis/data/noisy_comparisons/qiskit_mixed_odd_21032705/noise_depolarizing_n9/qiskit_mixed/su2_qcnn/n9/train_size_4/epochs_10/noise_depolarizing_0p1/seed_0,/scratch/users/jdehoney/eqnn_thesis/data/noisy_comparisons/qiskit_mixed_odd_21032705/noise_depolarizing_n9/qiskit_mixed/su2_qcnn/n9/train_size_4/epochs_10/noise_depolarizing_0p1/seed_0/metrics.json,completed,,,,,,,,0.715210995518052,,,,,
/scratch/users/jdehoney/eqnn_thesis/data/noisy_comparisons/qiskit_mixed_odd_21138144,/scratch/users/jdehoney/eqnn_thesis/data/noisy_comparisons/qiskit_mixed_odd_21138144/noise_depolarizing_n9,qiskit_mixed,su2_qcnn,9,4,10,0,depolarizing,0.1,/scratch/users/jdehoney/eqnn_thesis/data/noisy_comparisons/qiskit_mixed_odd_21138144/noise_depolarizing_n9/qiskit_mixed/su2_qcnn/n9/train_size_4/epochs_10/noise_depolarizing_0p1/seed_0,/scratch/users/jdehoney/eqnn_thesis/data/noisy_comparisons/qiskit_mixed_odd_21138144/noise_depolarizing_n9/qiskit_mixed/su2_qcnn/n9/train_size_4/epochs_10/noise_depolarizing_0p1/seed_0/metrics.json,completed,,,,,,,,0.715210995518052,,,,,
/scratch/users/jdehoney/eqnn_thesis/data/noisy_comparisons/qiskit_mixed_odd_21032705,/scratch/users/jdehoney/eqnn_thesis/data/noisy_comparisons/qiskit_mixed_odd_21032705/noise_depolarizing_n9,qiskit_mixed,su2_qcnn,9,4,10,1,depolarizing,0.1,/scratch/users/jdehoney/eqnn_thesis/data/noisy_comparisons/qiskit_mixed_odd_21032705/noise_depolarizing_n9/qiskit_mixed/su2_qcnn/n9/train_size_4/epochs_10/noise_depolarizing_0p1/seed_1,/scratch/users/jdehoney/eqnn_thesis/data/noisy_comparisons/qiskit_mixed_odd_21032705/noise_depolarizing_n9/qiskit_mixed/su2_qcnn/n9/train_size_4/epochs_10/noise_depolarizing_0p1/seed_1/metrics.json,completed,,,,,,,,0.7125159056893287,,,,,
/scratch/users/jdehoney/eqnn_thesis/data/noisy_comparisons/qiskit_mixed_odd_21138144,/scratch/users/jdehoney/eqnn_thesis/data/noisy_comparisons/qiskit_mixed_odd_21138144/noise_depolarizing_n9,qiskit_mixed,su2_qcnn,9,4,10,1,depolarizing,0.1,/scratch/users/jdehoney/eqnn_thesis/data/noisy_comparisons/qiskit_mixed_odd_21138144/noise_depolarizing_n9/qiskit_mixed/su2_qcnn/n9/train_size_4/epochs_10/noise_depolarizing_0p1/seed_1,/scratch/users/jdehoney/eqnn_thesis/data/noisy_comparisons/qiskit_mixed_odd_21138144/noise_depolarizing_n9/qiskit_mixed/su2_qcnn/n9/train_size_4/epochs_10/noise_depolarizing_0p1/seed_1/metrics.json,completed,,,,,,,,0.7125159056893287,,,,,
/scratch/users/jdehoney/eqnn_thesis/data/noisy_comparisons/qiskit_mixed_odd_21032705,/scratch/users/jdehoney/eqnn_thesis/data/noisy_comparisons/qiskit_mixed_odd_21032705/noise_depolarizing_n9,qiskit_mixed,su2_qcnn,9,4,10,2,depolarizing,0.1,/scratch/users/jdehoney/eqnn_thesis/data/noisy_comparisons/qiskit_mixed_odd_21032705/noise_depolarizing_n9/qiskit_mixed/su2_qcnn/n9/train_size_4/epochs_10/noise_depolarizing_0p1/seed_2,/scratch/users/jdehoney/eqnn_thesis/data/noisy_comparisons/qiskit_mixed_odd_21032705/noise_depolarizing_n9/qiskit_mixed/su2_qcnn/n9/train_size_4/epochs_10/noise_depolarizing_0p1/seed_2/metrics.json,completed,,,,,,,,0.7391309214501327,,,,,
/scratch/users/jdehoney/eqnn_thesis/data/noisy_comparisons/qiskit_mixed_odd_21138144,/scratch/users/jdehoney/eqnn_thesis/data/noisy_comparisons/qiskit_mixed_odd_21138144/noise_depolarizing_n9,qiskit_mixed,su2_qcnn,9,4,10,2,depolarizing,0.1,/scratch/users/jdehoney/eqnn_thesis/data/noisy_comparisons/qiskit_mixed_odd_21138144/noise_depolarizing_n9/qiskit_mixed/su2_qcnn/n9/train_size_4/epochs_10/noise_depolarizing_0p1/seed_2,/scratch/users/jdehoney/eqnn_thesis/data/noisy_comparisons/qiskit_mixed_odd_21138144/noise_depolarizing_n9/qiskit_mixed/su2_qcnn/n9/train_size_4/epochs_10/noise_depolarizing_0p1/seed_2/metrics.json,completed,,,,,,,,0.7391309214501327,,,,,
/scratch/users/jdehoney/eqnn_thesis/data/noisy_comparisons/qiskit_mixed_odd_21032705,/scratch/users/jdehoney/eqnn_thesis/data/noisy_comparisons/qiskit_mixed_odd_21032705/noise_depolarizing_n9,qiskit_mixed,su2_qcnn,9,8,10,0,depolarizing,0.0,/scratch/users/jdehoney/eqnn_thesis/data/noisy_comparisons/qiskit_mixed_odd_21032705/noise_depolarizing_n9/qiskit_mixed/su2_qcnn/n9/train_size_8/epochs_10/noise_depolarizing_0/seed_0,/scratch/users/jdehoney/eqnn_thesis/data/noisy_comparisons/qiskit_mixed_odd_21032705/noise_depolarizing_n9/qiskit_mixed/su2_qcnn/n9/train_size_8/epochs_10/noise_depolarizing_0/seed_0/metrics.json,completed,,,,,,,,0.47165826217177864,,,,,
/scratch/users/jdehoney/eqnn_thesis/data/noisy_comparisons/qiskit_mixed_odd_21138144,/scratch/users/jdehoney/eqnn_thesis/data/noisy_comparisons/qiskit_mixed_odd_21138144/noise_depolarizing_n9,qiskit_mixed,su2_qcnn,9,8,10,0,depolarizing,0.0,/scratch/users/jdehoney/eqnn_thesis/data/noisy_comparisons/qiskit_mixed_odd_21138144/noise_depolarizing_n9/qiskit_mixed/su2_qcnn/n9/train_size_8/epochs_10/noise_depolarizing_0/seed_0,/scratch/users/jdehoney/eqnn_thesis/data/noisy_comparisons/qiskit_mixed_odd_21138144/noise_depolarizing_n9/qiskit_mixed/su2_qcnn/n9/train_size_8/epochs_10/noise_depolarizing_0/seed_0/metrics.json,completed,,,,,,,,0.47165826217177864,,,,,
/scratch/users/jdehoney/eqnn_thesis/data/noisy_comparisons/qiskit_mixed_odd_21032705,/scratch/users/jdehoney/eqnn_thesis/data/noisy_comparisons/qiskit_mixed_odd_21032705/noise_depolarizing_n9,qiskit_mixed,su2_qcnn,9,8,10,1,depolarizing,0.0,/scratch/users/jdehoney/eqnn_thesis/data/noisy_comparisons/qiskit_mixed_odd_21032705/noise_depolarizing_n9/qiskit_mixed/su2_qcnn/n9/train_size_8/epochs_10/noise_depolarizing_0/seed_1,/scratch/users/jdehoney/eqnn_thesis/data/noisy_comparisons/qiskit_mixed_odd_21032705/noise_depolarizing_n9/qiskit_mixed/su2_qcnn/n9/train_size_8/epochs_10/noise_depolarizing_0/seed_1/metrics.json,completed,,,,,,,,0.4333003519261087,,,,,
/scratch/users/jdehoney/eqnn_thesis/data/noisy_comparisons/qiskit_mixed_odd_21138144,/scratch/users/jdehoney/eqnn_thesis/data/noisy_comparisons/qiskit_mixed_odd_21138144/noise_depolarizing_n9,qiskit_mixed,su2_qcnn,9,8,10,1,depolarizing,0.0,/scratch/users/jdehoney/eqnn_thesis/data/noisy_comparisons/qiskit_mixed_odd_21138144/noise_depolarizing_n9/qiskit_mixed/su2_qcnn/n9/train_size_8/epochs_10/noise_depolarizing_0/seed_1,/scratch/users/jdehoney/eqnn_thesis/data/noisy_comparisons/qiskit_mixed_odd_21138144/noise_depolarizing_n9/qiskit_mixed/su2_qcnn/n9/train_size_8/epochs_10/noise_depolarizing_0/seed_1/metrics.json,completed,,,,,,,,0.4333003519261087,,,,,
/scratch/users/jdehoney/eqnn_thesis/data/noisy_comparisons/qiskit_mixed_odd_21032705,/scratch/users/jdehoney/eqnn_thesis/data/noisy_comparisons/qiskit_mixed_odd_21032705/noise_depolarizing_n9,qiskit_mixed,su2_qcnn,9,8,10,2,depolarizing,0.0,/scratch/users/jdehoney/eqnn_thesis/data/noisy_comparisons/qiskit_mixed_odd_21032705/noise_depolarizing_n9/qiskit_mixed/su2_qcnn/n9/train_size_8/epochs_10/noise_depolarizing_0/seed_2,/scratch/users/jdehoney/eqnn_thesis/data/noisy_comparisons/qiskit_mixed_odd_21032705/noise_depolarizing_n9/qiskit_mixed/su2_qcnn/n9/train_size_8/epochs_10/noise_depolarizing_0/seed_2/metrics.json,completed,,,,,,,,0.3995067923535419,,,,,
/scratch/users/jdehoney/eqnn_thesis/data/noisy_comparisons/qiskit_mixed_odd_21138144,/scratch/users/jdehoney/eqnn_thesis/data/noisy_comparisons/qiskit_mixed_odd_21138144/noise_depolarizing_n9,qiskit_mixed,su2_qcnn,9,8,10,2,depolarizing,0.0,/scratch/users/jdehoney/eqnn_thesis/data/noisy_comparisons/qiskit_mixed_odd_21138144/noise_depolarizing_n9/qiskit_mixed/su2_qcnn/n9/train_size_8/epochs_10/noise_depolarizing_0/seed_2,/scratch/users/jdehoney/eqnn_thesis/data/noisy_comparisons/qiskit_mixed_odd_21138144/noise_depolarizing_n9/qiskit_mixed/su2_qcnn/n9/train_size_8/epochs_10/noise_depolarizing_0/seed_2/metrics.json,completed,,,,,,,,0.3995067923535419,,,,,
/scratch/users/jdehoney/eqnn_thesis/data/noisy_comparisons/qiskit_mixed_odd_21032705,/scratch/users/jdehoney/eqnn_thesis/data/noisy_comparisons/qiskit_mixed_odd_21032705/noise_depolarizing_n9,qiskit_mixed,su2_qcnn,9,8,10,0,depolarizing,0.001,/scratch/users/jdehoney/eqnn_thesis/data/noisy_comparisons/qiskit_mixed_odd_21032705/noise_depolarizing_n9/qiskit_mixed/su2_qcnn/n9/train_size_8/epochs_10/noise_depolarizing_0p001/seed_0,/scratch/users/jdehoney/eqnn_thesis/data/noisy_comparisons/qiskit_mixed_odd_21032705/noise_depolarizing_n9/qiskit_mixed/su2_qcnn/n9/train_size_8/epochs_10/noise_depolarizing_0p001/seed_0/metrics.json,completed,,,,,,,,0.4728450483972718,,,,,
/scratch/users/jdehoney/eqnn_thesis/data/noisy_comparisons/qiskit_mixed_odd_21138144,/scratch/users/jdehoney/eqnn_thesis/data/noisy_comparisons/qiskit_mixed_odd_21138144/noise_depolarizing_n9,qiskit_mixed,su2_qcnn,9,8,10,0,depolarizing,0.001,/scratch/users/jdehoney/eqnn_thesis/data/noisy_comparisons/qiskit_mixed_odd_21138144/noise_depolarizing_n9/qiskit_mixed/su2_qcnn/n9/train_size_8/epochs_10/noise_depolarizing_0p001/seed_0,/scratch/users/jdehoney/eqnn_thesis/data/noisy_comparisons/qiskit_mixed_odd_21138144/noise_depolarizing_n9/qiskit_mixed/su2_qcnn/n9/train_size_8/epochs_10/noise_depolarizing_0p001/seed_0/metrics.json,completed,,,,,,,,0.4728450483972718,,,,,
/scratch/users/jdehoney/eqnn_thesis/data/noisy_comparisons/qiskit_mixed_odd_21032705,/scratch/users/jdehoney/eqnn_thesis/data/noisy_comparisons/qiskit_mixed_odd_21032705/noise_depolarizing_n9,qiskit_mixed,su2_qcnn,9,8,10,1,depolarizing,0.001,/scratch/users/jdehoney/eqnn_thesis/data/noisy_comparisons/qiskit_mixed_odd_21032705/noise_depolarizing_n9/qiskit_mixed/su2_qcnn/n9/train_size_8/epochs_10/noise_depolarizing_0p001/seed_1,/scratch/users/jdehoney/eqnn_thesis/data/noisy_comparisons/qiskit_mixed_odd_21032705/noise_depolarizing_n9/qiskit_mixed/su2_qcnn/n9/train_size_8/epochs_10/noise_depolarizing_0p001/seed_1/metrics.json,completed,,,,,,,,0.435449421321364,,,,,
/scratch/users/jdehoney/eqnn_thesis/data/noisy_comparisons/qiskit_mixed_odd_21138144,/scratch/users/jdehoney/eqnn_thesis/data/noisy_comparisons/qiskit_mixed_odd_21138144/noise_depolarizing_n9,qiskit_mixed,su2_qcnn,9,8,10,1,depolarizing,0.001,/scratch/users/jdehoney/eqnn_thesis/data/noisy_comparisons/qiskit_mixed_odd_21138144/noise_depolarizing_n9/qiskit_mixed/su2_qcnn/n9/train_size_8/epochs_10/noise_depolarizing_0p001/seed_1,/scratch/users/jdehoney/eqnn_thesis/data/noisy_comparisons/qiskit_mixed_odd_21138144/noise_depolarizing_n9/qiskit_mixed/su2_qcnn/n9/train_size_8/epochs_10/noise_depolarizing_0p001/seed_1/metrics.json,completed,,,,,,,,0.435449421321364,,,,,
/scratch/users/jdehoney/eqnn_thesis/data/noisy_comparisons/qiskit_mixed_odd_21032705,/scratch/users/jdehoney/eqnn_thesis/data/noisy_comparisons/qiskit_mixed_odd_21032705/noise_depolarizing_n9,qiskit_mixed,su2_qcnn,9,8,10,2,depolarizing,0.001,/scratch/users/jdehoney/eqnn_thesis/data/noisy_comparisons/qiskit_mixed_odd_21032705/noise_depolarizing_n9/qiskit_mixed/su2_qcnn/n9/train_size_8/epochs_10/noise_depolarizing_0p001/seed_2,/scratch/users/jdehoney/eqnn_thesis/data/noisy_comparisons/qiskit_mixed_odd_21032705/noise_depolarizing_n9/qiskit_mixed/su2_qcnn/n9/train_size_8/epochs_10/noise_depolarizing_0p001/seed_2/metrics.json,completed,,,,,,,,0.40357139542377146,,,,,
/scratch/users/jdehoney/eqnn_thesis/data/noisy_comparisons/qiskit_mixed_odd_21138144,/scratch/users/jdehoney/eqnn_thesis/data/noisy_comparisons/qiskit_mixed_odd_21138144/noise_depolarizing_n9,qiskit_mixed,su2_qcnn,9,8,10,2,depolarizing,0.001,/scratch/users/jdehoney/eqnn_thesis/data/noisy_comparisons/qiskit_mixed_odd_21138144/noise_depolarizing_n9/qiskit_mixed/su2_qcnn/n9/train_size_8/epochs_10/noise_depolarizing_0p001/seed_2,/scratch/users/jdehoney/eqnn_thesis/data/noisy_comparisons/qiskit_mixed_odd_21138144/noise_depolarizing_n9/qiskit_mixed/su2_qcnn/n9/train_size_8/epochs_10/noise_depolarizing_0p001/seed_2/metrics.json,completed,,,,,,,,0.40357139542377146,,,,,
/scratch/users/jdehoney/eqnn_thesis/data/noisy_comparisons/qiskit_mixed_odd_21032705,/scratch/users/jdehoney/eqnn_thesis/data/noisy_comparisons/qiskit_mixed_odd_21032705/noise_depolarizing_n9,qiskit_mixed,su2_qcnn,9,8,10,0,depolarizing,0.005,/scratch/users/jdehoney/eqnn_thesis/data/noisy_comparisons/qiskit_mixed_odd_21032705/noise_depolarizing_n9/qiskit_mixed/su2_qcnn/n9/train_size_8/epochs_10/noise_depolarizing_0p005/seed_0,/scratch/users/jdehoney/eqnn_thesis/data/noisy_comparisons/qiskit_mixed_odd_21032705/noise_depolarizing_n9/qiskit_mixed/su2_qcnn/n9/train_size_8/epochs_10/noise_depolarizing_0p005/seed_0/metrics.json,completed,,,,,,,,0.47867272919132825,,,,,
/scratch/users/jdehoney/eqnn_thesis/data/noisy_comparisons/qiskit_mixed_odd_21138144,/scratch/users/jdehoney/eqnn_thesis/data/noisy_comparisons/qiskit_mixed_odd_21138144/noise_depolarizing_n9,qiskit_mixed,su2_qcnn,9,8,10,0,depolarizing,0.005,/scratch/users/jdehoney/eqnn_thesis/data/noisy_comparisons/qiskit_mixed_odd_21138144/noise_depolarizing_n9/qiskit_mixed/su2_qcnn/n9/train_size_8/epochs_10/noise_depolarizing_0p005/seed_0,/scratch/users/jdehoney/eqnn_thesis/data/noisy_comparisons/qiskit_mixed_odd_21138144/noise_depolarizing_n9/qiskit_mixed/su2_qcnn/n9/train_size_8/epochs_10/noise_depolarizing_0p005/seed_0/metrics.json,completed,,,,,,,,0.47867272919132825,,,,,
/scratch/users/jdehoney/eqnn_thesis/data/noisy_comparisons/qiskit_mixed_odd_21032705,/scratch/users/jdehoney/eqnn_thesis/data/noisy_comparisons/qiskit_mixed_odd_21032705/noise_depolarizing_n9,qiskit_mixed,su2_qcnn,9,8,10,1,depolarizing,0.005,/scratch/users/jdehoney/eqnn_thesis/data/noisy_comparisons/qiskit_mixed_odd_21032705/noise_depolarizing_n9/qiskit_mixed/su2_qcnn/n9/train_size_8/epochs_10/noise_depolarizing_0p005/seed_1,/scratch/users/jdehoney/eqnn_thesis/data/noisy_comparisons/qiskit_mixed_odd_21032705/noise_depolarizing_n9/qiskit_mixed/su2_qcnn/n9/train_size_8/epochs_10/noise_depolarizing_0p005/seed_1/metrics.json,completed,,,,,,,,0.4451101372527333,,,,,
/scratch/users/jdehoney/eqnn_thesis/data/noisy_comparisons/qiskit_mixed_odd_21138144,/scratch/users/jdehoney/eqnn_thesis/data/noisy_comparisons/qiskit_mixed_odd_21138144/noise_depolarizing_n9,qiskit_mixed,su2_qcnn,9,8,10,1,depolarizing,0.005,/scratch/users/jdehoney/eqnn_thesis/data/noisy_comparisons/qiskit_mixed_odd_21138144/noise_depolarizing_n9/qiskit_mixed/su2_qcnn/n9/train_size_8/epochs_10/noise_depolarizing_0p005/seed_1,/scratch/users/jdehoney/eqnn_thesis/data/noisy_comparisons/qiskit_mixed_odd_21138144/noise_depolarizing_n9/qiskit_mixed/su2_qcnn/n9/train_size_8/epochs_10/noise_depolarizing_0p005/seed_1/metrics.json,completed,,,,,,,,0.4451101372527333,,,,,
/scratch/users/jdehoney/eqnn_thesis/data/noisy_comparisons/qiskit_mixed_odd_21032705,/scratch/users/jdehoney/eqnn_thesis/data/noisy_comparisons/qiskit_mixed_odd_21032705/noise_depolarizing_n9,qiskit_mixed,su2_qcnn,9,8,10,2,depolarizing,0.005,/scratch/users/jdehoney/eqnn_thesis/data/noisy_comparisons/qiskit_mixed_odd_21032705/noise_depolarizing_n9/qiskit_mixed/su2_qcnn/n9/train_size_8/epochs_10/noise_depolarizing_0p005/seed_2,/scratch/users/jdehoney/eqnn_thesis/data/noisy_comparisons/qiskit_mixed_odd_21032705/noise_depolarizing_n9/qiskit_mixed/su2_qcnn/n9/train_size_8/epochs_10/noise_depolarizing_0p005/seed_2/metrics.json,completed,,,,,,,,0.4199306978407954,,,,,
/scratch/users/jdehoney/eqnn_thesis/data/noisy_comparisons/qiskit_mixed_odd_21138144,/scratch/users/jdehoney/eqnn_thesis/data/noisy_comparisons/qiskit_mixed_odd_21138144/noise_depolarizing_n9,qiskit_mixed,su2_qcnn,9,8,10,2,depolarizing,0.005,/scratch/users/jdehoney/eqnn_thesis/data/noisy_comparisons/qiskit_mixed_odd_21138144/noise_depolarizing_n9/qiskit_mixed/su2_qcnn/n9/train_size_8/epochs_10/noise_depolarizing_0p005/seed_2,/scratch/users/jdehoney/eqnn_thesis/data/noisy_comparisons/qiskit_mixed_odd_21138144/noise_depolarizing_n9/qiskit_mixed/su2_qcnn/n9/train_size_8/epochs_10/noise_depolarizing_0p005/seed_2/metrics.json,completed,,,,,,,,0.4199306978407954,,,,,
/scratch/users/jdehoney/eqnn_thesis/data/noisy_comparisons/qiskit_mixed_odd_21032705,/scratch/users/jdehoney/eqnn_thesis/data/noisy_comparisons/qiskit_mixed_odd_21032705/noise_depolarizing_n9,qiskit_mixed,su2_qcnn,9,8,10,0,depolarizing,0.01,/scratch/users/jdehoney/eqnn_thesis/data/noisy_comparisons/qiskit_mixed_odd_21032705/noise_depolarizing_n9/qiskit_mixed/su2_qcnn/n9/train_size_8/epochs_10/noise_depolarizing_0p01/seed_0,/scratch/users/jdehoney/eqnn_thesis/data/noisy_comparisons/qiskit_mixed_odd_21032705/noise_depolarizing_n9/qiskit_mixed/su2_qcnn/n9/train_size_8/epochs_10/noise_depolarizing_0p01/seed_0/metrics.json,completed,,,,,,,,0.48783792684621813,,,,,
/scratch/users/jdehoney/eqnn_thesis/data/noisy_comparisons/qiskit_mixed_odd_21138144,/scratch/users/jdehoney/eqnn_thesis/data/noisy_comparisons/qiskit_mixed_odd_21138144/noise_depolarizing_n9,qiskit_mixed,su2_qcnn,9,8,10,0,depolarizing,0.01,/scratch/users/jdehoney/eqnn_thesis/data/noisy_comparisons/qiskit_mixed_odd_21138144/noise_depolarizing_n9/qiskit_mixed/su2_qcnn/n9/train_size_8/epochs_10/noise_depolarizing_0p01/seed_0,/scratch/users/jdehoney/eqnn_thesis/data/noisy_comparisons/qiskit_mixed_odd_21138144/noise_depolarizing_n9/qiskit_mixed/su2_qcnn/n9/train_size_8/epochs_10/noise_depolarizing_0p01/seed_0/metrics.json,completed,,,,,,,,0.48783792684621813,,,,,
/scratch/users/jdehoney/eqnn_thesis/data/noisy_comparisons/qiskit_mixed_odd_21032705,/scratch/users/jdehoney/eqnn_thesis/data/noisy_comparisons/qiskit_mixed_odd_21032705/noise_depolarizing_n9,qiskit_mixed,su2_qcnn,9,8,10,1,depolarizing,0.01,/scratch/users/jdehoney/eqnn_thesis/data/noisy_comparisons/qiskit_mixed_odd_21032705/noise_depolarizing_n9/qiskit_mixed/su2_qcnn/n9/train_size_8/epochs_10/noise_depolarizing_0p01/seed_1,/scratch/users/jdehoney/eqnn_thesis/data/noisy_comparisons/qiskit_mixed_odd_21032705/noise_depolarizing_n9/qiskit_mixed/su2_qcnn/n9/train_size_8/epochs_10/noise_depolarizing_0p01/seed_1/metrics.json,completed,,,,,,,,0.4589331644502092,,,,,
/scratch/users/jdehoney/eqnn_thesis/data/noisy_comparisons/qiskit_mixed_odd_21138144,/scratch/users/jdehoney/eqnn_thesis/data/noisy_comparisons/qiskit_mixed_odd_21138144/noise_depolarizing_n9,qiskit_mixed,su2_qcnn,9,8,10,1,depolarizing,0.01,/scratch/users/jdehoney/eqnn_thesis/data/noisy_comparisons/qiskit_mixed_odd_21138144/noise_depolarizing_n9/qiskit_mixed/su2_qcnn/n9/train_size_8/epochs_10/noise_depolarizing_0p01/seed_1,/scratch/users/jdehoney/eqnn_thesis/data/noisy_comparisons/qiskit_mixed_odd_21138144/noise_depolarizing_n9/qiskit_mixed/su2_qcnn/n9/train_size_8/epochs_10/noise_depolarizing_0p01/seed_1/metrics.json,completed,,,,,,,,0.4589331644502092,,,,,
/scratch/users/jdehoney/eqnn_thesis/data/noisy_comparisons/qiskit_mixed_odd_21032705,/scratch/users/jdehoney/eqnn_thesis/data/noisy_comparisons/qiskit_mixed_odd_21032705/noise_depolarizing_n9,qiskit_mixed,su2_qcnn,9,8,10,2,depolarizing,0.01,/scratch/users/jdehoney/eqnn_thesis/data/noisy_comparisons/qiskit_mixed_odd_21032705/noise_depolarizing_n9/qiskit_mixed/su2_qcnn/n9/train_size_8/epochs_10/noise_depolarizing_0p01/seed_2,/scratch/users/jdehoney/eqnn_thesis/data/noisy_comparisons/qiskit_mixed_odd_21032705/noise_depolarizing_n9/qiskit_mixed/su2_qcnn/n9/train_size_8/epochs_10/noise_depolarizing_0p01/seed_2/metrics.json,completed,,,,,,,,0.4403150133705481,,,,,
/scratch/users/jdehoney/eqnn_thesis/data/noisy_comparisons/qiskit_mixed_odd_21138144,/scratch/users/jdehoney/eqnn_thesis/data/noisy_comparisons/qiskit_mixed_odd_21138144/noise_depolarizing_n9,qiskit_mixed,su2_qcnn,9,8,10,2,depolarizing,0.01,/scratch/users/jdehoney/eqnn_thesis/data/noisy_comparisons/qiskit_mixed_odd_21138144/noise_depolarizing_n9/qiskit_mixed/su2_qcnn/n9/train_size_8/epochs_10/noise_depolarizing_0p01/seed_2,/scratch/users/jdehoney/eqnn_thesis/data/noisy_comparisons/qiskit_mixed_odd_21138144/noise_depolarizing_n9/qiskit_mixed/su2_qcnn/n9/train_size_8/epochs_10/noise_depolarizing_0p01/seed_2/metrics.json,completed,,,,,,,,0.4403150133705481,,,,,
/scratch/users/jdehoney/eqnn_thesis/data/noisy_comparisons/qiskit_mixed_odd_21032705,/scratch/users/jdehoney/eqnn_thesis/data/noisy_comparisons/qiskit_mixed_odd_21032705/noise_depolarizing_n9,qiskit_mixed,su2_qcnn,9,8,10,0,depolarizing,0.05,/scratch/users/jdehoney/eqnn_thesis/data/noisy_comparisons/qiskit_mixed_odd_21032705/noise_depolarizing_n9/qiskit_mixed/su2_qcnn/n9/train_size_8/epochs_10/noise_depolarizing_0p05/seed_0,/scratch/users/jdehoney/eqnn_thesis/data/noisy_comparisons/qiskit_mixed_odd_21032705/noise_depolarizing_n9/qiskit_mixed/su2_qcnn/n9/train_size_8/epochs_10/noise_depolarizing_0p05/seed_0/metrics.json,completed,,,,,,,,0.5955806136937754,,,,,
/scratch/users/jdehoney/eqnn_thesis/data/noisy_comparisons/qiskit_mixed_odd_21138144,/scratch/users/jdehoney/eqnn_thesis/data/noisy_comparisons/qiskit_mixed_odd_21138144/noise_depolarizing_n9,qiskit_mixed,su2_qcnn,9,8,10,0,depolarizing,0.05,/scratch/users/jdehoney/eqnn_thesis/data/noisy_comparisons/qiskit_mixed_odd_21138144/noise_depolarizing_n9/qiskit_mixed/su2_qcnn/n9/train_size_8/epochs_10/noise_depolarizing_0p05/seed_0,/scratch/users/jdehoney/eqnn_thesis/data/noisy_comparisons/qiskit_mixed_odd_21138144/noise_depolarizing_n9/qiskit_mixed/su2_qcnn/n9/train_size_8/epochs_10/noise_depolarizing_0p05/seed_0/metrics.json,completed,,,,,,,,0.5955806136937754,,,,,
/scratch/users/jdehoney/eqnn_thesis/data/noisy_comparisons/qiskit_mixed_odd_21032705,/scratch/users/jdehoney/eqnn_thesis/data/noisy_comparisons/qiskit_mixed_odd_21032705/noise_depolarizing_n9,qiskit_mixed,su2_qcnn,9,8,10,1,depolarizing,0.05,/scratch/users/jdehoney/eqnn_thesis/data/noisy_comparisons/qiskit_mixed_odd_21032705/noise_depolarizing_n9/qiskit_mixed/su2_qcnn/n9/train_size_8/epochs_10/noise_depolarizing_0p05/seed_1,/scratch/users/jdehoney/eqnn_thesis/data/noisy_comparisons/qiskit_mixed_odd_21032705/noise_depolarizing_n9/qiskit_mixed/su2_qcnn/n9/train_size_8/epochs_10/noise_depolarizing_0p05/seed_1/metrics.json,completed,,,,,,,,0.5786655199928792,,,,,
/scratch/users/jdehoney/eqnn_thesis/data/noisy_comparisons/qiskit_mixed_odd_21138144,/scratch/users/jdehoney/eqnn_thesis/data/noisy_comparisons/qiskit_mixed_odd_21138144/noise_depolarizing_n9,qiskit_mixed,su2_qcnn,9,8,10,1,depolarizing,0.05,/scratch/users/jdehoney/eqnn_thesis/data/noisy_comparisons/qiskit_mixed_odd_21138144/noise_depolarizing_n9/qiskit_mixed/su2_qcnn/n9/train_size_8/epochs_10/noise_depolarizing_0p05/seed_1,/scratch/users/jdehoney/eqnn_thesis/data/noisy_comparisons/qiskit_mixed_odd_21138144/noise_depolarizing_n9/qiskit_mixed/su2_qcnn/n9/train_size_8/epochs_10/noise_depolarizing_0p05/seed_1/metrics.json,completed,,,,,,,,0.5786655199928792,,,,,
/scratch/users/jdehoney/eqnn_thesis/data/noisy_comparisons/qiskit_mixed_odd_21032705,/scratch/users/jdehoney/eqnn_thesis/data/noisy_comparisons/qiskit_mixed_odd_21032705/noise_depolarizing_n9,qiskit_mixed,su2_qcnn,9,8,10,2,depolarizing,0.05,/scratch/users/jdehoney/eqnn_thesis/data/noisy_comparisons/qiskit_mixed_odd_21032705/noise_depolarizing_n9/qiskit_mixed/su2_qcnn/n9/train_size_8/epochs_10/noise_depolarizing_0p05/seed_2,/scratch/users/jdehoney/eqnn_thesis/data/noisy_comparisons/qiskit_mixed_odd_21032705/noise_depolarizing_n9/qiskit_mixed/su2_qcnn/n9/train_size_8/epochs_10/noise_depolarizing_0p05/seed_2/metrics.json,completed,,,,,,,,0.5787421427228143,,,,,
/scratch/users/jdehoney/eqnn_thesis/data/noisy_comparisons/qiskit_mixed_odd_21138144,/scratch/users/jdehoney/eqnn_thesis/data/noisy_comparisons/qiskit_mixed_odd_21138144/noise_depolarizing_n9,qiskit_mixed,su2_qcnn,9,8,10,2,depolarizing,0.05,/scratch/users/jdehoney/eqnn_thesis/data/noisy_comparisons/qiskit_mixed_odd_21138144/noise_depolarizing_n9/qiskit_mixed/su2_qcnn/n9/train_size_8/epochs_10/noise_depolarizing_0p05/seed_2,/scratch/users/jdehoney/eqnn_thesis/data/noisy_comparisons/qiskit_mixed_odd_21138144/noise_depolarizing_n9/qiskit_mixed/su2_qcnn/n9/train_size_8/epochs_10/noise_depolarizing_0p05/seed_2/metrics.json,completed,,,,,,,,0.5787421427228143,,,,,
/scratch/users/jdehoney/eqnn_thesis/data/noisy_comparisons/qiskit_mixed_odd_21032705,/scratch/users/jdehoney/eqnn_thesis/data/noisy_comparisons/qiskit_mixed_odd_21032705/noise_depolarizing_n9,qiskit_mixed,su2_qcnn,9,8,10,0,depolarizing,0.1,/scratch/users/jdehoney/eqnn_thesis/data/noisy_comparisons/qiskit_mixed_odd_21032705/noise_depolarizing_n9/qiskit_mixed/su2_qcnn/n9/train_size_8/epochs_10/noise_depolarizing_0p1/seed_0,/scratch/users/jdehoney/eqnn_thesis/data/noisy_comparisons/qiskit_mixed_odd_21032705/noise_depolarizing_n9/qiskit_mixed/su2_qcnn/n9/train_size_8/epochs_10/noise_depolarizing_0p1/seed_0/metrics.json,completed,,,,,,,,0.6814656083630974,,,,,
/scratch/users/jdehoney/eqnn_thesis/data/noisy_comparisons/qiskit_mixed_odd_21138144,/scratch/users/jdehoney/eqnn_thesis/data/noisy_comparisons/qiskit_mixed_odd_21138144/noise_depolarizing_n9,qiskit_mixed,su2_qcnn,9,8,10,0,depolarizing,0.1,/scratch/users/jdehoney/eqnn_thesis/data/noisy_comparisons/qiskit_mixed_odd_21138144/noise_depolarizing_n9/qiskit_mixed/su2_qcnn/n9/train_size_8/epochs_10/noise_depolarizing_0p1/seed_0,/scratch/users/jdehoney/eqnn_thesis/data/noisy_comparisons/qiskit_mixed_odd_21138144/noise_depolarizing_n9/qiskit_mixed/su2_qcnn/n9/train_size_8/epochs_10/noise_depolarizing_0p1/seed_0/metrics.json,completed,,,,,,,,0.6814656083630974,,,,,
/scratch/users/jdehoney/eqnn_thesis/data/noisy_comparisons/qiskit_mixed_odd_21032705,/scratch/users/jdehoney/eqnn_thesis/data/noisy_comparisons/qiskit_mixed_odd_21032705/noise_depolarizing_n9,qiskit_mixed,su2_qcnn,9,8,10,1,depolarizing,0.1,/scratch/users/jdehoney/eqnn_thesis/data/noisy_comparisons/qiskit_mixed_odd_21032705/noise_depolarizing_n9/qiskit_mixed/su2_qcnn/n9/train_size_8/epochs_10/noise_depolarizing_0p1/seed_1,/scratch/users/jdehoney/eqnn_thesis/data/noisy_comparisons/qiskit_mixed_odd_21032705/noise_depolarizing_n9/qiskit_mixed/su2_qcnn/n9/train_size_8/epochs_10/noise_depolarizing_0p1/seed_1/metrics.json,completed,,,,,,,,0.6768480692920774,,,,,
/scratch/users/jdehoney/eqnn_thesis/data/noisy_comparisons/qiskit_mixed_odd_21138144,/scratch/users/jdehoney/eqnn_thesis/data/noisy_comparisons/qiskit_mixed_odd_21138144/noise_depolarizing_n9,qiskit_mixed,su2_qcnn,9,8,10,1,depolarizing,0.1,/scratch/users/jdehoney/eqnn_thesis/data/noisy_comparisons/qiskit_mixed_odd_21138144/noise_depolarizing_n9/qiskit_mixed/su2_qcnn/n9/train_size_8/epochs_10/noise_depolarizing_0p1/seed_1,/scratch/users/jdehoney/eqnn_thesis/data/noisy_comparisons/qiskit_mixed_odd_21138144/noise_depolarizing_n9/qiskit_mixed/su2_qcnn/n9/train_size_8/epochs_10/noise_depolarizing_0p1/seed_1/metrics.json,completed,,,,,,,,0.6768480692920774,,,,,
/scratch/users/jdehoney/eqnn_thesis/data/noisy_comparisons/qiskit_mixed_odd_21032705,/scratch/users/jdehoney/eqnn_thesis/data/noisy_comparisons/qiskit_mixed_odd_21032705/noise_depolarizing_n9,qiskit_mixed,su2_qcnn,9,8,10,2,depolarizing,0.1,/scratch/users/jdehoney/eqnn_thesis/data/noisy_comparisons/qiskit_mixed_odd_21032705/noise_depolarizing_n9/qiskit_mixed/su2_qcnn/n9/train_size_8/epochs_10/noise_depolarizing_0p1/seed_2,/scratch/users/jdehoney/eqnn_thesis/data/noisy_comparisons/qiskit_mixed_odd_21032705/noise_depolarizing_n9/qiskit_mixed/su2_qcnn/n9/train_size_8/epochs_10/noise_depolarizing_0p1/seed_2/metrics.json,completed,,,,,,,,0.6807471683707902,,,,,
/scratch/users/jdehoney/eqnn_thesis/data/noisy_comparisons/qiskit_mixed_odd_21138144,/scratch/users/jdehoney/eqnn_thesis/data/noisy_comparisons/qiskit_mixed_odd_21138144/noise_depolarizing_n9,qiskit_mixed,su2_qcnn,9,8,10,2,depolarizing,0.1,/scratch/users/jdehoney/eqnn_thesis/data/noisy_comparisons/qiskit_mixed_odd_21138144/noise_depolarizing_n9/qiskit_mixed/su2_qcnn/n9/train_size_8/epochs_10/noise_depolarizing_0p1/seed_2,/scratch/users/jdehoney/eqnn_thesis/data/noisy_comparisons/qiskit_mixed_odd_21138144/noise_depolarizing_n9/qiskit_mixed/su2_qcnn/n9/train_size_8/epochs_10/noise_depolarizing_0p1/seed_2/metrics.json,completed,,,,,,,,0.6807471683707902,,,,,
/scratch/users/jdehoney/eqnn_thesis/data/noisy_comparisons/qiskit_mixed_odd_21032705,/scratch/users/jdehoney/eqnn_thesis/data/noisy_comparisons/qiskit_mixed_odd_21032705/noise_depolarizing_n9,qiskit_mixed,su2_qcnn,9,12,10,0,depolarizing,0.0,/scratch/users/jdehoney/eqnn_thesis/data/noisy_comparisons/qiskit_mixed_odd_21032705/noise_depolarizing_n9/qiskit_mixed/su2_qcnn/n9/train_size_12/epochs_10/noise_depolarizing_0/seed_0,/scratch/users/jdehoney/eqnn_thesis/data/noisy_comparisons/qiskit_mixed_odd_21032705/noise_depolarizing_n9/qiskit_mixed/su2_qcnn/n9/train_size_12/epochs_10/noise_depolarizing_0/seed_0/metrics.json,completed,,,,,,,,0.3576002904057971,,,,,
/scratch/users/jdehoney/eqnn_thesis/data/noisy_comparisons/qiskit_mixed_odd_21138144,/scratch/users/jdehoney/eqnn_thesis/data/noisy_comparisons/qiskit_mixed_odd_21138144/noise_depolarizing_n9,qiskit_mixed,su2_qcnn,9,12,10,0,depolarizing,0.0,/scratch/users/jdehoney/eqnn_thesis/data/noisy_comparisons/qiskit_mixed_odd_21138144/noise_depolarizing_n9/qiskit_mixed/su2_qcnn/n9/train_size_12/epochs_10/noise_depolarizing_0/seed_0,/scratch/users/jdehoney/eqnn_thesis/data/noisy_comparisons/qiskit_mixed_odd_21138144/noise_depolarizing_n9/qiskit_mixed/su2_qcnn/n9/train_size_12/epochs_10/noise_depolarizing_0/seed_0/metrics.json,completed,,,,,,,,0.3576002904057971,,,,,
/scratch/users/jdehoney/eqnn_thesis/data/noisy_comparisons/qiskit_mixed_odd_21032705,/scratch/users/jdehoney/eqnn_thesis/data/noisy_comparisons/qiskit_mixed_odd_21032705/noise_depolarizing_n9,qiskit_mixed,su2_qcnn,9,12,10,1,depolarizing,0.0,/scratch/users/jdehoney/eqnn_thesis/data/noisy_comparisons/qiskit_mixed_odd_21032705/noise_depolarizing_n9/qiskit_mixed/su2_qcnn/n9/train_size_12/epochs_10/noise_depolarizing_0/seed_1,/scratch/users/jdehoney/eqnn_thesis/data/noisy_comparisons/qiskit_mixed_odd_21032705/noise_depolarizing_n9/qiskit_mixed/su2_qcnn/n9/train_size_12/epochs_10/noise_depolarizing_0/seed_1/metrics.json,completed,,,,,,,,0.38037855438001555,,,,,
/scratch/users/jdehoney/eqnn_thesis/data/noisy_comparisons/qiskit_mixed_odd_21138144,/scratch/users/jdehoney/eqnn_thesis/data/noisy_comparisons/qiskit_mixed_odd_21138144/noise_depolarizing_n9,qiskit_mixed,su2_qcnn,9,12,10,1,depolarizing,0.0,/scratch/users/jdehoney/eqnn_thesis/data/noisy_comparisons/qiskit_mixed_odd_21138144/noise_depolarizing_n9/qiskit_mixed/su2_qcnn/n9/train_size_12/epochs_10/noise_depolarizing_0/seed_1,/scratch/users/jdehoney/eqnn_thesis/data/noisy_comparisons/qiskit_mixed_odd_21138144/noise_depolarizing_n9/qiskit_mixed/su2_qcnn/n9/train_size_12/epochs_10/noise_depolarizing_0/seed_1/metrics.json,completed,,,,,,,,0.38037855438001555,,,,,
/scratch/users/jdehoney/eqnn_thesis/data/noisy_comparisons/qiskit_mixed_odd_21032705,/scratch/users/jdehoney/eqnn_thesis/data/noisy_comparisons/qiskit_mixed_odd_21032705/noise_depolarizing_n9,qiskit_mixed,su2_qcnn,9,12,10,2,depolarizing,0.0,/scratch/users/jdehoney/eqnn_thesis/data/noisy_comparisons/qiskit_mixed_odd_21032705/noise_depolarizing_n9/qiskit_mixed/su2_qcnn/n9/train_size_12/epochs_10/noise_depolarizing_0/seed_2,/scratch/users/jdehoney/eqnn_thesis/data/noisy_comparisons/qiskit_mixed_odd_21032705/noise_depolarizing_n9/qiskit_mixed/su2_qcnn/n9/train_size_12/epochs_10/noise_depolarizing_0/seed_2/metrics.json,completed,,,,,,,,0.4010249068172136,,,,,
/scratch/users/jdehoney/eqnn_thesis/data/noisy_comparisons/qiskit_mixed_odd_21138144,/scratch/users/jdehoney/eqnn_thesis/data/noisy_comparisons/qiskit_mixed_odd_21138144/noise_depolarizing_n9,qiskit_mixed,su2_qcnn,9,12,10,2,depolarizing,0.0,/scratch/users/jdehoney/eqnn_thesis/data/noisy_comparisons/qiskit_mixed_odd_21138144/noise_depolarizing_n9/qiskit_mixed/su2_qcnn/n9/train_size_12/epochs_10/noise_depolarizing_0/seed_2,/scratch/users/jdehoney/eqnn_thesis/data/noisy_comparisons/qiskit_mixed_odd_21138144/noise_depolarizing_n9/qiskit_mixed/su2_qcnn/n9/train_size_12/epochs_10/noise_depolarizing_0/seed_2/metrics.json,completed,,,,,,,,0.4010249068172136,,,,,
/scratch/users/jdehoney/eqnn_thesis/data/noisy_comparisons/qiskit_mixed_odd_21032705,/scratch/users/jdehoney/eqnn_thesis/data/noisy_comparisons/qiskit_mixed_odd_21032705/noise_depolarizing_n9,qiskit_mixed,su2_qcnn,9,12,10,0,depolarizing,0.001,/scratch/users/jdehoney/eqnn_thesis/data/noisy_comparisons/qiskit_mixed_odd_21032705/noise_depolarizing_n9/qiskit_mixed/su2_qcnn/n9/train_size_12/epochs_10/noise_depolarizing_0p001/seed_0,/scratch/users/jdehoney/eqnn_thesis/data/noisy_comparisons/qiskit_mixed_odd_21032705/noise_depolarizing_n9/qiskit_mixed/su2_qcnn/n9/train_size_12/epochs_10/noise_depolarizing_0p001/seed_0/metrics.json,completed,,,,,,,,0.36000409152068713,,,,,
/scratch/users/jdehoney/eqnn_thesis/data/noisy_comparisons/qiskit_mixed_odd_21138144,/scratch/users/jdehoney/eqnn_thesis/data/noisy_comparisons/qiskit_mixed_odd_21138144/noise_depolarizing_n9,qiskit_mixed,su2_qcnn,9,12,10,0,depolarizing,0.001,/scratch/users/jdehoney/eqnn_thesis/data/noisy_comparisons/qiskit_mixed_odd_21138144/noise_depolarizing_n9/qiskit_mixed/su2_qcnn/n9/train_size_12/epochs_10/noise_depolarizing_0p001/seed_0,/scratch/users/jdehoney/eqnn_thesis/data/noisy_comparisons/qiskit_mixed_odd_21138144/noise_depolarizing_n9/qiskit_mixed/su2_qcnn/n9/train_size_12/epochs_10/noise_depolarizing_0p001/seed_0/metrics.json,completed,,,,,,,,0.36000409152068713,,,,,
/scratch/users/jdehoney/eqnn_thesis/data/noisy_comparisons/qiskit_mixed_odd_21032705,/scratch/users/jdehoney/eqnn_thesis/data/noisy_comparisons/qiskit_mixed_odd_21032705/noise_depolarizing_n9,qiskit_mixed,su2_qcnn,9,12,10,1,depolarizing,0.001,/scratch/users/jdehoney/eqnn_thesis/data/noisy_comparisons/qiskit_mixed_odd_21032705/noise_depolarizing_n9/qiskit_mixed/su2_qcnn/n9/train_size_12/epochs_10/noise_depolarizing_0p001/seed_1,/scratch/users/jdehoney/eqnn_thesis/data/noisy_comparisons/qiskit_mixed_odd_21032705/noise_depolarizing_n9/qiskit_mixed/su2_qcnn/n9/train_size_12/epochs_10/noise_depolarizing_0p001/seed_1/metrics.json,completed,,,,,,,,0.38142126161020085,,,,,
/scratch/users/jdehoney/eqnn_thesis/data/noisy_comparisons/qiskit_mixed_odd_21138144,/scratch/users/jdehoney/eqnn_thesis/data/noisy_comparisons/qiskit_mixed_odd_21138144/noise_depolarizing_n9,qiskit_mixed,su2_qcnn,9,12,10,1,depolarizing,0.001,/scratch/users/jdehoney/eqnn_thesis/data/noisy_comparisons/qiskit_mixed_odd_21138144/noise_depolarizing_n9/qiskit_mixed/su2_qcnn/n9/train_size_12/epochs_10/noise_depolarizing_0p001/seed_1,/scratch/users/jdehoney/eqnn_thesis/data/noisy_comparisons/qiskit_mixed_odd_21138144/noise_depolarizing_n9/qiskit_mixed/su2_qcnn/n9/train_size_12/epochs_10/noise_depolarizing_0p001/seed_1/metrics.json,completed,,,,,,,,0.38142126161020085,,,,,
/scratch/users/jdehoney/eqnn_thesis/data/noisy_comparisons/qiskit_mixed_odd_21032705,/scratch/users/jdehoney/eqnn_thesis/data/noisy_comparisons/qiskit_mixed_odd_21032705/noise_depolarizing_n9,qiskit_mixed,su2_qcnn,9,12,10,2,depolarizing,0.001,/scratch/users/jdehoney/eqnn_thesis/data/noisy_comparisons/qiskit_mixed_odd_21032705/noise_depolarizing_n9/qiskit_mixed/su2_qcnn/n9/train_size_12/epochs_10/noise_depolarizing_0p001/seed_2,/scratch/users/jdehoney/eqnn_thesis/data/noisy_comparisons/qiskit_mixed_odd_21032705/noise_depolarizing_n9/qiskit_mixed/su2_qcnn/n9/train_size_12/epochs_10/noise_depolarizing_0p001/seed_2/metrics.json,completed,,,,,,,,0.4003854776227651,,,,,
/scratch/users/jdehoney/eqnn_thesis/data/noisy_comparisons/qiskit_mixed_odd_21138144,/scratch/users/jdehoney/eqnn_thesis/data/noisy_comparisons/qiskit_mixed_odd_21138144/noise_depolarizing_n9,qiskit_mixed,su2_qcnn,9,12,10,2,depolarizing,0.001,/scratch/users/jdehoney/eqnn_thesis/data/noisy_comparisons/qiskit_mixed_odd_21138144/noise_depolarizing_n9/qiskit_mixed/su2_qcnn/n9/train_size_12/epochs_10/noise_depolarizing_0p001/seed_2,/scratch/users/jdehoney/eqnn_thesis/data/noisy_comparisons/qiskit_mixed_odd_21138144/noise_depolarizing_n9/qiskit_mixed/su2_qcnn/n9/train_size_12/epochs_10/noise_depolarizing_0p001/seed_2/metrics.json,completed,,,,,,,,0.4003854776227651,,,,,
/scratch/users/jdehoney/eqnn_thesis/data/noisy_comparisons/qiskit_mixed_odd_21032705,/scratch/users/jdehoney/eqnn_thesis/data/noisy_comparisons/qiskit_mixed_odd_21032705/noise_depolarizing_n9,qiskit_mixed,su2_qcnn,9,12,10,0,depolarizing,0.005,/scratch/users/jdehoney/eqnn_thesis/data/noisy_comparisons/qiskit_mixed_odd_21032705/noise_depolarizing_n9/qiskit_mixed/su2_qcnn/n9/train_size_12/epochs_10/noise_depolarizing_0p005/seed_0,/scratch/users/jdehoney/eqnn_thesis/data/noisy_comparisons/qiskit_mixed_odd_21032705/noise_depolarizing_n9/qiskit_mixed/su2_qcnn/n9/train_size_12/epochs_10/noise_depolarizing_0p005/seed_0/metrics.json,completed,,,,,,,,0.3681775512063592,,,,,
/scratch/users/jdehoney/eqnn_thesis/data/noisy_comparisons/qiskit_mixed_odd_21138144,/scratch/users/jdehoney/eqnn_thesis/data/noisy_comparisons/qiskit_mixed_odd_21138144/noise_depolarizing_n9,qiskit_mixed,su2_qcnn,9,12,10,0,depolarizing,0.005,/scratch/users/jdehoney/eqnn_thesis/data/noisy_comparisons/qiskit_mixed_odd_21138144/noise_depolarizing_n9/qiskit_mixed/su2_qcnn/n9/train_size_12/epochs_10/noise_depolarizing_0p005/seed_0,/scratch/users/jdehoney/eqnn_thesis/data/noisy_comparisons/qiskit_mixed_odd_21138144/noise_depolarizing_n9/qiskit_mixed/su2_qcnn/n9/train_size_12/epochs_10/noise_depolarizing_0p005/seed_0/metrics.json,completed,,,,,,,,0.3681775512063592,,,,,
/scratch/users/jdehoney/eqnn_thesis/data/noisy_comparisons/qiskit_mixed_odd_21032705,/scratch/users/jdehoney/eqnn_thesis/data/noisy_comparisons/qiskit_mixed_odd_21032705/noise_depolarizing_n9,qiskit_mixed,su2_qcnn,9,12,10,1,depolarizing,0.005,/scratch/users/jdehoney/eqnn_thesis/data/noisy_comparisons/qiskit_mixed_odd_21032705/noise_depolarizing_n9/qiskit_mixed/su2_qcnn/n9/train_size_12/epochs_10/noise_depolarizing_0p005/seed_1,/scratch/users/jdehoney/eqnn_thesis/data/noisy_comparisons/qiskit_mixed_odd_21032705/noise_depolarizing_n9/qiskit_mixed/su2_qcnn/n9/train_size_12/epochs_10/noise_depolarizing_0p005/seed_1/metrics.json,completed,,,,,,,,0.3837871846233023,,,,,
/scratch/users/jdehoney/eqnn_thesis/data/noisy_comparisons/qiskit_mixed_odd_21138144,/scratch/users/jdehoney/eqnn_thesis/data/noisy_comparisons/qiskit_mixed_odd_21138144/noise_depolarizing_n9,qiskit_mixed,su2_qcnn,9,12,10,1,depolarizing,0.005,/scratch/users/jdehoney/eqnn_thesis/data/noisy_comparisons/qiskit_mixed_odd_21138144/noise_depolarizing_n9/qiskit_mixed/su2_qcnn/n9/train_size_12/epochs_10/noise_depolarizing_0p005/seed_1,/scratch/users/jdehoney/eqnn_thesis/data/noisy_comparisons/qiskit_mixed_odd_21138144/noise_depolarizing_n9/qiskit_mixed/su2_qcnn/n9/train_size_12/epochs_10/noise_depolarizing_0p005/seed_1/metrics.json,completed,,,,,,,,0.3837871846233023,,,,,
/scratch/users/jdehoney/eqnn_thesis/data/noisy_comparisons/qiskit_mixed_odd_21032705,/scratch/users/jdehoney/eqnn_thesis/data/noisy_comparisons/qiskit_mixed_odd_21032705/noise_depolarizing_n9,qiskit_mixed,su2_qcnn,9,12,10,2,depolarizing,0.005,/scratch/users/jdehoney/eqnn_thesis/data/noisy_comparisons/qiskit_mixed_odd_21032705/noise_depolarizing_n9/qiskit_mixed/su2_qcnn/n9/train_size_12/epochs_10/noise_depolarizing_0p005/seed_2,/scratch/users/jdehoney/eqnn_thesis/data/noisy_comparisons/qiskit_mixed_odd_21032705/noise_depolarizing_n9/qiskit_mixed/su2_qcnn/n9/train_size_12/epochs_10/noise_depolarizing_0p005/seed_2/metrics.json,completed,,,,,,,,0.3969477224553698,,,,,
/scratch/users/jdehoney/eqnn_thesis/data/noisy_comparisons/qiskit_mixed_odd_21138144,/scratch/users/jdehoney/eqnn_thesis/data/noisy_comparisons/qiskit_mixed_odd_21138144/noise_depolarizing_n9,qiskit_mixed,su2_qcnn,9,12,10,2,depolarizing,0.005,/scratch/users/jdehoney/eqnn_thesis/data/noisy_comparisons/qiskit_mixed_odd_21138144/noise_depolarizing_n9/qiskit_mixed/su2_qcnn/n9/train_size_12/epochs_10/noise_depolarizing_0p005/seed_2,/scratch/users/jdehoney/eqnn_thesis/data/noisy_comparisons/qiskit_mixed_odd_21138144/noise_depolarizing_n9/qiskit_mixed/su2_qcnn/n9/train_size_12/epochs_10/noise_depolarizing_0p005/seed_2/metrics.json,completed,,,,,,,,0.3969477224553698,,,,,
/scratch/users/jdehoney/eqnn_thesis/data/noisy_comparisons/qiskit_mixed_odd_21032705,/scratch/users/jdehoney/eqnn_thesis/data/noisy_comparisons/qiskit_mixed_odd_21032705/noise_depolarizing_n9,qiskit_mixed,su2_qcnn,9,12,10,0,depolarizing,0.01,/scratch/users/jdehoney/eqnn_thesis/data/noisy_comparisons/qiskit_mixed_odd_21032705/noise_depolarizing_n9/qiskit_mixed/su2_qcnn/n9/train_size_12/epochs_10/noise_depolarizing_0p01/seed_0,/scratch/users/jdehoney/eqnn_thesis/data/noisy_comparisons/qiskit_mixed_odd_21032705/noise_depolarizing_n9/qiskit_mixed/su2_qcnn/n9/train_size_12/epochs_10/noise_depolarizing_0p01/seed_0/metrics.json,completed,,,,,,,,0.3762302271118477,,,,,
/scratch/users/jdehoney/eqnn_thesis/data/noisy_comparisons/qiskit_mixed_odd_21138144,/scratch/users/jdehoney/eqnn_thesis/data/noisy_comparisons/qiskit_mixed_odd_21138144/noise_depolarizing_n9,qiskit_mixed,su2_qcnn,9,12,10,0,depolarizing,0.01,/scratch/users/jdehoney/eqnn_thesis/data/noisy_comparisons/qiskit_mixed_odd_21138144/noise_depolarizing_n9/qiskit_mixed/su2_qcnn/n9/train_size_12/epochs_10/noise_depolarizing_0p01/seed_0,/scratch/users/jdehoney/eqnn_thesis/data/noisy_comparisons/qiskit_mixed_odd_21138144/noise_depolarizing_n9/qiskit_mixed/su2_qcnn/n9/train_size_12/epochs_10/noise_depolarizing_0p01/seed_0/metrics.json,completed,,,,,,,,0.3762302271118477,,,,,
/scratch/users/jdehoney/eqnn_thesis/data/noisy_comparisons/qiskit_mixed_odd_21032705,/scratch/users/jdehoney/eqnn_thesis/data/noisy_comparisons/qiskit_mixed_odd_21032705/noise_depolarizing_n9,qiskit_mixed,su2_qcnn,9,12,10,1,depolarizing,0.01,/scratch/users/jdehoney/eqnn_thesis/data/noisy_comparisons/qiskit_mixed_odd_21032705/noise_depolarizing_n9/qiskit_mixed/su2_qcnn/n9/train_size_12/epochs_10/noise_depolarizing_0p01/seed_1,/scratch/users/jdehoney/eqnn_thesis/data/noisy_comparisons/qiskit_mixed_odd_21032705/noise_depolarizing_n9/qiskit_mixed/su2_qcnn/n9/train_size_12/epochs_10/noise_depolarizing_0p01/seed_1/metrics.json,completed,,,,,,,,0.38406813130391587,,,,,
/scratch/users/jdehoney/eqnn_thesis/data/noisy_comparisons/qiskit_mixed_odd_21138144,/scratch/users/jdehoney/eqnn_thesis/data/noisy_comparisons/qiskit_mixed_odd_21138144/noise_depolarizing_n9,qiskit_mixed,su2_qcnn,9,12,10,1,depolarizing,0.01,/scratch/users/jdehoney/eqnn_thesis/data/noisy_comparisons/qiskit_mixed_odd_21138144/noise_depolarizing_n9/qiskit_mixed/su2_qcnn/n9/train_size_12/epochs_10/noise_depolarizing_0p01/seed_1,/scratch/users/jdehoney/eqnn_thesis/data/noisy_comparisons/qiskit_mixed_odd_21138144/noise_depolarizing_n9/qiskit_mixed/su2_qcnn/n9/train_size_12/epochs_10/noise_depolarizing_0p01/seed_1/metrics.json,completed,,,,,,,,0.38406813130391587,,,,,
/scratch/users/jdehoney/eqnn_thesis/data/noisy_comparisons/qiskit_mixed_odd_21032705,/scratch/users/jdehoney/eqnn_thesis/data/noisy_comparisons/qiskit_mixed_odd_21032705/noise_depolarizing_n9,qiskit_mixed,su2_qcnn,9,12,10,2,depolarizing,0.01,/scratch/users/jdehoney/eqnn_thesis/data/noisy_comparisons/qiskit_mixed_odd_21032705/noise_depolarizing_n9/qiskit_mixed/su2_qcnn/n9/train_size_12/epochs_10/noise_depolarizing_0p01/seed_2,/scratch/users/jdehoney/eqnn_thesis/data/noisy_comparisons/qiskit_mixed_odd_21032705/noise_depolarizing_n9/qiskit_mixed/su2_qcnn/n9/train_size_12/epochs_10/noise_depolarizing_0p01/seed_2/metrics.json,completed,,,,,,,,0.3921496604169543,,,,,
/scratch/users/jdehoney/eqnn_thesis/data/noisy_comparisons/qiskit_mixed_odd_21138144,/scratch/users/jdehoney/eqnn_thesis/data/noisy_comparisons/qiskit_mixed_odd_21138144/noise_depolarizing_n9,qiskit_mixed,su2_qcnn,9,12,10,2,depolarizing,0.01,/scratch/users/jdehoney/eqnn_thesis/data/noisy_comparisons/qiskit_mixed_odd_21138144/noise_depolarizing_n9/qiskit_mixed/su2_qcnn/n9/train_size_12/epochs_10/noise_depolarizing_0p01/seed_2,/scratch/users/jdehoney/eqnn_thesis/data/noisy_comparisons/qiskit_mixed_odd_21138144/noise_depolarizing_n9/qiskit_mixed/su2_qcnn/n9/train_size_12/epochs_10/noise_depolarizing_0p01/seed_2/metrics.json,completed,,,,,,,,0.3921496604169543,,,,,
/scratch/users/jdehoney/eqnn_thesis/data/noisy_comparisons/qiskit_mixed_odd_21032705,/scratch/users/jdehoney/eqnn_thesis/data/noisy_comparisons/qiskit_mixed_odd_21032705/noise_depolarizing_n9,qiskit_mixed,su2_qcnn,9,12,10,0,depolarizing,0.05,/scratch/users/jdehoney/eqnn_thesis/data/noisy_comparisons/qiskit_mixed_odd_21032705/noise_depolarizing_n9/qiskit_mixed/su2_qcnn/n9/train_size_12/epochs_10/noise_depolarizing_0p05/seed_0,/scratch/users/jdehoney/eqnn_thesis/data/noisy_comparisons/qiskit_mixed_odd_21032705/noise_depolarizing_n9/qiskit_mixed/su2_qcnn/n9/train_size_12/epochs_10/noise_depolarizing_0p05/seed_0/metrics.json,completed,,,,,,,,0.5104267394998951,,,,,
/scratch/users/jdehoney/eqnn_thesis/data/noisy_comparisons/qiskit_mixed_odd_21138144,/scratch/users/jdehoney/eqnn_thesis/data/noisy_comparisons/qiskit_mixed_odd_21138144/noise_depolarizing_n9,qiskit_mixed,su2_qcnn,9,12,10,0,depolarizing,0.05,/scratch/users/jdehoney/eqnn_thesis/data/noisy_comparisons/qiskit_mixed_odd_21138144/noise_depolarizing_n9/qiskit_mixed/su2_qcnn/n9/train_size_12/epochs_10/noise_depolarizing_0p05/seed_0,/scratch/users/jdehoney/eqnn_thesis/data/noisy_comparisons/qiskit_mixed_odd_21138144/noise_depolarizing_n9/qiskit_mixed/su2_qcnn/n9/train_size_12/epochs_10/noise_depolarizing_0p05/seed_0/metrics.json,completed,,,,,,,,0.5104267394998951,,,,,
/scratch/users/jdehoney/eqnn_thesis/data/noisy_comparisons/qiskit_mixed_odd_21032705,/scratch/users/jdehoney/eqnn_thesis/data/noisy_comparisons/qiskit_mixed_odd_21032705/noise_depolarizing_n9,qiskit_mixed,su2_qcnn,9,12,10,1,depolarizing,0.05,/scratch/users/jdehoney/eqnn_thesis/data/noisy_comparisons/qiskit_mixed_odd_21032705/noise_depolarizing_n9/qiskit_mixed/su2_qcnn/n9/train_size_12/epochs_10/noise_depolarizing_0p05/seed_1,/scratch/users/jdehoney/eqnn_thesis/data/noisy_comparisons/qiskit_mixed_odd_21032705/noise_depolarizing_n9/qiskit_mixed/su2_qcnn/n9/train_size_12/epochs_10/noise_depolarizing_0p05/seed_1/metrics.json,completed,,,,,,,,0.5097480426232412,,,,,
/scratch/users/jdehoney/eqnn_thesis/data/noisy_comparisons/qiskit_mixed_odd_21138144,/scratch/users/jdehoney/eqnn_thesis/data/noisy_comparisons/qiskit_mixed_odd_21138144/noise_depolarizing_n9,qiskit_mixed,su2_qcnn,9,12,10,1,depolarizing,0.05,/scratch/users/jdehoney/eqnn_thesis/data/noisy_comparisons/qiskit_mixed_odd_21138144/noise_depolarizing_n9/qiskit_mixed/su2_qcnn/n9/train_size_12/epochs_10/noise_depolarizing_0p05/seed_1,/scratch/users/jdehoney/eqnn_thesis/data/noisy_comparisons/qiskit_mixed_odd_21138144/noise_depolarizing_n9/qiskit_mixed/su2_qcnn/n9/train_size_12/epochs_10/noise_depolarizing_0p05/seed_1/metrics.json,completed,,,,,,,,0.5097480426232412,,,,,
/scratch/users/jdehoney/eqnn_thesis/data/noisy_comparisons/qiskit_mixed_odd_21032705,/scratch/users/jdehoney/eqnn_thesis/data/noisy_comparisons/qiskit_mixed_odd_21032705/noise_depolarizing_n9,qiskit_mixed,su2_qcnn,9,12,10,2,depolarizing,0.05,/scratch/users/jdehoney/eqnn_thesis/data/noisy_comparisons/qiskit_mixed_odd_21032705/noise_depolarizing_n9/qiskit_mixed/su2_qcnn/n9/train_size_12/epochs_10/noise_depolarizing_0p05/seed_2,/scratch/users/jdehoney/eqnn_thesis/data/noisy_comparisons/qiskit_mixed_odd_21032705/noise_depolarizing_n9/qiskit_mixed/su2_qcnn/n9/train_size_12/epochs_10/noise_depolarizing_0p05/seed_2/metrics.json,completed,,,,,,,,0.5108511616864346,,,,,
/scratch/users/jdehoney/eqnn_thesis/data/noisy_comparisons/qiskit_mixed_odd_21138144,/scratch/users/jdehoney/eqnn_thesis/data/noisy_comparisons/qiskit_mixed_odd_21138144/noise_depolarizing_n9,qiskit_mixed,su2_qcnn,9,12,10,2,depolarizing,0.05,/scratch/users/jdehoney/eqnn_thesis/data/noisy_comparisons/qiskit_mixed_odd_21138144/noise_depolarizing_n9/qiskit_mixed/su2_qcnn/n9/train_size_12/epochs_10/noise_depolarizing_0p05/seed_2,/scratch/users/jdehoney/eqnn_thesis/data/noisy_comparisons/qiskit_mixed_odd_21138144/noise_depolarizing_n9/qiskit_mixed/su2_qcnn/n9/train_size_12/epochs_10/noise_depolarizing_0p05/seed_2/metrics.json,completed,,,,,,,,0.5108511616864346,,,,,
/scratch/users/jdehoney/eqnn_thesis/data/noisy_comparisons/qiskit_mixed_odd_21032705,/scratch/users/jdehoney/eqnn_thesis/data/noisy_comparisons/qiskit_mixed_odd_21032705/noise_depolarizing_n9,qiskit_mixed,su2_qcnn,9,12,10,0,depolarizing,0.1,/scratch/users/jdehoney/eqnn_thesis/data/noisy_comparisons/qiskit_mixed_odd_21032705/noise_depolarizing_n9/qiskit_mixed/su2_qcnn/n9/train_size_12/epochs_10/noise_depolarizing_0p1/seed_0,/scratch/users/jdehoney/eqnn_thesis/data/noisy_comparisons/qiskit_mixed_odd_21032705/noise_depolarizing_n9/qiskit_mixed/su2_qcnn/n9/train_size_12/epochs_10/noise_depolarizing_0p1/seed_0/metrics.json,completed,,,,,,,,0.6575942450577407,,,,,
/scratch/users/jdehoney/eqnn_thesis/data/noisy_comparisons/qiskit_mixed_odd_21138144,/scratch/users/jdehoney/eqnn_thesis/data/noisy_comparisons/qiskit_mixed_odd_21138144/noise_depolarizing_n9,qiskit_mixed,su2_qcnn,9,12,10,0,depolarizing,0.1,/scratch/users/jdehoney/eqnn_thesis/data/noisy_comparisons/qiskit_mixed_odd_21138144/noise_depolarizing_n9/qiskit_mixed/su2_qcnn/n9/train_size_12/epochs_10/noise_depolarizing_0p1/seed_0,/scratch/users/jdehoney/eqnn_thesis/data/noisy_comparisons/qiskit_mixed_odd_21138144/noise_depolarizing_n9/qiskit_mixed/su2_qcnn/n9/train_size_12/epochs_10/noise_depolarizing_0p1/seed_0/metrics.json,completed,,,,,,,,0.6575942450577407,,,,,
/scratch/users/jdehoney/eqnn_thesis/data/noisy_comparisons/qiskit_mixed_odd_21032705,/scratch/users/jdehoney/eqnn_thesis/data/noisy_comparisons/qiskit_mixed_odd_21032705/noise_depolarizing_n9,qiskit_mixed,su2_qcnn,9,12,10,1,depolarizing,0.1,/scratch/users/jdehoney/eqnn_thesis/data/noisy_comparisons/qiskit_mixed_odd_21032705/noise_depolarizing_n9/qiskit_mixed/su2_qcnn/n9/train_size_12/epochs_10/noise_depolarizing_0p1/seed_1,/scratch/users/jdehoney/eqnn_thesis/data/noisy_comparisons/qiskit_mixed_odd_21032705/noise_depolarizing_n9/qiskit_mixed/su2_qcnn/n9/train_size_12/epochs_10/noise_depolarizing_0p1/seed_1/metrics.json,completed,,,,,,,,0.6586333150062653,,,,,
/scratch/users/jdehoney/eqnn_thesis/data/noisy_comparisons/qiskit_mixed_odd_21138144,/scratch/users/jdehoney/eqnn_thesis/data/noisy_comparisons/qiskit_mixed_odd_21138144/noise_depolarizing_n9,qiskit_mixed,su2_qcnn,9,12,10,1,depolarizing,0.1,/scratch/users/jdehoney/eqnn_thesis/data/noisy_comparisons/qiskit_mixed_odd_21138144/noise_depolarizing_n9/qiskit_mixed/su2_qcnn/n9/train_size_12/epochs_10/noise_depolarizing_0p1/seed_1,/scratch/users/jdehoney/eqnn_thesis/data/noisy_comparisons/qiskit_mixed_odd_21138144/noise_depolarizing_n9/qiskit_mixed/su2_qcnn/n9/train_size_12/epochs_10/noise_depolarizing_0p1/seed_1/metrics.json,completed,,,,,,,,0.6586333150062653,,,,,
/scratch/users/jdehoney/eqnn_thesis/data/noisy_comparisons/qiskit_mixed_odd_21032705,/scratch/users/jdehoney/eqnn_thesis/data/noisy_comparisons/qiskit_mixed_odd_21032705/noise_depolarizing_n9,qiskit_mixed,su2_qcnn,9,12,10,2,depolarizing,0.1,/scratch/users/jdehoney/eqnn_thesis/data/noisy_comparisons/qiskit_mixed_odd_21032705/noise_depolarizing_n9/qiskit_mixed/su2_qcnn/n9/train_size_12/epochs_10/noise_depolarizing_0p1/seed_2,/scratch/users/jdehoney/eqnn_thesis/data/noisy_comparisons/qiskit_mixed_odd_21032705/noise_depolarizing_n9/qiskit_mixed/su2_qcnn/n9/train_size_12/epochs_10/noise_depolarizing_0p1/seed_2/metrics.json,completed,,,,,,,,0.6589389319181451,,,,,
/scratch/users/jdehoney/eqnn_thesis/data/noisy_comparisons/qiskit_mixed_odd_21138144,/scratch/users/jdehoney/eqnn_thesis/data/noisy_comparisons/qiskit_mixed_odd_21138144/noise_depolarizing_n9,qiskit_mixed,su2_qcnn,9,12,10,2,depolarizing,0.1,/scratch/users/jdehoney/eqnn_thesis/data/noisy_comparisons/qiskit_mixed_odd_21138144/noise_depolarizing_n9/qiskit_mixed/su2_qcnn/n9/train_size_12/epochs_10/noise_depolarizing_0p1/seed_2,/scratch/users/jdehoney/eqnn_thesis/data/noisy_comparisons/qiskit_mixed_odd_21138144/noise_depolarizing_n9/qiskit_mixed/su2_qcnn/n9/train_size_12/epochs_10/noise_depolarizing_0p1/seed_2/metrics.json,completed,,,,,,,,0.6589389319181451,,,,,
/scratch/users/jdehoney/eqnn_thesis/data/noisy_comparisons/qiskit_mixed_odd_21032705,/scratch/users/jdehoney/eqnn_thesis/data/noisy_comparisons/qiskit_mixed_odd_21032705/noise_depolarizing_n9,qiskit_mixed,su2_qcnn,9,16,10,0,depolarizing,0.0,/scratch/users/jdehoney/eqnn_thesis/data/noisy_comparisons/qiskit_mixed_odd_21032705/noise_depolarizing_n9/qiskit_mixed/su2_qcnn/n9/train_size_16/epochs_10/noise_depolarizing_0/seed_0,/scratch/users/jdehoney/eqnn_thesis/data/noisy_comparisons/qiskit_mixed_odd_21032705/noise_depolarizing_n9/qiskit_mixed/su2_qcnn/n9/train_size_16/epochs_10/noise_depolarizing_0/seed_0/metrics.json,completed,,,,,,,,0.3469954907949601,,,,,
/scratch/users/jdehoney/eqnn_thesis/data/noisy_comparisons/qiskit_mixed_odd_21138144,/scratch/users/jdehoney/eqnn_thesis/data/noisy_comparisons/qiskit_mixed_odd_21138144/noise_depolarizing_n9,qiskit_mixed,su2_qcnn,9,16,10,0,depolarizing,0.0,/scratch/users/jdehoney/eqnn_thesis/data/noisy_comparisons/qiskit_mixed_odd_21138144/noise_depolarizing_n9/qiskit_mixed/su2_qcnn/n9/train_size_16/epochs_10/noise_depolarizing_0/seed_0,/scratch/users/jdehoney/eqnn_thesis/data/noisy_comparisons/qiskit_mixed_odd_21138144/noise_depolarizing_n9/qiskit_mixed/su2_qcnn/n9/train_size_16/epochs_10/noise_depolarizing_0/seed_0/metrics.json,completed,,,,,,,,0.3469954907949601,,,,,
/scratch/users/jdehoney/eqnn_thesis/data/noisy_comparisons/qiskit_mixed_odd_21032705,/scratch/users/jdehoney/eqnn_thesis/data/noisy_comparisons/qiskit_mixed_odd_21032705/noise_depolarizing_n9,qiskit_mixed,su2_qcnn,9,16,10,1,depolarizing,0.0,/scratch/users/jdehoney/eqnn_thesis/data/noisy_comparisons/qiskit_mixed_odd_21032705/noise_depolarizing_n9/qiskit_mixed/su2_qcnn/n9/train_size_16/epochs_10/noise_depolarizing_0/seed_1,/scratch/users/jdehoney/eqnn_thesis/data/noisy_comparisons/qiskit_mixed_odd_21032705/noise_depolarizing_n9/qiskit_mixed/su2_qcnn/n9/train_size_16/epochs_10/noise_depolarizing_0/seed_1/metrics.json,completed,,,,,,,,0.3476581171617157,,,,,
/scratch/users/jdehoney/eqnn_thesis/data/noisy_comparisons/qiskit_mixed_odd_21138144,/scratch/users/jdehoney/eqnn_thesis/data/noisy_comparisons/qiskit_mixed_odd_21138144/noise_depolarizing_n9,qiskit_mixed,su2_qcnn,9,16,10,1,depolarizing,0.0,/scratch/users/jdehoney/eqnn_thesis/data/noisy_comparisons/qiskit_mixed_odd_21138144/noise_depolarizing_n9/qiskit_mixed/su2_qcnn/n9/train_size_16/epochs_10/noise_depolarizing_0/seed_1,/scratch/users/jdehoney/eqnn_thesis/data/noisy_comparisons/qiskit_mixed_odd_21138144/noise_depolarizing_n9/qiskit_mixed/su2_qcnn/n9/train_size_16/epochs_10/noise_depolarizing_0/seed_1/metrics.json,completed,,,,,,,,0.3476581171617157,,,,,
/scratch/users/jdehoney/eqnn_thesis/data/noisy_comparisons/qiskit_mixed_odd_21032705,/scratch/users/jdehoney/eqnn_thesis/data/noisy_comparisons/qiskit_mixed_odd_21032705/noise_depolarizing_n9,qiskit_mixed,su2_qcnn,9,16,10,2,depolarizing,0.0,/scratch/users/jdehoney/eqnn_thesis/data/noisy_comparisons/qiskit_mixed_odd_21032705/noise_depolarizing_n9/qiskit_mixed/su2_qcnn/n9/train_size_16/epochs_10/noise_depolarizing_0/seed_2,/scratch/users/jdehoney/eqnn_thesis/data/noisy_comparisons/qiskit_mixed_odd_21032705/noise_depolarizing_n9/qiskit_mixed/su2_qcnn/n9/train_size_16/epochs_10/noise_depolarizing_0/seed_2/metrics.json,completed,,,,,,,,0.45285269033213454,,,,,
/scratch/users/jdehoney/eqnn_thesis/data/noisy_comparisons/qiskit_mixed_odd_21138144,/scratch/users/jdehoney/eqnn_thesis/data/noisy_comparisons/qiskit_mixed_odd_21138144/noise_depolarizing_n9,qiskit_mixed,su2_qcnn,9,16,10,2,depolarizing,0.0,/scratch/users/jdehoney/eqnn_thesis/data/noisy_comparisons/qiskit_mixed_odd_21138144/noise_depolarizing_n9/qiskit_mixed/su2_qcnn/n9/train_size_16/epochs_10/noise_depolarizing_0/seed_2,/scratch/users/jdehoney/eqnn_thesis/data/noisy_comparisons/qiskit_mixed_odd_21138144/noise_depolarizing_n9/qiskit_mixed/su2_qcnn/n9/train_size_16/epochs_10/noise_depolarizing_0/seed_2/metrics.json,completed,,,,,,,,0.45285269033213454,,,,,
/scratch/users/jdehoney/eqnn_thesis/data/noisy_comparisons/qiskit_mixed_odd_21138144,/scratch/users/jdehoney/eqnn_thesis/data/noisy_comparisons/qiskit_mixed_odd_21138144/noise_depolarizing_n9,qiskit_mixed,su2_qcnn,9,16,10,0,depolarizing,0.001,/scratch/users/jdehoney/eqnn_thesis/data/noisy_comparisons/qiskit_mixed_odd_21138144/noise_depolarizing_n9/qiskit_mixed/su2_qcnn/n9/train_size_16/epochs_10/noise_depolarizing_0p001/seed_0,/scratch/users/jdehoney/eqnn_thesis/data/noisy_comparisons/qiskit_mixed_odd_21138144/noise_depolarizing_n9/qiskit_mixed/su2_qcnn/n9/train_size_16/epochs_10/noise_depolarizing_0p001/seed_0/metrics.json,completed,,,,,,,,0.34799805834313235,,,,,
/scratch/users/jdehoney/eqnn_thesis/data/noisy_comparisons/qiskit_mixed_odd_21138144,/scratch/users/jdehoney/eqnn_thesis/data/noisy_comparisons/qiskit_mixed_odd_21138144/noise_depolarizing_n9,qiskit_mixed,su2_qcnn,9,16,10,1,depolarizing,0.001,/scratch/users/jdehoney/eqnn_thesis/data/noisy_comparisons/qiskit_mixed_odd_21138144/noise_depolarizing_n9/qiskit_mixed/su2_qcnn/n9/train_size_16/epochs_10/noise_depolarizing_0p001/seed_1,/scratch/users/jdehoney/eqnn_thesis/data/noisy_comparisons/qiskit_mixed_odd_21138144/noise_depolarizing_n9/qiskit_mixed/su2_qcnn/n9/train_size_16/epochs_10/noise_depolarizing_0p001/seed_1/metrics.json,completed,,,,,,,,0.34594218885815037,,,,,
/scratch/users/jdehoney/eqnn_thesis/data/noisy_comparisons/qiskit_mixed_odd_21138144,/scratch/users/jdehoney/eqnn_thesis/data/noisy_comparisons/qiskit_mixed_odd_21138144/noise_depolarizing_n9,qiskit_mixed,su2_qcnn,9,16,10,2,depolarizing,0.001,/scratch/users/jdehoney/eqnn_thesis/data/noisy_comparisons/qiskit_mixed_odd_21138144/noise_depolarizing_n9/qiskit_mixed/su2_qcnn/n9/train_size_16/epochs_10/noise_depolarizing_0p001/seed_2,/scratch/users/jdehoney/eqnn_thesis/data/noisy_comparisons/qiskit_mixed_odd_21138144/noise_depolarizing_n9/qiskit_mixed/su2_qcnn/n9/train_size_16/epochs_10/noise_depolarizing_0p001/seed_2/metrics.json,completed,,,,,,,,0.45598198488574015,,,,,
/scratch/users/jdehoney/eqnn_thesis/data/noisy_comparisons/qiskit_mixed_odd_21138144,/scratch/users/jdehoney/eqnn_thesis/data/noisy_comparisons/qiskit_mixed_odd_21138144/noise_depolarizing_n9,qiskit_mixed,su2_qcnn,9,16,10,0,depolarizing,0.005,/scratch/users/jdehoney/eqnn_thesis/data/noisy_comparisons/qiskit_mixed_odd_21138144/noise_depolarizing_n9/qiskit_mixed/su2_qcnn/n9/train_size_16/epochs_10/noise_depolarizing_0p005/seed_0,/scratch/users/jdehoney/eqnn_thesis/data/noisy_comparisons/qiskit_mixed_odd_21138144/noise_depolarizing_n9/qiskit_mixed/su2_qcnn/n9/train_size_16/epochs_10/noise_depolarizing_0p005/seed_0/metrics.json,completed,,,,,,,,0.34464586262586716,,,,,
/scratch/users/jdehoney/eqnn_thesis/data/noisy_comparisons/qiskit_mixed_odd_21138144,/scratch/users/jdehoney/eqnn_thesis/data/noisy_comparisons/qiskit_mixed_odd_21138144/noise_depolarizing_n9,qiskit_mixed,su2_qcnn,9,16,10,1,depolarizing,0.005,/scratch/users/jdehoney/eqnn_thesis/data/noisy_comparisons/qiskit_mixed_odd_21138144/noise_depolarizing_n9/qiskit_mixed/su2_qcnn/n9/train_size_16/epochs_10/noise_depolarizing_0p005/seed_1,/scratch/users/jdehoney/eqnn_thesis/data/noisy_comparisons/qiskit_mixed_odd_21138144/noise_depolarizing_n9/qiskit_mixed/su2_qcnn/n9/train_size_16/epochs_10/noise_depolarizing_0p005/seed_1/metrics.json,completed,,,,,,,,0.34083659466096294,,,,,
/scratch/users/jdehoney/eqnn_thesis/data/noisy_comparisons/qiskit_mixed_odd_21138144,/scratch/users/jdehoney/eqnn_thesis/data/noisy_comparisons/qiskit_mixed_odd_21138144/noise_depolarizing_n9,qiskit_mixed,su2_qcnn,9,16,10,2,depolarizing,0.005,/scratch/users/jdehoney/eqnn_thesis/data/noisy_comparisons/qiskit_mixed_odd_21138144/noise_depolarizing_n9/qiskit_mixed/su2_qcnn/n9/train_size_16/epochs_10/noise_depolarizing_0p005/seed_2,/scratch/users/jdehoney/eqnn_thesis/data/noisy_comparisons/qiskit_mixed_odd_21138144/noise_depolarizing_n9/qiskit_mixed/su2_qcnn/n9/train_size_16/epochs_10/noise_depolarizing_0p005/seed_2/metrics.json,completed,,,,,,,,0.46794767854423935,,,,,
/scratch/users/jdehoney/eqnn_thesis/data/noisy_comparisons/qiskit_mixed_odd_21138144,/scratch/users/jdehoney/eqnn_thesis/data/noisy_comparisons/qiskit_mixed_odd_21138144/noise_depolarizing_n9,qiskit_mixed,su2_qcnn,9,16,10,0,depolarizing,0.01,/scratch/users/jdehoney/eqnn_thesis/data/noisy_comparisons/qiskit_mixed_odd_21138144/noise_depolarizing_n9/qiskit_mixed/su2_qcnn/n9/train_size_16/epochs_10/noise_depolarizing_0p01/seed_0,/scratch/users/jdehoney/eqnn_thesis/data/noisy_comparisons/qiskit_mixed_odd_21138144/noise_depolarizing_n9/qiskit_mixed/su2_qcnn/n9/train_size_16/epochs_10/noise_depolarizing_0p01/seed_0/metrics.json,completed,,,,,,,,0.33639281387972936,,,,,
