{
  "experiment.build_model": {
    "count": 3,
    "mean_seconds": 0.00021591068555911383,
    "total_seconds": 0.0006477320566773415
  },
  "experiment.build_trainer": {
    "count": 3,
    "mean_seconds": 3.307126462459564e-06,
    "total_seconds": 9.921379387378693e-06
  },
  "experiment.final_test_evaluate": {
    "count": 3,
    "mean_seconds": 1.8614798169583082,
    "total_seconds": 5.584439450874925
  },
  "experiment.final_train_evaluate": {
    "count": 3,
    "mean_seconds": 0.22308973191926876,
    "total_seconds": 0.6692691957578063
  },
  "experiment.prepare_output_dir": {
    "count": 3,
    "mean_seconds": 0.0013984994341929753,
    "total_seconds": 0.004195498302578926
  },
  "experiment.test_predict": {
    "count": 3,
    "mean_seconds": 1.2407532359162967,
    "total_seconds": 3.72225970774889
  },
  "experiment.train_fit": {
    "count": 3,
    "mean_seconds": 278.7024397213633,
    "total_seconds": 836.1073191640899
  },
  "experiment.train_predict": {
    "count": 3,
    "mean_seconds": 0.14915163628757,
    "total_seconds": 0.44745490886271
  },
  "experiment.write_artifacts": {
    "count": 3,
    "mean_seconds": 0.008317764848470688,
    "total_seconds": 0.024953294545412064
  },
  "io.save_dataset_bundle": {
    "count": 2,
    "mean_seconds": 0.031092608347535133,
    "total_seconds": 0.06218521669507027
  },
  "paper.aggregate_train_size": {
    "count": 1,
    "mean_seconds": 0.01929777953773737,
    "total_seconds": 0.01929777953773737
  },
  "paper.cache.dataset_generate": {
    "count": 1,
    "mean_seconds": 0.6828365679830313,
    "total_seconds": 0.6828365679830313
  },
  "paper.cache.dataset_save": {
    "count": 1,
    "mean_seconds": 0.036369564011693,
    "total_seconds": 0.036369564011693
  },
  "paper.dataset.acquire": {
    "count": 1,
    "mean_seconds": 0.72067956533283,
    "total_seconds": 0.72067956533283
  },
  "paper.dataset.diagnostics": {
    "count": 112,
    "mean_seconds": 0.0019076889563751007,
    "total_seconds": 0.2136611631140113
  },
  "paper.dataset.ground_state": {
    "count": 112,
    "mean_seconds": 0.0040865121326143184,
    "total_seconds": 0.4576893588528037
  },
  "paper.dataset.ratio_grid": {
    "count": 1,
    "mean_seconds": 0.007114876061677933,
    "total_seconds": 0.007114876061677933
  },
  "paper.dataset.save_output_copy": {
    "count": 1,
    "mean_seconds": 0.025873364880681038,
    "total_seconds": 0.025873364880681038
  },
  "paper.dataset.test_split": {
    "count": 1,
    "mean_seconds": 0.49380175955593586,
    "total_seconds": 0.49380175955593586
  },
  "paper.dataset.total": {
    "count": 1,
    "mean_seconds": 0.6828054450452328,
    "total_seconds": 0.6828054450452328
  },
  "paper.dataset.train_split": {
    "count": 1,
    "mean_seconds": 0.18095972947776318,
    "total_seconds": 0.18095972947776318
  },
  "paper.output.prepare_root": {
    "count": 1,
    "mean_seconds": 0.002417381852865219,
    "total_seconds": 0.002417381852865219
  },
  "paper.run_single_experiment": {
    "count": 3,
    "mean_seconds": 282.2071712914233,
    "total_seconds": 846.62151387427
  },
  "paper.write_config": {
    "count": 1,
    "mean_seconds": 0.002501332201063633,
    "total_seconds": 0.002501332201063633
  },
  "paper.write_runs_json": {
    "count": 1,
    "mean_seconds": 0.002094474621117115,
    "total_seconds": 0.002094474621117115
  },
  "paper.write_summary_csv": {
    "count": 1,
    "mean_seconds": 0.0022563403472304344,
    "total_seconds": 0.0022563403472304344
  },
  "paper.write_summary_json": {
    "count": 1,
    "mean_seconds": 0.0021216683089733124,
    "total_seconds": 0.0021216683089733124
  },
  "train.backward_gradient": {
    "count": 13500,
    "mean_seconds": 0.021391746886212516,
    "total_seconds": 288.788582963869
  },
  "train.epoch_evaluate": {
    "count": 2250,
    "mean_seconds": 0.22924639937323002,
    "total_seconds": 515.8043985897675
  },
  "train.forward_loss": {
    "count": 2259,
    "mean_seconds": 0.07609300316328323,
    "total_seconds": 171.8940941458568
  },
  "train.forward_predict": {
    "count": 2259,
    "mean_seconds": 0.0776764109673827,
    "total_seconds": 175.4710123753175
  },
  "train.forward_predict_labels": {
    "count": 2259,
    "mean_seconds": 0.07756389044027326,
    "total_seconds": 175.21682850457728
  },
  "train.initial_evaluate": {
    "count": 3,
    "mean_seconds": 0.23249211627990007,
    "total_seconds": 0.6974763488397002
  },
  "train.optimizer_step": {
    "count": 13500,
    "mean_seconds": 4.223825368616316e-05,
    "total_seconds": 0.5702164247632027
  },
  "train.threshold_update": {
    "count": 2250,
    "mean_seconds": 0.013128025798334015,
    "total_seconds": 29.538058046251535
  }
}
