{
  "experiment.build_model": {
    "count": 3,
    "mean_seconds": 0.0001280078043540319,
    "total_seconds": 0.00038402341306209564
  },
  "experiment.build_trainer": {
    "count": 3,
    "mean_seconds": 1.7667189240455627e-06,
    "total_seconds": 5.300156772136688e-06
  },
  "experiment.final_test_evaluate": {
    "count": 3,
    "mean_seconds": 2.1704619356120625,
    "total_seconds": 6.511385806836188
  },
  "experiment.final_train_evaluate": {
    "count": 3,
    "mean_seconds": 0.08688291410605113,
    "total_seconds": 0.2606487423181534
  },
  "experiment.prepare_output_dir": {
    "count": 3,
    "mean_seconds": 0.0009898906573653221,
    "total_seconds": 0.0029696719720959663
  },
  "experiment.test_predict": {
    "count": 3,
    "mean_seconds": 4.334225136786699,
    "total_seconds": 13.002675410360098
  },
  "experiment.train_fit": {
    "count": 3,
    "mean_seconds": 338.39676060186076,
    "total_seconds": 1015.1902818055823
  },
  "experiment.train_predict": {
    "count": 3,
    "mean_seconds": 0.17335732622692981,
    "total_seconds": 0.5200719786807895
  },
  "experiment.write_artifacts": {
    "count": 3,
    "mean_seconds": 0.005660686331490676,
    "total_seconds": 0.016982058994472027
  },
  "io.load_dataset_bundle": {
    "count": 1,
    "mean_seconds": 0.0270456001162529,
    "total_seconds": 0.0270456001162529
  },
  "io.save_dataset_bundle": {
    "count": 1,
    "mean_seconds": 0.02555221412330866,
    "total_seconds": 0.02555221412330866
  },
  "paper.aggregate_train_size": {
    "count": 1,
    "mean_seconds": 0.007925204001367092,
    "total_seconds": 0.007925204001367092
  },
  "paper.cache.dataset_load": {
    "count": 1,
    "mean_seconds": 0.027058634907007217,
    "total_seconds": 0.027058634907007217
  },
  "paper.dataset.acquire": {
    "count": 1,
    "mean_seconds": 0.027748573571443558,
    "total_seconds": 0.027748573571443558
  },
  "paper.dataset.save_output_copy": {
    "count": 1,
    "mean_seconds": 0.025565299205482006,
    "total_seconds": 0.025565299205482006
  },
  "paper.output.prepare_root": {
    "count": 1,
    "mean_seconds": 0.0013713743537664413,
    "total_seconds": 0.0013713743537664413
  },
  "paper.run_single_experiment": {
    "count": 3,
    "mean_seconds": 345.1847929044937,
    "total_seconds": 1035.5543787134811
  },
  "paper.write_config": {
    "count": 1,
    "mean_seconds": 0.002704467624425888,
    "total_seconds": 0.002704467624425888
  },
  "paper.write_runs_json": {
    "count": 1,
    "mean_seconds": 0.0014019720256328583,
    "total_seconds": 0.0014019720256328583
  },
  "paper.write_summary_csv": {
    "count": 1,
    "mean_seconds": 0.0013545416295528412,
    "total_seconds": 0.0013545416295528412
  },
  "paper.write_summary_json": {
    "count": 1,
    "mean_seconds": 0.0013597020879387856,
    "total_seconds": 0.0013597020879387856
  },
  "train.backward_gradient": {
    "count": 4500,
    "mean_seconds": 0.13036144195497035,
    "total_seconds": 586.6264887973666
  },
  "train.epoch_evaluate": {
    "count": 2250,
    "mean_seconds": 0.12587687718744078,
    "total_seconds": 283.2229736717418
  },
  "train.forward_loss": {
    "count": 2259,
    "mean_seconds": 1.898476538166318e-05,
    "total_seconds": 0.042886584997177124
  },
  "train.forward_predict": {
    "count": 2259,
    "mean_seconds": 0.12889618879071163,
    "total_seconds": 291.1764904782176
  },
  "train.initial_evaluate": {
    "count": 3,
    "mean_seconds": 0.44966027699410915,
    "total_seconds": 1.3489808309823275
  },
  "train.optimizer_step": {
    "count": 4500,
    "mean_seconds": 4.571395450168186e-05,
    "total_seconds": 0.20571279525756836
  },
  "train.threshold_update": {
    "count": 2250,
    "mean_seconds": 0.06377521677480803,
    "total_seconds": 143.49423774331808
  }
}
